food_code,name,category,data_source,water_g,energy_kcal,protein_g,fat_total_g,carbs_g,fiber_g,ash_g,calcium_mg,phosphorus_mg,iron_mg,sodium_mg,potassium_mg,copper_mg,zinc_mg,retinol_mcg,beta_carotene_mcg,carotene_total_mcg,thiamin_mg,riboflavin_mg,niacin_mg,vitamin_c_mg,edible_portion_pct,dash_score,dash_category
AR001,"Beras giling, mentah",Serealia,KZGMI-2001,12.0,357,8.4,1.7,77.1,0.2,0.8,147.0,81.0,1.8,27.0,71.0,0.1,0.5,0.0,0.0,0.0,0.2,0.08,2.6,0.0,100.0,43.5,Cukup
AR002,"Beras giling var pelita, mentah",Serealia,KZGPI- 1990,11.4,369,9.5,1.4,77.1,0.4,0.6,68.0,171.0,1.4,34.0,0.0,0.0,0.0,0.0,0.0,0.0,0.26,0.0,0.0,0.0,100.0,41.5,Cukup
AR003,"Beras giling var rojolele, mentah",Serealia,KZGPI- 1990,12.0,357,8.4,1.7,77.1,0.2,0.8,147.0,81.0,1.8,34.0,112.9,0.14,0.1,,0.0,80.0,0.2,0.02,1.5,0.0,100.0,43.7,Cukup
AR004,"Beras hitam, mentah",Serealia,KZGMI-2001,12.9,351,8.0,1.3,76.9,20.1,0.9,6.0,198.0,0.1,15.0,105.0,0.1,1.6,0.0,0.0,0.0,0.21,0.06,0.0,0.0,100.0,48.7,Cukup
AR005,"Beras jagung kuning, kering, mentah",Serealia,KZGMI-2001,10.8,358,5.5,0.1,82.7,10.0,0.9,20.0,90.0,1.4,1.0,80.0,0.1,4.1,,641.0,,0.12,0.08,1.0,3.0,100.0,44.8,Cukup
AR006,"Beras jagung putih, kering, mentah",Serealia,KZGMI-2001,22.5,307,4.8,0.1,71.8,10.0,0.8,17.0,78.0,1.2,1.0,70.0,0.1,3.5,,301.0,,0.15,0.07,0.9,0.0,100.0,44.7,Cukup
AR007,"Beras ketan hitam tumbuk, mentah",Serealia,KZGPI- 1990,13.7,360,8.0,2.3,74.5,1.0,1.5,10.0,347.0,6.2,11.0,288.0,0.28,2.2,0.0,0.0,0.0,0.24,0.1,2.0,0.0,100.0,42.4,Cukup
AR008,"Beras ketan putih tumbuk, mentah",Serealia,KZGPI- 1990,12.9,361,7.4,0.8,78.4,0.4,0.5,13.0,157.0,3.4,3.0,282.0,0.28,2.2,0.0,0.0,0.0,0.28,0.0,1.4,0.0,100.0,42.2,Cukup
AR009,"Beras ladang, mentah",Serealia,KZGMI-2001,9.8,376,7.5,3.8,78.0,5.9,0.9,20.0,110.0,0.8,10.0,70.0,0.1,1.4,0.0,0.0,,0.2,0.2,5.1,0.0,100.0,43.2,Cukup
AR010,"Beras menir, mentah",Serealia,DABM-1964,12.0,362,7.7,4.4,73.0,0.2,0.2,22.0,272.0,3.7,90.0,201.0,0.1,0.5,0.0,0.0,,0.55,0.0,1.9,0.0,100.0,41.8,Cukup
AR011,Beras parboiled,Serealia,DABM-1964,10.0,353,6.8,0.6,80.0,0.5,2.5,5.0,142.0,0.8,2.0,46.0,0.28,1.0,0.0,0.0,,0.22,0.11,3.4,0.0,100.0,40.6,Cukup
AR012,"Beras tumbuk, mentah",Serealia,KZGMI-2001,11.5,354,7.8,0.4,79.9,3.8,0.4,3.0,112.0,0.6,5.0,85.0,0.5,1.5,0.0,0.0,,0.25,0.22,5.1,0.0,100.0,42.1,Cukup
AR013,"Beras tumbuk merah, mentah",Serealia,KZGPI- 1990,14.6,352,7.3,0.9,76.2,0.8,1.0,15.0,257.0,4.2,10.0,202.0,0.36,1.9,0.0,0.0,0.0,0.34,0.0,3.3,0.0,100.0,41.9,Cukup
AR014,"Cantel, mentah",Serealia,DABM-1964,11.0,366,11.0,3.3,73.0,1.2,1.7,28.0,287.0,4.4,7.0,249.0,,,0.0,0.0,,0.09,0.14,2.8,0.0,100.0,42.6,Cukup
AR015,"Jagung muda, kuning, mentah",Serealia,KZGPI- 1990,61.8,147,5.1,0.7,31.5,1.3,0.9,6.0,122.0,1.1,5.0,33.6,0.13,0.9,0.0,113.0,261.0,0.24,0.1,0.8,9.0,100.0,40.8,Cukup
AR016,"Jagung kuning pipil, kering, mentah",Serealia,KZGPI- 1990,11.5,366,9.8,7.3,69.1,2.2,2.4,30.0,538.0,2.3,5.0,79.4,0.1,4.1,,636.0,641.0,0.12,0.12,1.8,3.0,100.0,42.0,Cukup
AR017,"Jagung pipil var, harapan, kering",Serealia,KZGPI- 1990,11.3,367,6.2,5.1,76.2,2.6,1.2,7.0,354.0,2.8,1.0,79.6,0.1,4.1,,637.0,385.0,0.19,0.08,1.0,0.0,100.0,41.7,Cukup
AR018,"Jagung pipil var, metro, kering",Serealia,KZGPI- 1990,10.6,368,5.5,4.6,78.0,2.9,1.3,7.0,300.0,2.4,1.0,80.2,0.1,4.1,,642.0,554.0,0.16,,,100.0,,41.8,Cukup
AR019,"Jali, mentah",Serealia,DABM-1964,23.0,324,11.0,4.0,61.0,3.1,1.0,213.0,176.0,,24.0,70.0,0.1,0.4,,,,0.14,,,90.0,,45.9,Cukup
AR020,"Jawawut, mentah",Serealia,DABM-1964,11.9,364,9.7,3.5,73.4,8.2,1.5,28.0,311.0,5.3,7.0,255.1,0.45,1.5,,33.0,,0.33,,,100.0,,45.4,Cukup
AR021,"Jampang huma, mentah",Serealia,DABM-1964,11.7,350,6.2,1.4,78.2,1.7,2.5,329.0,254.0,5.3,53.0,396.7,0.7,1.6,,33.0,,0.51,,,100.0,,49.7,Cukup
AP001,Nasi,Serealia,KZGPI- 1990,56.7,180,3.0,0.3,39.8,0.2,0.2,25.0,27.0,0.4,1.0,38.0,0.1,0.6,0.0,0.0,,0.05,,,100.0,,40.8,Cukup
AP002,Nasi tim,Serealia,OKN-1992,71.0,120,2.4,0.4,26.0,0.5,0.2,3.0,7.0,0.4,0.0,23.9,0.1,0.4,,0.0,,0.1,,,100.0,,40.4,Cukup
AP003,"Beras, tapai",Serealia,KZGMI-2001,75.5,99,1.7,0.3,22.4,0.0,0.1,4.0,19.0,0.0,26.0,2.0,0.1,0.5,0.0,0.0,0.0,0.0,,,100.0,,40.1,Cukup
AP004,"Beras, tepung, mentah",Serealia,DABM-1964,12.0,353,7.0,0.5,80.0,2.4,0.5,5.0,140.0,0.8,5.0,241.0,0.1,0.8,0.0,0.0,0.0,0.12,,,100.0,,42.6,Cukup
AP005,"Beras merah, Nasi",Serealia,KZGPI- 1990,64.0,149,2.8,0.4,32.5,0.3,0.3,6.0,63.0,0.8,5.0,91.4,0.2,0.9,0.0,0.0,0.0,0.06,,,100.0,,40.8,Cukup
AP006,"Bihun, mentah",Serealia,DABM-1964,12.9,348,4.7,0.1,82.1,1.2,0.2,6.0,35.0,1.8,12.0,5.0,0.08,0.7,0.0,0.0,0.0,0.0,,,100.0,,40.6,Cukup
AP007,Bihun goreng instan,Serealia,KZGMS-1993,9.0,381,6.1,3.9,80.3,0.8,0.7,266.0,151.0,2.9,928.0,70.0,,,58.0,,400.0,0.37,,,100.0,,46.1,Cukup
AP008,"Bihun Jagung, mentah",Serealia,BKP,11.3,354,0.5,0.3,87.4,3.0,0.5,13.0,111.0,0.6,49.0,1.4,0.4,0.0,,0.0,0.0,0.02,,,100.0,,41.5,Cukup
AP009,"Jagung nasi, mentah",Serealia,BKP,11.0,357,8.8,0.5,79.5,6.2,0.3,5.0,43.0,0.6,2.0,30.4,0.1,0.3,,0.0,0.0,0.3,,,100.0,,42.7,Cukup
AP010,"Jagung muda, rebus",Serealia,KZGPI- 1990,53.2,142,5.0,0.7,30.3,0.8,0.8,5.0,105.0,0.8,5.0,24.3,0.2,0.9,,145.0,225.0,0.15,,,100.0,,40.6,Cukup
AP011,"Jagung kuning, tepung",Serealia,DABM-1964,12.0,355,9.2,3.9,73.7,7.2,1.2,10.0,256.0,2.4,11.0,24.4,0.23,1.7,,0.0,510.0,0.38,,,100.0,,43.2,Cukup
AP012,"Jagung kuning pipil, rebus",Serealia,KZGPI- 1990,63.7,154,3.8,3.5,28.4,0.7,0.6,7.0,171.0,0.5,5.0,56.4,0.1,4.4,,818.0,234.0,0.08,,,100.0,,40.8,Cukup
AP013,"Jagung, tepung putih",Serealia,DABM-1964,12.0,355,9.2,3.9,73.7,7.2,1.2,10.0,256.0,2.4,11.0,24.4,0.23,1.7,,0.0,0.0,0.38,,,100.0,,43.2,Cukup
AP014,"Ketan, ketupat",Serealia,KZGPI- 1990,52.0,212,4.0,4.6,38.6,0.2,0.9,8.0,46.0,1.0,4.1,70.0,,,0.0,0.0,0.0,0.07,,,100.0,,40.7,Cukup
AP015,"Ketan hitam, matang",Serealia,KZGPI- 1990,56.9,181,4.0,1.2,37.3,0.3,0.6,9.0,144.0,1.7,9.0,18.4,0.1,0.7,0.0,0.0,0.0,0.06,,,100.0,,40.4,Cukup
AP016,"Ketan hitam, tapai",Serealia,KZGPI- 1990,50.2,166,3.8,1.0,34.4,0.3,0.6,8.0,106.0,1.6,5.0,12.0,,,,,0.0,0.02,,,100.0,,40.4,Cukup
AP017,"Ketan putih, matang",Serealia,KZGPI- 1990,60.7,163,3.0,0.4,35.7,0.2,0.2,4.0,55.0,0.7,8.0,16.8,0.1,0.7,0.0,0.0,0.0,0.07,,,100.0,,40.3,Cukup
AP018,"Ketan putih, tapai",Serealia,KZGPI- 1990,58.9,172,3.0,0.5,37.5,0.6,0.1,6.0,35.0,0.5,1.0,70.0,,,0.0,0.0,0.0,0.04,,,100.0,,40.8,Cukup
AP019,"Maizena, tepung",Serealia,DABM-1964,14.0,341,0.3,0.0,85.0,7.0,0.7,20.0,30.0,1.5,6.0,9.0,0.22,1.6,0.0,0.0,0.0,0.0,,,100.0,,43.2,Cukup
AP020,"Makaroni, mentah",Serealia,DABM-1964,11.7,353,8.7,0.4,78.7,4.9,2.5,20.0,80.0,0.3,5.0,0.0,0.28,1.4,,,0.0,0.1,,,100.0,,42.3,Cukup
AP021,Mi basah,Serealia,DABM-1964,80.0,88,0.6,3.3,14.0,0.1,2.1,14.0,13.0,6.8,63.0,13.5,0.06,0.4,,0.0,,0.0,0.0,0.0,0.0,100.0,40.4,Cukup
AP022,Mi kering,Serealia,KZGPI- 1990,10.6,339,10.0,1.7,6.3,0.4,1.4,31.0,143.0,3.9,760.0,83.0,0.29,1.9,,,0.0,0.0,0.08,2.2,0.0,100.0,41.3,Cukup
AP023,Misoa,Serealia,KZGPI- 1990,10.0,345,8.5,2.2,78.0,0.5,1.3,52.0,120.0,8.7,3064.0,44.0,0.08,0.0,0.0,0.0,0.0,0.0,0.02,0.2,0.0,100.0,31.5,Perlu Perhatian
AP024,Roti putih,Serealia,DABM-1964,40.0,248,8.0,1.2,50.0,9.1,0.8,10.0,95.0,1.5,530.0,91.0,0.15,0.9,0.0,0.0,0.0,0.1,0.29,2.4,0.0,100.0,44.4,Cukup
AP025,Tepung terigu,Serealia,KZGPI- 1990,11.8,333,9.0,1.0,77.2,0.3,1.0,22.0,150.0,1.3,2.0,0.0,0.0,2.8,0.0,0.0,0.0,0.1,0.07,1.0,0.0,100.0,40.6,Cukup
AP029,Biskuit,Serealia,DABM-1964,2.2,458,6.9,14.4,75.1,2.1,1.4,62.0,87.0,2.7,241.0,20.3,0.16,0.6,0.0,14.0,,0.09,0.15,1.4,0.0,100.0,42.2,Cukup
AP030,"Bakpia, kue",Serealia,KZGPI- 1990,38.9,272,8.7,6.7,44.1,0.9,1.6,194.0,117.0,4.5,4.1,70.0,,,,,1392.0,0.31,1.0,2.9,0.0,100.0,44.7,Cukup
AP031,Bakwan,Serealia,KZGPI- 1990,40.5,280,8.2,10.2,39.0,3.4,2.1,204.0,79.0,7.0,4.1,70.0,,,0.0,,0.0,0.08,,,0.0,100.0,45.9,Cukup
AP032,Bantal,Serealia,KZGMI-2001,52.3,190,3.3,0.3,43.5,3.4,0.6,9.0,0.0,0.4,164.0,84.0,0.2,0.9,,,,0.27,0.02,3.6,,100.0,42.0,Cukup
AP034,Batar daan,Serealia,KZGMI-2001,75.3,107,2.2,2.2,19.6,0.8,0.7,20.0,30.0,0.6,4.1,90.0,0.1,,,,,0.18,0.02,,,100.0,41.3,Cukup
AP035,Bika ambon,Serealia,KZGPI- 1990,51.5,199,2.1,1.5,44.4,0.3,0.6,45.0,28.0,1.8,4.1,70.0,,,0.0,,408.0,0.1,,0.0,0.0,100.0,41.5,Cukup
AP038,Bolu peca,Serealia,KZGMI-2001,55.6,197,3.3,4.6,35.6,0.8,0.9,6.0,0.0,0.0,0.0,0.0,,,,,,,0.0,0.0,0.0,100.0,40.4,Cukup
AP039,Brem,Serealia,KZGPI-1990,37.4,249,3.4,0.4,58.0,0.0,0.9,198.0,86.0,2.0,4.1,70.0,,,0.0,,240.0,0.34,0.0,0.0,0.0,100.0,44.4,Cukup
AP040,Bubur tinotuan (Manado),Serealia,KZGMI-2001,80.9,156,2.3,0.2,15.6,8.2,1.0,41.0,20.0,0.4,486.0,164.0,0.3,0.4,,1437.0,,0.1,0.04,,15.0,100.0,45.1,Cukup
AP041,Cake tape,Serealia,KZGMI-2001,32.2,323,4.9,11.5,50.1,1.4,1.4,131.0,83.0,2.6,4.1,70.0,,,26.0,,1872.0,0.38,0.16,0.3,0.0,100.0,43.6,Cukup
AP043,Dodol bali,Serealia,KZGPI- 1990,26.5,298,3.7,2.1,65.9,0.4,1.8,70.0,76.0,2.5,4.1,70.0,,,0.0,0.0,496.0,0.28,,2.5,0.0,100.0,42.0,Cukup
AP044,Dodol galamai,Serealia,KZGMI-2001,16.5,348,0.4,3.8,76.1,0.5,1.2,41.0,144.0,2.6,38.0,76.0,0.3,2.1,0.0,0.0,0.0,0.03,0.06,1.8,0.0,100.0,41.5,Cukup
AP045,Dodol kedondong,Serealia,KZGPI- 1990,26.4,331,1.9,7.6,63.8,1.0,0.4,90.0,55.0,2.3,4.1,70.0,,,0.0,,408.0,0.11,,0.8,5.0,100.0,42.6,Cukup
AP072,Kue lumpur,Serealia,KZGMS-1993,40.1,291,3.6,11.1,44.1,0.8,,1.1,,,2.3,70.0,,,,20.0,,,,,,,40.8,Cukup
AP074,Kue putu cangkir,Serealia,KZGPI- 1990,32.6,304,5.3,7.0,54.9,0.9,,0.2,,,4.0,70.0,,,,0.0,,,,,,,40.8,Cukup
AP075,Kue sus,Serealia,KZGMS-1993,56.6,221,7.5,10.2,24.8,0.8,,0.9,,,2.5,70.0,,,,26.0,,,,,,,40.8,Cukup
AP076,Kue thipan,Serealia,KZGMI-2001,43.0,247,2.9,4.2,49.5,0.8,,0.4,,,1.8,70.0,,1.3,,,,,,,,,40.8,Cukup
AP078,Lapis legit,Serealia,KZGPI- 1990,21.3,389,6.6,15.7,55.5,0.5,,0.9,,,1.9,70.0,,,,41.0,,,,,0.09,,40.7,Cukup
AP079,Lupis ketan,Serealia,KZGPI- 1990,61.0,164,1.8,2.1,34.5,0.7,,0.6,,,1.5,70.0,,,,0.0,,,,,0.0,,40.7,Cukup
AP081,Martabak india,Serealia,KZGMI-2001,65.8,153,4.5,4.2,24.3,0.8,,1.2,,,2.4,70.0,,0.4,,,,,,,,,40.8,Cukup
AP082,Martabak mesir,Serealia,KZGMI-2001,40.2,278,5.1,8.6,45.0,0.8,,1.1,,,3.4,70.0,,0.2,,,,,,,,,40.8,Cukup
AP083,Masekat,Serealia,KZGMI-2001,15.6,369,2.1,7.0,74.1,4.0,,0.8,,,0.8,70.0,,0.4,,155.0,,,,,,,42.0,Cukup
AP084,Mie aceh rebus,Serealia,KZGMI-2001,74.6,113,3.0,3.2,18.1,0.8,,1.1,,,1.4,70.0,,0.2,,0.0,,,,,0.0,,40.8,Cukup
AP085,Mie ayam,Serealia,KZGMS-1993,78.6,102,6.2,3.9,10.5,0.8,,0.8,,,1.8,70.0,,,,39.0,,,,,,,40.8,Cukup
AP086,Mie bakso,Serealia,KZGMS-1993,74.5,114,5.3,3.0,16.4,0.1,,0.8,,,1.9,70.0,,,,17.0,,,,,,,40.5,Cukup
AP087,Mie celon,Serealia,KZGMI-2001,75.9,102,3.0,2.1,17.8,0.8,,1.2,,,1.4,70.0,,0.1,,0.0,,,,,0.0,,40.8,Cukup
AP088,Mie pangsit basah,Serealia,KZGMS-1993,79.2,105,5.9,4.9,9.4,0.8,,0.7,,,2.0,70.0,,,,25.0,,,,,,,40.8,Cukup
AP089,Nasi gemuk,Serealia,KZGMI-2001,61.4,192,3.8,8.8,24.4,0.7,,1.6,,,1.0,70.0,,0.2,,0.0,,,,,0.05,,40.7,Cukup
AP090,Nasi gurih,Serealia,KZGMI-2001,60.5,190,4.7,7.5,26.0,0.7,,1.3,,,0.8,70.0,,0.2,,0.0,,,,,0.06,,40.7,Cukup
AP091,Nasi minyak,Serealia,KZGMI-2001,53.3,207,3.5,5.0,37.1,0.8,,1.1,,,1.5,70.0,,0.2,,0.0,,,,,0.07,,40.8,Cukup
AP092,Nasi rames,Serealia,KZGMS-1993,65.8,155,10.3,4.2,19.1,0.8,,0.6,,,1.8,70.0,,,,96.0,,,,,0.0,,40.8,Cukup
AP093,Nopia spesial,Serealia,KZGPI- 1990,11.5,387,5.3,7.6,74.3,0.3,,1.3,,,4.2,70.0,,,,,,,,,,,40.6,Cukup
AP096,Pastel,Serealia,KZGMS-1993,38.3,307,4.5,13.3,42.4,0.8,,1.5,,,2.5,70.0,,,,0.0,,,,,,,40.8,Cukup
AP097,Pulut,Serealia,KZGMI-2001,49.1,216,2.6,3.1,44.4,0.8,,0.8,,,3.8,70.0,,0.4,,0.0,,,,,,,40.8,Cukup
AP098,Pundut nasi,Serealia,KZGMI-2001,77.8,104,1.9,4.1,15.1,0.4,,1.1,,,1.5,70.0,,0.0,,,,,,,,,40.6,Cukup
AP100,Putri selat,Serealia,KZGMI-2001,66.6,163,2.2,6.5,23.8,0.8,,0.9,,,4.0,70.0,,,,0.0,,,,,,,40.8,Cukup
AP102,Renggi goreng,Serealia,KZGMI-2001,8.8,471,4.7,21.8,64.1,6.4,,0.6,,,1.1,70.0,,0.9,,0.0,,,,,0.05,,43.0,Cukup
AP103,Roti boong,Serealia,KZGMI-2001,34.0,341,5.5,16.2,43.3,0.8,,1.0,,,1.1,70.0,,,,,,,,,0.3,,40.8,Cukup
AP104,Roti warna sawo matang,Serealia,DABM-1964,40.0,249,7.9,1.5,49.7,0.8,,0.9,,,2.5,70.0,,,,0.0,,,,,,,40.8,Cukup
AP105,Sarimuka,Serealia,KZGMI-2001,61.5,166,2.3,2.8,32.9,0.8,,0.5,,,2.0,70.0,,0.0,,,,,,,,,40.8,Cukup
AP106,Spaghetti,Serealia,KZGMS-1993,66.1,139,7.4,2.1,22.6,0.8,,2.1,,,4.7,70.0,,,,42.0,,,,,,,40.8,Cukup
AP109,Suwir-suwir,Serealia,KZGPI- 1990,13.4,347,0.5,0.9,84.2,0.8,,1.0,,,4.3,70.0,,,,1.0,,,,,,,40.8,Cukup
AP110,Tipa-tipa,Serealia,KZGPI- 1990,11.3,355,6.2,1.2,79.8,1.3,,1.5,,,1.6,70.0,,,,0.0,,,,,0.04,,41.0,Cukup
AP111,Wajit camilan,Serealia,KZGPI- 1990,27.1,303,6.3,2.7,63.3,6.9,,0.6,,,5.5,70.0,,,,0.0,,,,,,,43.2,Cukup
AP112,Widaran,Serealia,KZGPI- 1990,7.0,424,1.3,10.7,80.7,0.2,,0.3,,,2.5,70.0,,,,21.0,,,,,0.2,,40.5,Cukup
AP113,Wingko babat,Serealia,KZGPI- 1990,29.7,355,3.2,15.1,51.4,2.4,,0.7,,,1.1,70.0,,,,0.0,,,,,0.08,,41.4,Cukup
AP114,Yangko,Serealia,KZGPI- 1990,37.4,254,3.0,1.1,58.1,0.8,,0.4,,,2.6,70.0,,,,0.0,,,,,,,40.8,Cukup
BR001,"Arrowroot, segar",Umbi Berpati,KZGPI- 1990,73.5,102,1.0,0.2,24.1,1.7,1.2,28.0,35.0,1.7,1.6,36.0,,,0.8,15.0,0.0,0.06,0.1,2.3,2.0,,41.5,Cukup
BR002,"Batatas gembili, segar",Umbi Berpati,KZGMI-2001,76.7,76,1.1,0.9,16.0,4.2,0.7,0.0,40.0,0.2,1.6,10.0,,,0.3,0.0,0.0,0.06,0.0,0.9,0.0,,41.7,Cukup
BR003,"Batatas kelapa, ubi, segar",Umbi Berpati,KZGMI-2001,76.1,89,1.1,0.1,21.0,4.0,0.7,0.0,40.0,0.2,1.6,20.0,,,0.2,0.0,0.0,0.38,0.0,0.9,0.0,,41.7,Cukup
BR004,"Belitung, talas, segar",Umbi Berpati,KZGPI- 1990,63.1,145,1.2,0.4,34.2,1.5,1.1,26.0,54.0,1.4,1.6,6.0,,,0.9,0.0,0.0,0.1,0.1,2.3,2.0,,41.1,Cukup
BR005,"Bengkuang, segar",Umbi Berpati,DABM- 1964,85.1,59,1.4,0.2,12.8,1.0,0.5,15.0,18.0,0.6,1.6,2.0,,,0.3,0.0,,0.04,0.1,0.2,20.0,,40.7,Cukup
BR006,"Bentul (Komba), talas, segar",Umbi Berpati,KZGPI- 1990,75.8,98,1.6,0.7,20.9,0.7,1.8,44.0,66.0,1.5,1.6,7.5,,,0.6,0.0,0.0,0.02,0.1,0.8,0.0,,41.2,Cukup
BR007,"Gadeng/Gadung, kering",Umbi Berpati,KZGMI-2001,20.2,322,2.4,0.6,76.6,1.9,0.2,39.0,22.0,2.2,1.6,5.0,,,0.2,0.0,0.0,0.45,0.02,1.0,0.0,,41.6,Cukup
BR008,"Gadung, ubi, segar",Umbi Berpati,KZGPI- 1990,74.4,100,0.9,0.3,23.5,2.1,0.9,79.0,66.0,0.9,1.6,8.0,,,0.2,0.0,0.0,0.23,0.0,0.5,2.0,,42.5,Cukup
BR009,"Ganyong, segar",Umbi Berpati,KZGPI- 1990,79.9,77,0.6,0.2,18.4,0.8,0.9,15.0,67.0,1.0,1.6,7.5,,,,0.0,0.0,0.1,,,9.0,,40.7,Cukup
BR010,"Gembili, ubi, segar",Umbi Berpati,KZGPI- 1990,66.4,131,1.1,0.2,31.3,1.1,1.0,14.0,56.0,0.6,1.6,10.0,,,0.3,0.0,0.0,0.08,0.0,0.9,4.0,,40.8,Cukup
BR011,"Hofa/Ubi hutan, segar",Umbi Berpati,KZGMI-2001,67.9,127,1.2,0.5,29.5,3.4,0.9,30.0,8.0,0.7,1.6,3.0,,,0.2,0.0,0.0,0.3,0.05,0.6,0.0,,42.0,Cukup
BR012,"Kaburan, ubi, segar",Umbi Berpati,KZGPI- 1990,66.5,133,1.0,0.2,32.2,0.7,0.5,65.0,50.0,0.6,1.6,10.0,,,0.2,0.0,0.0,0.01,0.0,0.3,0.0,,41.6,Cukup
BR013,"Kentang, segar",Umbi Berpati,KZGPI- 1990,83.4,62,2.1,0.2,13.5,0.5,0.8,63.0,58.0,0.7,1.6,7.0,,,0.3,0.0,0.0,0.09,0.1,1.0,21.0,,41.5,Cukup
BR014,"Kentang hitam, segar",Umbi Berpati,DABM- 1964,64.0,142,0.9,0.4,33.7,5.4,1.0,34.0,75.0,0.2,1.6,22.0,,,0.6,0.0,,0.02,0.1,2.2,38.0,,42.9,Cukup
BR015,"Keribang, ubi, segar",Umbi Berpati,KZGPI- 1990,67.0,137,1.3,1.1,29.8,0.6,0.8,45.0,56.0,0.8,1.6,10.0,,,0.3,0.0,0.0,0.0,0.0,0.7,0.0,,41.2,Cukup
BR016,"Ketela pohon/ singkong, segar",Umbi Berpati,KZGPI- 1990,61.4,154,1.0,0.3,36.8,0.9,0.5,77.0,24.0,1.1,1.6,2.0,,,0.4,0.0,0.0,0.06,0.1,0.5,31.0,,41.9,Cukup
BR017,Lepok/Ubi rumput,Umbi Berpati,KZGMI-2001,55.3,181,2.8,1.2,39.8,10.7,0.9,7.0,50.0,3.1,1.6,116.0,,,0.9,0.0,0.0,0.28,0.05,1.5,0.0,,45.1,Cukup
BR018,"Sagu aren, kering",Umbi Berpati,KZGPI- 1990,11.9,355,0.6,1.1,85.6,0.3,0.8,91.0,167.0,2.2,1.6,2.0,,,0.3,,0.0,0.04,0.1,0.5,0.0,,42.0,Cukup
BR019,"Sagu aren, segar",Umbi Berpati,KZGMI-2001,42.5,231,0.6,0.2,56.6,3.2,0.1,20.0,20.0,0.1,1.6,7.0,,,0.1,,0.0,0.2,0.0,0.0,0.0,,41.7,Cukup
BR020,Sagu kasbi segar,Umbi Berpati,KZGMI-2001,42.5,230,0.6,0.2,56.5,3.0,0.2,20.0,1.0,0.3,1.6,100.0,,,0.2,0.0,0.0,0.1,0.0,0.0,0.0,,42.2,Cukup
BR021,Sagu lempeng,Umbi Berpati,KZGMI-2001,13.5,347,0.9,0.3,85.2,4.7,0.1,30.0,30.0,0.2,1.6,11.0,,,0.1,0.0,,0.3,0.0,0.0,0.0,,42.5,Cukup
BR023,"Sente, talas, segar",Umbi Berpati,DABM- 1964,14.0,353,0.7,0.2,84.7,6.6,0.4,11.0,13.0,1.5,1.6,30.0,,,2.2,41.0,,0.05,0.2,2.8,5.0,,43.0,Cukup
BR024,"Suweg, talas, segar",Umbi Berpati,KZGPI- 1990,80.1,74,1.4,0.1,17.2,1.4,1.2,42.0,46.0,1.3,1.6,7.0,,,0.1,24.0,254.0,0.04,0.0,0.4,2.0,,41.4,Cukup
BR025,"Talas bogor, segar",Umbi Berpati,KZGPI- 1990,72.4,108,1.4,0.4,25.0,0.9,0.8,47.0,67.0,0.7,1.6,10.0,,,0.7,0.0,0.0,0.06,0.07,1.0,4.0,,41.4,Cukup
BR026,"Talas pontianak, segar",Umbi Berpati,KZGPI- 1990,60.0,163,2.3,0.5,36.4,0.7,0.9,45.0,80.0,1.7,1.6,14.0,,,1.0,0.0,0.0,0.02,0.1,1.3,,,41.3,Cukup
BR027,"Talas viqueque, segar",Umbi Berpati,KZGMI-2001,70.6,115,1.8,0.5,25.9,8.6,1.2,50.0,220.0,0.9,1.6,1.0,,,1.0,0.0,0.0,0.08,0.1,0.9,,,44.4,Cukup
BR028,"Ubi jalar, kuning, segar",Umbi Berpati,KZGMI-2001,72.6,119,0.5,0.4,25.1,4.2,1.0,30.0,40.0,0.4,1.6,3.0,,,0.2,794.0,4948.0,0.06,0.07,0.7,21.0,,42.3,Cukup
BR029,"Ubi jalar manis, segar",Umbi Berpati,KZGPI- 1990,78.4,83,1.5,0.2,18.8,0.6,1.1,27.0,162.0,2.1,1.6,52.0,,,0.3,0.0,0.0,0.02,0.0,0.4,0.0,,41.1,Cukup
BR030,"Ubi jalar merah, segar",Umbi Berpati,KZGPI- 1990,61.9,151,1.6,0.3,35.4,0.7,0.6,29.0,74.0,0.7,1.6,92.0,,,0.5,0.0,1208.0,0.13,0.08,0.7,11.0,,41.4,Cukup
BR031,"Ubi jalar putih, segar",Umbi Berpati,KZGMI-2001,77.8,88,0.4,0.4,20.6,4.0,0.8,30.0,10.0,0.5,1.6,2.0,,,0.2,13.0,264.0,0.25,0.06,0.5,36.0,,42.2,Cukup
BR032,Ubi jalar tinta/ kemayung,Umbi Berpati,KZGMI-2001,72.5,108,0.5,0.4,25.6,4.2,1.0,30.0,40.0,0.5,1.6,1.0,,,0.2,13.0,0.0,0.09,0.06,0.6,24.0,,42.3,Cukup
BR033,"Umbi Uwi, segar",Umbi Berpati,BKP,69.7,120,2.8,0.5,82.3,2.6,0.9,9.0,42.0,1.3,1.6,12.0,,,0.6,0.0,0.0,0.02,0.5,0.2,4.0,,41.3,Cukup
BP001,"Batatas kelapa, ubi, bakar",Umbi Berpati,KZGMI-2001,73.2,110,1.4,1.1,23.4,4.5,0.7,1.0,46.0,0.2,1.6,12.0,,,0.3,0.0,0.0,1.13,0.0,0.0,0.0,,41.9,Cukup
BP002,"Batatas kelapa, ubi, kukus",Umbi Berpati,KZGMI-2001,75.7,92,1.2,0.3,21.0,4.1,1.8,0.0,42.0,0.2,1.6,10.0,,,0.3,0.0,0.0,0.28,0.0,0.7,0.0,,41.7,Cukup
BP003,"Batatas tali, ubi, rebus",Umbi Berpati,KZGMI-2001,53.2,182,2.4,0.4,42.2,9.2,1.8,1.0,80.0,0.3,1.6,20.0,,,0.6,0.0,0.0,0.27,0.0,1.3,0.0,,43.8,Cukup
BP004,"Belitung, talas, kukus",Umbi Berpati,KZGPI- 1990,63.1,145,1.2,0.4,34.2,1.0,1.1,21.0,48.0,0.9,1.6,7.0,,,0.9,0.0,0.0,0.08,0.1,2.3,1.0,,40.9,Cukup
BP005,"Bentul, talas, kukus",Umbi Berpati,KZGPI- 1990,81.1,71,2.3,0.3,15.4,0.5,0.9,29.0,26.0,0.6,1.6,7.5,,,0.6,0.0,0.0,0.06,0.0,0.0,21.0,,40.8,Cukup
BP006,"Gadung, ubi, kukus",Umbi Berpati,KZGPI- 1990,77.4,88,0.6,0.3,20.9,0.9,0.8,26.0,47.0,0.4,1.6,6.0,,,0.2,0.0,0.0,0.03,0.0,0.4,0.0,,40.9,Cukup
BP007,"Ganyong, rebus",Umbi Berpati,KZGPI- 1990,74.1,100,0.8,0.2,23.8,0.9,1.1,15.0,65.0,0.9,1.6,7.5,,,,0.0,0.0,0.04,,,6.0,,40.7,Cukup
BP008,Ketela pohon/ singkong kukus,Umbi Berpati,KZGPI- 1990,61.5,153,1.2,0.3,36.4,1.3,0.6,56.0,22.0,0.4,1.6,2.0,,,0.1,0.0,0.0,0.0,0.0,0.3,20.0,,41.6,Cukup
BP009,"Suweg, talas, kukus",Umbi Berpati,KZGPI- 1990,75.5,93,1.5,0.1,21.9,0.9,1.0,50.0,58.0,0.8,1.6,6.0,,,0.1,0.0,283.0,0.09,0.0,0.3,0.0,,41.4,Cukup
BP010,"Talas bogor, kukus",Umbi Berpati,KZGPI- 1990,69.2,120,1.5,0.3,28.2,0.7,0.8,31.0,63.0,0.7,1.6,11.0,,,0.6,0.0,0.0,0.05,0.6,0.8,2.0,,41.0,Cukup
BP011,"Ubi jalar, kuning, kukus",Umbi Berpati,KZGPI- 1990,74.2,100,0.7,0.3,23.8,1.0,1.0,44.0,46.0,0.4,1.6,3.0,,,0.2,819.0,4427.0,0.0,0.1,0.6,16.0,,41.3,Cukup
BP012,Ubi jalar tinta/ kemayung kukus,Umbi Berpati,KZGPI- 1990,58.5,165,0.9,0.2,39.8,1.1,0.6,20.0,23.0,0.8,1.6,1.0,,,0.2,0.0,0.0,0.02,0.1,0.5,0.0,,40.8,Cukup
BP013,Bagea kelapa asin,Umbi Berpati,KZGMI-2001,3.5,450,3.2,13.9,78.1,1.9,,1.3,,,0.3,7.5,0.0,,0.2,0.2,,,,0.3,,0.0,40.8,Cukup
BP014,Bagea kelapa manis,Umbi Berpati,KZGMI-2001,3.0,452,1.3,13.8,80.6,1.9,,1.3,,,0.3,7.5,0.0,,0.2,0.2,,,,0.0,,0.0,40.8,Cukup
BP015,Bagea kenari asin,Umbi Berpati,KZGMI-2001,2.8,529,3.2,29.1,63.6,1.9,,1.3,,,0.4,7.5,0.0,,0.2,0.2,,,,0.3,,0.0,40.8,Cukup
BP016,Bagea kenari manis,Umbi Berpati,KZGMI-2001,3.1,523,3.2,28.2,64.2,1.9,,1.3,,,0.3,7.5,0.0,,0.2,0.2,,,,0.3,,0.0,40.8,Cukup
BP017,Bagea kw 1,Umbi Berpati,KZGPI- 1990,7.2,416,6.5,9.4,76.3,0.4,,0.6,,,4.9,7.5,,,,,,,,0.08,,,40.2,Cukup
BP018,Bagea kw 2,Umbi Berpati,KZGPI- 1990,7.9,382,0.3,3.5,87.2,0.9,,1.1,,,7.6,7.5,,,,,,,,0.02,,,40.4,Cukup
BP019,Beras Cerdas,Umbi Berpati,BKP,11.3,350,2.7,1.1,82.3,6.2,,2.6,,,2.9,7.5,568.0,,0.2,0.9,,,,0.02,,0.2,42.5,Cukup
BP020,Beras ganyong,Umbi Berpati,BKP,9.3,364,3.4,0.7,86.3,4.7,,0.5,,,5.0,7.5,72.2,,0.2,0.6,,,,0.02,,0.02,41.9,Cukup
BP021,Beras Siger,Umbi Berpati,BKP,13.5,344,1.1,0.2,28.3,5.6,,0.7,,,5.6,7.5,77.9,,0.1,0.5,,,,0.02,,0.1,42.3,Cukup
BP022,Biji nangka/Biji salak,Umbi Berpati,KZGMI-2001,40.5,262,2.3,5.4,51.1,8.0,,0.7,,,0.8,7.5,2.0,,0.6,2.0,,,,0.1,,1.0,43.2,Cukup
BP023,Bubur sagu,Umbi Berpati,KZGMI-2001,62.5,167,0.2,4.0,33.0,1.9,,0.3,,,0.1,7.5,0.0,,0.1,0.1,,,,9.0,,,40.8,Cukup
BP024,Cassavastick,Umbi Berpati,KZGPI- 1990,5.6,460,0.8,18.7,17.2,1.6,,2.7,,,7.5,7.5,,,,,,,,0.19,,0.07,40.7,Cukup
BP025,Ceriping getuk singkong,Umbi Berpati,KZGPI- 1990,7.2,462,1.2,20.7,67.7,0.6,,3.2,,,8.8,7.5,,,,,,,,0.29,,0.02,40.3,Cukup
BP026,Gatot,Umbi Berpati,BKP,12.8,347,1.3,0.7,83.8,5.8,,1.4,,,17.1,7.5,242.0,,0.2,0.7,,,,0.02,,0.1,42.4,Cukup
BP027,Geblek,Umbi Berpati,BKP,52.1,195,0.4,1.7,44.4,3.6,,1.4,,,0.6,7.5,125.0,,0.3,0.3,,,,0.02,,0.0,41.5,Cukup
BP028,Getuk goreng,Umbi Berpati,KZGPI- 1990,16.5,360,1.3,6.4,74.3,0.8,,1.5,,,3.2,7.5,,,,,,,,0.21,,,40.4,Cukup
BP029,Getuk singkong,Umbi Berpati,KZGPI- 1990,49.8,204,0.5,1.4,47.4,0.8,,1.1,,,1.5,7.5,,,,,,,,0.08,,,40.4,Cukup
BP030,Gurandil,Umbi Berpati,KZGPI- 1990,47.5,218,0.5,2.5,48.5,3.1,,1.0,,,2.8,7.5,,,,,,,,0.19,,,41.3,Cukup
BP031,Kabuto,Umbi Berpati,KZGMI-2001,58.9,250,2.6,2.5,35.4,1.8,,0.6,,,1.1,7.5,218.0,,,,,,,0.1,,0.1,40.8,Cukup
BP032,Kapurung,Umbi Berpati,KZGMI-2001,79.6,41,2.0,0.3,7.8,2.0,,0.6,,,0.3,7.5,566.0,,0.1,0.3,,,,0.12,,0.25,40.8,Cukup
BP033,Kecimpring singkong goreng,Umbi Berpati,KZGPI- 1990,3.7,464,1.2,18.6,73.0,1.3,,3.5,,,3.4,7.5,,,,,,,,0.34,,,40.6,Cukup
BP034,Keremes,Umbi Berpati,KZGPI- 1990,6.7,475,1.6,25.2,64.4,2.1,,2.1,,,1.0,7.5,,,,,,,,0.0,,,40.9,Cukup
BP035,Keripik gadung,Umbi Berpati,KZGPI- 1990,4.0,446,2.8,14.5,76.0,1.7,,2.8,,,1.9,7.5,,,,,,,,0.95,,,40.8,Cukup
BP036,Keripik kentang,Umbi Berpati,KZGMI-2001,7.8,448,2.7,18.8,67.1,3.8,,3.6,,,1.2,7.5,406.0,,1.1,,,,,0.1,,0.05,41.6,Cukup
BP037,Keripik singkong,Umbi Berpati,KZGPI- 1990,4.2,478,0.9,20.7,72.0,2.0,,2.2,,,1.9,7.5,,,,,,,,0.24,,,40.9,Cukup
BP038,Keripik singkong berbumbu,Umbi Berpati,KZGPI- 1990,2.2,481,2.2,19.7,73.6,1.6,,2.3,,,1.6,7.5,,,,,,,,0.31,,,40.7,Cukup
BP039,Keripik ubi,Umbi Berpati,KZGMI-2001,6.0,486,0.2,23.9,67.6,14.3,,2.3,,,0.9,7.5,2.0,,0.7,2.3,,,,0.1,,0.1,45.7,Cukup
BP040,Kerupuk cumi goreng,Umbi Berpati,KZGMI-2001,3.4,444,6.9,14.6,71.3,5.0,,3.8,,,1.8,7.5,191.0,,0.1,0.3,,,,0.4,,0.1,42.1,Cukup
BP041,Kerupuk kemplang (ikan) mentah,Umbi Berpati,KZGMI-2001,14.2,325,1.8,0.4,78.5,4.5,,5.1,,,2.3,7.5,273.0,,0.2,0.5,,,,0.6,,0.1,41.9,Cukup
BP042,Kerupuk kemplang goreng,Umbi Berpati,KZGPI- 1990,5.8,504,5.6,28.1,57.1,0.3,,3.4,,,2.9,7.5,,,,,,,,0.31,,,40.2,Cukup
BP043,Kerupuk kemplang panggang,Umbi Berpati,KZGPI- 1990,9.4,356,9.7,1.1,76.9,1.0,,3.0,,,2.9,7.5,,,,,,,,0.36,,,40.5,Cukup
BP044,Kerupuk mie kuning goreng,Umbi Berpati,KZGPI- 1990,7.2,476,0.1,21.1,71.3,4.2,,0.3,,,4.6,7.5,109.0,,0.1,0.2,,,,0.22,,0.0,41.7,Cukup
BP045,Kerupuk udang goreng,Umbi Berpati,KZGMI-2001,4.4,477,4.7,20.5,68.5,5.0,,1.9,,,0.9,7.5,109.0,,0.1,0.2,,,,0.2,,0.0,42.1,Cukup
BP046,Kue bangket,Umbi Berpati,KZGMI-2001,16.1,338,1.5,1.2,80.3,1.9,,0.9,,,0.3,7.5,0.0,,0.2,0.2,,,,0.3,,0.0,40.8,Cukup
BP047,Kue putu singkong,Umbi Berpati,KZGMI-2001,44.2,217,1.2,0.5,53.2,2.4,,0.9,,,1.5,7.5,305.0,,,,,,,0.1,,0.1,41.0,Cukup
BP048,Lanting getuk,Umbi Berpati,KZGPI- 1990,4.2,422,0.9,10.8,80.4,1.4,,3.8,,,3.6,7.5,,,,,,,,0.43,,,40.7,Cukup
BP049,Mi golosor,Umbi Berpati,KZGPI- 1990,82.9,71,0.2,0.8,15.9,0.1,,0.2,,,0.2,7.5,,,,,,,,0.05,,0.02,40.1,Cukup
BP050,Mie Bendo,Umbi Berpati,BKP,11.5,353,0.3,0.0,88.0,2.4,,0.2,,,2.8,7.5,49.2,,0.5,0.1,,,,0.02,,0.0,41.0,Cukup
BP051,Mie Sagu,Umbi Berpati,BKP,52.8,190,0.2,0.4,46.5,1.4,,0.1,,,0.3,7.5,2.6,,0.1,0.0,,,,0.0,,0.4,40.6,Cukup
BP052,Ongol-ongol sagu,Umbi Berpati,KZGPI- 1990,75.3,111,0.3,2.7,21.2,0.3,,0.5,,,1.7,7.5,,,,,,,,0.06,,,40.2,Cukup
BP053,Oyek,Umbi Berpati,BKP,12.6,351,0.9,0.9,84.9,4.3,,0.7,,,2.1,7.5,229.0,,0.1,0.5,,,,0.02,,0.02,41.8,Cukup
BP054,Papeda,Umbi Berpati,KZGMI-2001,84.8,61,0.2,0.1,14.9,0.5,,0.1,,,0.2,7.5,20.0,,0.1,0.1,,,,0.06,,0.0,40.2,Cukup
BP055,Rasbi (Beras Ubi),Umbi Berpati,BKP,11.1,394,2.2,8.8,76.6,6.8,,1.3,,,1.6,7.5,388.0,,0.4,0.4,,,,0.02,,0.3,42.8,Cukup
BP056,Rasi (Beras Singkong),Umbi Berpati,BKP,12.6,350,0.9,0.4,85.7,14.4,,0.5,,,1.5,7.5,14.0,,0.3,0.5,,,,0.02,,0.02,45.7,Cukup
BP057,Sagu forno,Umbi Berpati,KZGMI-2001,31.5,291,0.5,4.0,63.4,1.9,,0.6,,,0.8,7.5,50.0,,0.1,0.2,,,,,,,40.8,Cukup
BP058,Sagu Lemak (Kue Sagon),Umbi Berpati,BKP,4.3,452,2.8,14.8,76.8,1.1,,0.7,,,1.1,7.5,52.7,,0.04,0.8,,,,0.32,,0.04,40.5,Cukup
BP059,Sagu manis,Umbi Berpati,KZGMI-2001,32.6,287,0.5,3.9,62.4,1.9,,0.6,,,0.7,7.5,42.0,,0.1,0.2,,,,,,,40.8,Cukup
BP060,Sagu Rendang,Umbi Berpati,BKP,8.2,364,0.1,0.2,90.5,1.9,,1.0,,,3.9,7.5,15.1,,0.1,0.1,,,,0.02,,0.6,40.8,Cukup
BP061,Sagu sinole,Umbi Berpati,KZGMI-2001,22.0,354,0.8,8.3,68.9,1.9,,0.1,,,0.8,7.5,11.0,,0.2,0.3,,,,,,,40.8,Cukup
BP062,Serimping talas kebumen,Umbi Berpati,KZGPI- 1990,4.8,478,2.5,21.2,69.2,1.7,2.3,112.0,118.0,2.3,1.6,7.5,,,,,0.0,0.25,,,0.0,,43.0,Cukup
BP063,Tapai singkong,Umbi Berpati,KZGPI- 1990,57.4,169,1.4,0.3,40.2,2.0,0.7,21.0,34.0,0.8,1.6,7.5,,,,0.0,0.0,0.0,,,9.0,,41.3,Cukup
BP064,Tepung Arrowroot,Umbi Berpati,DABM- 1964,13.6,355,0.7,0.2,85.2,0.4,0.3,8.0,22.0,1.5,1.6,2.0,,,0.1,20.0,3.0,0.09,0.0,0.0,0.0,,40.3,Cukup
BP065,Tepung Ganyong,Umbi Berpati,BKP,13.6,353,0.8,1.7,83.6,0.7,0.3,4.0,31.0,3.3,1.6,3.0,,,0.3,0.0,0.0,0.02,0.0,0.9,1.0,,40.4,Cukup
BP066,Tepung Gaplek,Umbi Berpati,BKP,13.0,345,2.4,0.4,83.1,6.7,1.1,18.0,95.0,1.5,1.6,6.0,,,1.2,1.0,0.0,0.3,0.2,0.1,0.0,,43.0,Cukup
BP067,"Tepung kentang, kering",Umbi Berpati,DABM- 1964,13.0,347,0.3,0.1,85.6,0.4,1.0,20.0,30.0,0.5,1.6,51.0,,,0.5,0.0,0.0,0.04,0.0,0.4,0.0,,40.9,Cukup
BP068,Tepung Mocaf,Umbi Berpati,BKP,11.9,350,1.2,0.6,85.0,6.0,1.3,60.0,64.0,15.8,1.6,8.0,,,0.6,0.0,0.0,0.02,0.02,0.7,2.0,,43.6,Cukup
BP069,Tepung Sente,Umbi Berpati,BKP,15.3,326,4.0,0.4,76.7,8.5,3.6,41.0,141.0,3.5,1.6,14.0,,,1.4,0.0,0.0,0.02,0.2,7.7,0.0,,44.3,Cukup
BP070,Tepung singkong/ Tapioka,Umbi Berpati,DABM- 1964,9.1,363,1.1,0.5,88.2,0.9,1.1,84.0,125.0,1.0,1.6,1.0,,,0.1,0.0,,0.04,0.0,0.4,0.0,,42.0,Cukup
BP071,Tepung Tales Beneng,Umbi Berpati,BKP,12.2,332,5.7,0.6,76.1,12.2,5.5,59.0,302.0,10.7,1.6,7.0,,,6.2,0.0,0.0,0.02,0.1,0.3,0.0,,46.0,Cukup
BP072,Tepung Ubi Ungu,Umbi Berpati,BKP,9.4,354,2.8,0.6,84.4,12.9,2.8,89.0,125.0,3.9,1.6,42.0,,,0.6,0.0,0.0,0.4,0.02,0.0,0.0,,47.1,Cukup
BP073,Tiwul,Umbi Berpati,BKP,11.2,353,2.4,1.1,83.4,6.5,1.6,55.0,95.0,4.7,1.6,5.0,,,0.8,0.0,0.0,0.02,0.02,0.1,3.0,,43.7,Cukup
BP074,Tiwul Instan,Umbi Berpati,BKP,9.1,395,3.2,8.5,76.5,4.2,2.7,81.0,81.0,5.8,1.6,377.0,,,1.2,0.0,0.0,0.4,0.2,0.2,4.0,,45.6,Cukup
BP075,Ubi Cilembu,Umbi Berpati,BKP,52.7,186,1.9,0.2,44.3,3.4,0.9,37.0,51.0,0.6,1.6,1.0,,,0.2,26.0,0.0,0.02,0.2,0.0,0.0,,42.1,Cukup
CR001,"Kacang arab, kering",Kacang & Biji,DABM-1964,11.6,330,23.8,1.4,60.2,17.4,3.0,57.0,388.0,4.7,1.1,24.0,,,,,140.0,,0.21,1.5,2.0,100.0,48.2,Cukup
CR002,"Kacang babi, kering",Kacang & Biji,KZGPI-1990,11.6,341,30.4,3.2,51.3,4.5,3.5,178.0,521.0,6.8,1.1,13.0,,,,,87.0,,0.33,2.8,,80.0,45.4,Cukup
CR003,"Kacang belimbing (kecipir), kering",Kacang & Biji,KZGPI-1990,10.4,400,34.4,16.9,34.1,10.7,4.2,468.0,182.0,6.8,1.1,37.0,,,,,,,0.44,3.0,,100.0,53.8,Cukup
CR004,"Kacang beracun, segar",Kacang & Biji,KZGMI-2001,72.1,118,4.4,1.5,21.6,3.2,0.4,50.0,50.0,1.7,1.1,10.0,,,,,,,,,,,42.3,Cukup
CR005,"Kacang bogor, kering",Kacang & Biji,DABM-1964,10.0,370,16.0,6.0,65.0,26.3,3.0,85.0,264.0,4.2,1.1,44.0,,,,0.0,,,0.26,6.2,0.0,100.0,52.4,Cukup
CR006,"Kacang bogor, segar",Kacang & Biji,KZGPI-1990,60.8,165,7.7,3.1,27.4,2.5,1.0,96.0,126.0,5.3,1.1,6.0,,,,,,,0.35,2.7,,100.0,42.9,Cukup
CR007,"Kacang endel, biji, kering",Kacang & Biji,DABM-1964,14.0,331,25.0,1.0,58.0,23.6,2.0,80.0,400.0,5.0,1.1,12.0,,,,0.0,,,0.75,2.3,,95.0,51.0,Cukup
CR008,"Kacang ercis, segar",Kacang & Biji,KZGMI-2001,67.6,129,12.4,0.7,18.3,28.6,1.0,40.0,130.0,2.3,1.1,4.0,,,,,,,0.05,2.7,,45.0,52.1,Cukup
CR010,"Kacang gude, biji, kering",Kacang & Biji,KZGPI-1990,16.1,316,20.7,1.0,58.0,4.6,4.2,146.0,445.0,4.7,1.1,16.0,,,,,,,0.19,2.4,,100.0,44.8,Cukup
CR011,"Kacang gude, biji, segar",Kacang & Biji,DABM-1964,70.3,114,7.0,0.6,20.8,4.4,2.3,3.0,122.0,1.5,1.1,4.0,,,,,70.0,,0.07,0.8,43.0,100.0,41.8,Cukup
CR012,"Kacang hijau var, bakti, kering",Kacang & Biji,KZGPI-1990,7.4,350,17.1,1.8,70.7,5.7,3.1,94.0,315.0,4.9,1.1,46.0,,,,,235.0,,0.27,2.6,11.0,100.0,44.4,Cukup
CR013,"Kacang hijau var, siwalik, kering",Kacang & Biji,KZGPI-1990,8.8,339,20.8,2.1,64.6,7.4,3.7,122.0,136.0,4.9,1.1,45.0,,,,,321.0,,0.27,2.6,,100.0,45.6,Cukup
CR014,"Kacang hijau, kering",Kacang & Biji,KZGPI-1990,15.5,323,22.9,1.5,56.8,7.5,3.3,223.0,319.0,7.5,1.1,42.0,,,,,223.0,,0.15,1.5,10.0,100.0,47.7,Cukup
CR015,"Kacang hitam, kering",Kacang & Biji,KZGMI-2001,12.5,346,16.6,1.7,66.1,22.8,3.1,70.0,300.0,4.7,1.1,3.0,,,,,,,0.1,2.1,,100.0,50.4,Cukup
CR016,"Kacang kapri, segar",Kacang & Biji,DABM-1964,74.3,98,6.7,0.4,17.7,6.2,0.9,22.0,122.0,1.9,1.1,6.0,,,,,680.0,,0.16,2.5,26.0,45.0,42.9,Cukup
CR017,"Kacang kedelai, kering",Kacang & Biji,KZGPI-1990,12.7,381,40.4,16.7,24.9,3.2,5.5,222.0,682.0,10.0,1.1,210.0,,,,,31.0,,0.12,1.2,,100.0,47.0,Cukup
CR018,"Kacang kedelai, segar",Kacang & Biji,DABM-1964,20.0,286,30.2,15.6,30.1,2.9,4.1,196.0,506.0,6.9,1.1,28.0,,,,,95.0,,0.26,1.8,,100.0,45.2,Cukup
CR020,"Kacang komak, segar",Kacang & Biji,KZGMI-2001,20.9,327,16.4,4.3,55.8,0.5,2.6,74.0,282.0,4.0,1.1,22.0,,,,,,,0.12,0.1,,45.0,41.8,Cukup
CR021,"Kacang kuning, kering",Kacang & Biji,KZGMI-2001,11.7,355,17.0,2.5,66.0,15.1,2.8,140.0,220.0,5.8,1.1,1.0,,,,,,,0.08,1.9,,,48.8,Cukup
CR022,"Kacang lebui /iris, kering",Kacang & Biji,KZGMI-2001,11.8,346,16.5,1.5,66.6,37.3,3.6,144.0,368.0,3.4,1.1,17.0,,,,,,,0.2,0.0,,100.0,57.7,Cukup
CR023,"Kacang mentega, kering",Kacang & Biji,KZGMI-2001,13.7,344,16.7,2.1,64.6,13.0,2.9,110.0,300.0,6.7,1.1,1.0,,,,,,,0.07,1.2,,,47.3,Cukup
CR024,"Kacang merah /banda, kering",Kacang & Biji,KZGMI-2001,13.0,350,13.9,3.0,66.9,26.3,3.2,84.0,242.0,6.8,1.1,19.0,,,,,,,0.76,0.3,,100.0,52.2,Cukup
CR025,"Kacang merah tua, kering",Kacang & Biji,KZGPI- l990,12.3,280,16.7,1.6,63.2,4.6,6.2,209.0,335.0,6.4,1.1,19.0,,,,,,,0.08,2.0,6.0,100.0,46.1,Cukup
CR026,"Kacang merah, kering",Kacang & Biji,KZGPI- l990,17.7,314,22.1,1.1,56.2,4.0,2.9,502.0,429.0,10.3,1.1,11.0,,,,,,,0.72,2.2,,100.0,51.7,Cukup
CR027,"Kacang merah, segar",Kacang & Biji,KZGPI- l990,57.2,171,11.0,2.2,28.0,2.1,1.7,293.0,134.0,3.7,1.1,7.0,,,,,10.0,,0.15,1.1,,100.0,46.7,Cukup
CR028,"Kacang mete/biji jambu monyet, segar",Kacang & Biji,KZGMI-2001,4.6,616,16.3,48.4,28.7,0.9,2.0,26.0,521.0,3.8,1.1,26.0,,,,,,,0.03,0.0,,69.0,40.6,Cukup
CR029,"Kacang panjang, biji, kering",Kacang & Biji,DABM-1964,12.2,357,17.3,1.5,68.6,10.6,0.4,163.0,437.0,6.9,1.1,16.0,,,,0.0,,,0.98,7.1,2.0,100.0,47.5,Cukup
CR030,Kacang tanah sangan,Kacang & Biji,KZGPI- l990,1.2,560,29.5,43.0,24.1,2.9,2.2,107.0,366.0,4.1,1.1,34.0,,,,,,,0.3,15.5,,100.0,43.5,Cukup
CR031,Kacang tanah sangan tanpa selaput,Kacang & Biji,DABM-1964,2.6,559,26.9,44.2,23.6,2.6,2.7,74.0,393.0,1.9,1.1,33.0,,,,0.0,,,,8.0,0.0,100.0,42.7,Cukup
CR032,"Kacang tanah, kering",Kacang & Biji,KZGPI- l990,9.6,525,27.9,42.7,17.4,2.4,2.4,316.0,456.0,5.7,1.1,31.0,,,,,30.0,,0.27,1.4,,100.0,47.5,Cukup
CR033,"Kacang tolo / tunggak, kering",Kacang & Biji,KZGPI- l990,13.5,331,24.4,1.9,56.6,1.6,3.6,481.0,399.0,13.9,1.1,15.0,,,,,,,0.2,4.3,,100.0,50.3,Cukup
CR034,"Kacang tunis, kering",Kacang & Biji,KZGMI-2001,10.5,351,12.2,1.2,72.9,29.5,3.2,120.0,220.0,6.9,1.1,1.0,,,,,,,0.13,2.5,,100.0,54.1,Cukup
CR035,"Kacang uci, kering",Kacang & Biji,KZGPI- l990,9.9,358,23.4,2.4,60.6,7.4,3.7,269.0,264.0,0.5,1.1,13.0,,,,,,,0.2,2.5,2.0,100.0,48.4,Cukup
CR036,"Kacang urei, kering",Kacang & Biji,KZGMI-2001,12.8,354,12.8,1.8,69.3,26.1,3.3,220.0,220.0,5.1,1.1,1.0,,,,,,,0.05,3.5,,,54.7,Cukup
CR037,"Kenari banda, kering",Kacang & Biji,KZGMI-2001,13.0,616,13.9,56.2,13.7,3.2,3.2,0.0,380.0,1.4,1.1,11.0,,,,,,,0.08,0.5,,100.0,39.2,Perlu Perhatian
CR038,"Kenari, kering",Kacang & Biji,DABM-1964,3.0,657,15.0,66.0,13.0,3.2,3.0,92.0,691.0,7.7,1.1,3.0,,,,0.0,,,0.09,0.5,0.0,100.0,38.9,Perlu Perhatian
CR039,"Komak polong, segar",Kacang & Biji,KZGMI-2001,74.3,99,3.3,0.1,21.2,10.3,1.1,50.0,99.0,13.1,1.1,15.0,,,,,,,0.03,0.2,,100.0,45.2,Cukup
CR040,"Koro andong, kering",Kacang & Biji,KZGPI- 1990,10.8,356,20.5,4.1,61.6,7.0,3.0,150.0,272.0,6.2,1.1,18.0,,,,,,,0.02,1.4,1.0,100.0,45.9,Cukup
CR041,"Koro benguk, biji, kering",Kacang & Biji,DABM-1964,15.0,332,24.0,3.0,55.0,5.6,3.0,30.0,200.0,2.0,1.1,42.0,,,,,70.0,,0.12,1.7,0.0,95.0,43.1,Cukup
CR042,"Koro kerupuk, biji, segar",Kacang & Biji,DABM-1964,67.2,125,8.3,0.7,22.1,2.2,1.7,17.0,12.0,2.7,1.1,16.0,,,,,80.0,,0.04,1.1,31.0,68.0,41.3,Cukup
CR043,"Koro loke, biji, segar",Kacang & Biji,DABM-1964,88.6,33,2.7,0.2,7.9,3.5,0.6,60.0,40.0,2.0,1.1,2.0,,,,,40.0,,0.0,0.2,0.0,95.0,42.6,Cukup
CR044,"Koro roay, kering",Kacang & Biji,KZGPI- 1990,13.0,344,12.5,2.1,69.4,7.5,3.0,70.0,103.0,4.4,1.1,18.0,,,,,28.0,,0.21,1.4,1.0,100.0,44.5,Cukup
CR045,"Koro wedus, biji, kering",Kacang & Biji,DABM-1964,11.8,338,22.2,1.5,61.0,5.8,3.5,88.0,395.0,3.5,1.1,43.0,,,,0.0,,,0.12,1.8,0.0,100.0,44.3,Cukup
CR046,"Lamtoro biji, muda, segar",Kacang & Biji,DABM-1964,77.4,85,5.7,0.3,15.4,10.8,1.2,180.0,53.0,2.7,1.1,35.0,,,,,423.0,,1.15,1.0,15.0,100.0,48.1,Cukup
CR047,"Lamtoro biji, tua, segar",Kacang & Biji,DABM-1964,61.4,148,10.6,0.5,26.2,17.0,1.3,155.0,59.0,2.2,1.1,28.0,,,,,416.0,,0.49,2.8,20.0,100.0,50.0,Cukup
CR048,"Lamtoro var, gung tanpa kulit",Kacang & Biji,KZGPI- 1990,10.2,367,46.4,5.4,32.5,2.6,4.4,136.0,441.0,23.3,1.1,65.0,,,,,18900.0,,1.15,1.0,9.0,100.0,44.2,Cukup
CR049,"Lamtoro var, lokal dengan kulit",Kacang & Biji,KZGPI- 1990,13.5,336,23.8,1.2,59.7,15.4,1.8,867.0,321.0,1.5,1.1,134.0,,,,,321.0,,1.34,0.9,16.0,100.0,64.3,Baik
CR050,"Nangka, biji, segar",Kacang & Biji,DABM-1964,57.7,165,4.2,0.1,36.7,1.8,1.3,33.0,200.0,1.0,1.1,69.0,,,,0.0,,,0.03,1.4,10.0,75.0,41.8,Cukup
CR051,"Saga merah terkupas, mentah",Kacang & Biji,KZGPI- 1990,8.1,449,30.6,25.5,31.9,3.5,3.9,1062.0,161.0,14.2,1.1,66.0,,,,,107.0,,1.5,10.9,7.0,100.0,61.8,Baik
CR052,"Wijen, mentah",Kacang & Biji,DABM-1964,5.8,568,19.3,51.1,18.1,3.6,5.8,1125.0,614.0,9.5,1.1,18.0,,,,,,,0.2,5.7,0.0,100.0,60.5,Baik
CP001,"Kacang belimbing, rebus",Kacang & Biji,KZGPI-1990,55.6,204,16.9,8.8,17.5,4.8,1.2,230.0,180.0,3.3,1.1,43.0,,,,,,,0.48,0.7,,100.0,46.8,Cukup
CP002,"Kacang bogor, goreng",Kacang & Biji,KZGPI-1990,3.0,479,12.7,23.2,58.9,1.2,2.2,135.0,184.0,2.9,1.1,19.0,,,,,,,0.45,4.1,,35.0,43.3,Cukup
CP003,"Kacang bogor, rebus",Kacang & Biji,KZGPI-1990,61.2,161,7.7,2.8,27.1,2.0,1.2,56.0,134.0,1.4,1.1,19.0,,,,,,,,,,35.0,42.0,Cukup
CP004,"Kacang gude, rebus",Kacang & Biji,KZGPI-1990,61.5,147,9.0,0.5,27.5,3.4,1.5,50.0,175.0,2.0,1.1,14.0,,,,,,,0.07,13.2,,100.0,42.4,Cukup
CP005,"kacang hijau, rebus",Kacang & Biji,KZGPI-1990,71.3,109,8.7,0.5,18.3,1.5,1.2,95.0,149.0,1.5,1.1,447.0,,,,,120.0,,0.04,0.4,3.0,100.0,45.3,Cukup
CP006,"Kacang kedelai, goreng",Kacang & Biji,KZGPI-1990,9.6,521,32.2,37.7,22.9,7.6,3.7,296.0,800.0,6.5,1.1,3492.0,,,,,20.0,,1.9,19.0,,100.0,70.7,Baik
CP007,"Kacang kedelai, rebus",Kacang & Biji,KZGPI-1990,56.8,189,20.2,8.2,12.7,1.6,2.1,91.0,270.0,3.9,1.1,181.0,,,,,15.0,,0.04,0.5,0.0,100.0,43.6,Cukup
CP008,"Kacang merah kering, rebus",Kacang & Biji,KZGPI- l990,59.6,158,10.3,0.9,28.2,2.6,1.0,160.0,149.0,3.7,1.1,6.0,,,,,,,0.09,0.8,,100.0,44.3,Cukup
CP009,"Kacang merah segar, rebus",Kacang & Biji,KZGPI- l990,63.1,144,10.0,1.0,24.7,3.5,1.2,144.0,150.0,2.8,1.1,6.0,,,,,,,0.08,0.7,,100.0,44.3,Cukup
CP010,"Kacang mete/biji jambu monyet, goreng",Kacang & Biji,KZGPI- 1990,1.0,629,20.4,56.3,19.8,1.1,2.5,502.0,493.0,8.0,1.1,13.0,,,,,,,0.22,1.8,,100.0,48.4,Cukup
CP011,Kacang tanah rebus dg kulit,Kacang & Biji,DABM-1964,40.2,360,13.5,31.2,12.8,3.2,2.3,42.0,177.0,1.4,1.1,32.0,,,,0.0,,,0.13,9.0,5.0,43.0,42.3,Cukup
CP012,"Kacang tanah, goreng",Kacang & Biji,KZGPI- l990,2.5,564,25.5,44.4,25.5,2.8,2.8,106.0,390.0,4.1,1.1,19.0,,,,,,,,,,100.0,43.3,Cukup
CP013,"Kacang tanah, rebus",Kacang & Biji,KZGPI- l990,62.1,220,10.6,18.0,8.0,1.0,1.3,89.0,273.0,1.9,1.1,36.0,,,,,,,,,0.0,100.0,42.4,Cukup
CP014,"Kacang tolo, rebus",Kacang & Biji,KZGPI- l990,64.4,138,10.7,1.1,22.6,0.9,1.2,165.0,172.0,4.0,1.1,19.0,0.8,,6.1,,,0.01,,,100.0,,43.8,Cukup
CP015,Ampas kacang hijau,Kacang & Biji,KZGPI- 1990,70.6,96,3.7,0.6,19.1,2.7,0.6,133.0,150.0,1.3,1.1,19.0,,,,,,0.05,,,100.0,,43.8,Cukup
CP016,"Ampas tahu, mentah",Kacang & Biji,KZGPI- 1990,84.1,67,5.0,2.1,8.1,4.1,0.6,460.0,88.0,1.0,1.1,19.0,0.17,,0.5,0.0,,0.06,,,100.0,,50.9,Cukup
CP017,Ampas tahu kukus,Kacang & Biji,KZGPI- 1990,82.5,75,4.1,2.1,10.7,5.1,0.6,203.0,60.0,1.3,1.1,19.0,,,,0.0,,0.07,,,100.0,,46.2,Cukup
CP018,"Ampas tahu, kering",Kacang & Biji,DABM-1964,9.0,414,26.6,18.3,41.3,0.0,5.8,19.0,29.0,4.0,1.1,19.0,0.99,,2.8,24.0,,0.2,,,100.0,,40.5,Cukup
CP019,Pepea oncom ampas tahu,Kacang & Biji,KZGPI- 1990,80.9,76,5.2,1.8,10.6,2.2,1.5,215.0,66.0,12.5,1.1,19.0,,,,,,0.11,,,100.0,,45.3,Cukup
CP023,Dodol banjarmasin,Kacang & Biji,KZGMI-2001,17.3,368,2.6,8.6,70.0,0.5,1.5,51.0,180.0,3.3,1.1,19.0,0.4,,2.6,0.0,,0.04,,,100.0,,41.3,Cukup
CP026,Enting-enting gepuk hello kity,Kacang & Biji,KZGPI- 1990,2.4,538,13.6,30.3,52.6,0.2,1.0,81.0,248.0,1.6,1.1,19.0,,,,,,1.0,,,100.0,,41.8,Cukup
CP027,Enting-enting gepuk kacang tanah,Kacang & Biji,KZGPI- 1990,4.2,524,13.3,29.2,52.0,0.2,1.4,76.0,248.0,1.4,1.1,19.0,,,,,,0.62,,,100.0,,41.7,Cukup
CP028,Enting-enting wijen,Kacang & Biji,KZGPI- 1990,3.7,565,18.2,38.4,36.8,1.9,3.0,251.0,502.0,10.9,1.1,19.0,,,,,,0.92,,,100.0,,45.9,Cukup
CP029,Geplak,Kacang & Biji,KZGMI-2001,29.6,350,1.4,14.4,53.6,1.8,1.0,151.0,43.0,2.1,1.1,19.0,,,,,,0.12,,,100.0,,43.8,Cukup
CP030,Geplak jahe,Kacang & Biji,KZGMI-2001,12.4,462,3.1,24.4,57.7,3.3,2.5,212.0,161.0,6.6,1.1,19.0,,,,,,0.12,,,100.0,,45.7,Cukup
CP031,Kacang atom,Kacang & Biji,KZGPI- 1990,3.1,533,27.8,38.1,28.8,2.5,2.2,87.0,423.0,3.0,1.1,19.0,,,,,,0.06,,,100.0,,42.8,Cukup
CP033,Kacang negara,Kacang & Biji,KZGMI-2001,3.1,480,18.4,19.1,58.5,11.7,0.9,34.0,404.0,10.3,1.1,19.0,2.5,,7.1,,,0.63,,,100.0,,45.4,Cukup
CP034,Kacang sukro,Kacang & Biji,KZGPI- 1990,4.7,484,8.8,26.1,57.7,1.8,2.7,49.0,194.0,2.5,1.1,19.0,,,,,,0.06,,,100.0,,41.8,Cukup
CP035,Kacang tanah sari,Kacang & Biji,KZGPI- 1990,2.1,561,25.5,43.8,26.0,2.2,2.6,50.0,324.0,3.1,1.1,19.0,,,,,,0.08,,,100.0,,42.0,Cukup
CP036,Keju kacang tanah (peanut butter),Kacang & Biji,DABM-1964,3.0,590,27.0,49.0,20.9,1.6,0.1,60.0,360.0,2.0,1.1,19.0,0.57,,2.7,0.0,,0.3,,,100.0,,41.4,Cukup
CP037,Kembang tahu,Kacang & Biji,KZGPI- 1990,10.8,380,48.9,13.8,23.3,0.0,3.2,378.0,781.0,2.1,1.1,19.0,0.68,,4.2,0.0,,0.15,,,100.0,,47.7,Cukup
CP039,Keripik oncom,Kacang & Biji,KZGPI- 1990,3.0,598,8.3,43.8,42.6,3.3,2.2,85.0,153.0,27.0,1.1,19.0,,,,,1608.0,,,,,0.0,43.1,Cukup
CP040,Keripik tempe,Kacang & Biji,KZGPI- 1990,3.3,581,12.1,40.6,41.7,2.2,2.3,237.0,116.0,6.9,1.1,19.0,,,,,320.0,,,,,0.0,45.7,Cukup
CP041,Keripik tempe abadi besar,Kacang & Biji,KZGPI- 1990,4.5,556,15.8,37.1,39.8,3.5,2.8,112.0,215.0,5.4,1.1,19.0,,,,,0.0,,,,,0.0,43.7,Cukup
CP042,Keripik tempe abadi murni,Kacang & Biji,KZGPI- 1990,3.2,542,40.3,42.4,11.6,2.2,2.7,175.0,529.0,5.2,1.1,19.0,,,,,50.0,,,,,0.0,44.5,Cukup
CP043,Keripik tempe abadi sedang,Kacang & Biji,KZGPI- 1990,4.4,510,12.3,27.9,52.4,3.6,3.1,122.0,211.0,8.4,1.1,19.0,,,,,0.0,,,,,0.0,44.0,Cukup
CP044,Keripik tempe abadi telur,Kacang & Biji,KZGPI- 1990,4.5,529,20.8,31.7,40.2,3.0,2.9,124.0,222.0,5.4,1.1,19.0,,,,,0.0,,,,,0.0,43.8,Cukup
CP045,Kerupik tempe abadi prima,Kacang & Biji,KZGPI- 1990,4.8,540,16.7,33.9,42.0,2.2,2.6,92.0,184.0,3.2,1.1,19.0,,,,,1080.0,,,,,0.0,42.8,Cukup
CP046,Kwaci,Kacang & Biji,DABM-1964,9.9,515,30.6,42.1,13.8,13.6,3.7,54.0,312.0,6.2,1.1,124.0,,,,0.0,,,,,,0.0,47.2,Cukup
CP050,Moon tahu,Kacang & Biji,KZGMS-1993,79.9,128,8.0,10.0,1.3,0.2,0.8,205.0,92.0,2.5,1.1,393.0,,,,131.0,5300.0,,,,,0.0,46.6,Cukup
CP052,Oncom ampas kacang hijau,Kacang & Biji,KZGPI- 1990,13.4,376,14.9,6.0,65.7,12.3,1.7,199.0,110.0,10.9,1.1,19.0,,,,,,,,,,,49.0,Cukup
CP053,Oncom kacang hijau + singkong,Kacang & Biji,KZGPI- 1990,16.5,351,11.0,5.3,65.9,9.0,1.3,164.0,113.0,7.8,1.1,19.0,,,,,,,,,,,47.0,Cukup
CP054,Oncom kacang tanah pepes,Kacang & Biji,KZGPI- 1990,65.0,132,12.7,3.8,13.7,3.1,4.8,133.0,355.0,34.4,1.1,19.0,,,,,10.0,,,,,0.0,44.0,Cukup
CP055,Rempeyek kacang tanah,Kacang & Biji,KZGPI- 1990,3.9,513,17.5,32.5,44.3,1.7,1.8,65.0,202.0,2.6,1.1,19.0,,,,,0.0,,,,,0.0,42.1,Cukup
CP056,Rempeyek kacang tolo,Kacang & Biji,KZGPI- 1990,6.1,451,11.2,20.2,59.7,1.8,2.8,156.0,221.0,4.6,1.1,19.0,,,,,0.0,,,,,0.0,43.9,Cukup
CP057,Rempeyek kacang uci,Kacang & Biji,KZGPI- 1990,4.0,497,17.0,27.6,50.8,2.4,3.4,166.0,89.0,6.7,1.1,19.0,,,,,0.0,,,,,0.0,44.4,Cukup
CP058,Sayur lebui,Kacang & Biji,KZGMI-2001,83.9,64,2.1,0.6,12.5,5.7,0.9,21.0,2.0,1.0,1.1,124.0,,,,,,,,,,,43.4,Cukup
CP059,"Saridele, bubuk",Kacang & Biji,DABM-1964,3.0,344,30.0,20.0,43.0,6.2,4.0,450.0,500.0,4.0,1.1,56.0,,,,,2000.0,,,,,10.0,51.8,Cukup
CP060,Susu kedelai,Kacang & Biji,DABM-1964,87.0,41,3.5,2.5,5.0,0.2,2.0,50.0,45.0,0.7,1.1,128.0,,,,,200.0,,,,,2.0,41.9,Cukup
CP061,"Tahu, mentah",Kacang & Biji,KZGPI- 1990,82.2,80,10.9,4.7,0.8,0.1,1.4,223.0,183.0,3.4,1.1,2.0,,,,,,,,,,,44.5,Cukup
CP062,Tahu goreng,Kacang & Biji,KZGPI- 1990,77.3,115,9.7,8.5,2.5,0.1,2.0,229.0,200.0,4.1,1.1,7.0,,,,,0.0,,,,,0.0,44.7,Cukup
CP063,Tahu telur,Kacang & Biji,KZGMS- 1993,41.8,328,12.6,19.9,24.6,0.4,1.1,492.0,238.0,4.9,1.1,755.0,,,,73.0,1860.0,,,,,0.0,54.7,Cukup
CP064,Takwa,Kacang & Biji,KZGPI- 1990,72.2,148,13.8,8.5,4.0,0.0,1.6,140.0,214.0,8.5,1.1,3.0,,,,,920.0,,,,,,42.8,Cukup
CP065,Tauco,Kacang & Biji,KZGPI- 1990,54.0,184,11.4,5.5,22.2,1.9,6.9,72.0,463.0,6.0,1.1,1766.0,,,,,664.0,,,,,0.0,53.2,Cukup
CP066,"Tauco cap beruang, cake",Kacang & Biji,KZGPI- 1990,11.4,347,7.4,5.2,67.6,3.2,8.4,63.0,106.0,6.2,1.1,19.0,,,,,936.0,,,,,0.0,42.6,Cukup
CP067,"Tauco cap DAS, cake",Kacang & Biji,KZGPI- 1990,10.2,358,7.5,4.3,70.4,3.1,7.6,94.0,94.0,4.5,1.1,19.0,,,,,504.0,,,,,0.0,43.2,Cukup
CP068,Tauco cap meong,Kacang & Biji,KZGPI- 1990,59.7,159,7.4,4.9,21.3,1.6,6.7,183.0,84.0,10.1,1.1,1547.0,,,,,472.0,,,,,0.0,54.0,Cukup
CP069,Tauji cap singa,Kacang & Biji,KZGPI- 1990,30.4,277,9.1,4.7,49.6,1.2,6.2,68.0,106.0,3.0,1.1,19.0,,,,,936.0,,,,,0.0,42.0,Cukup
CP071,Tempe gembus P3G,Kacang & Biji,KZGPI- 1990,81.9,73,5.7,1.3,10.3,4.2,0.8,204.0,80.0,1.5,1.1,19.0,,,,,22.0,,,,,,45.9,Cukup
CP072,Tempe gembus yogya,Kacang & Biji,KZGPI- 1990,80.7,76,6.8,0.7,10.6,5.3,1.1,76.0,142.0,16.5,1.1,19.0,,,,,,,,,,,43.7,Cukup
CP073,Tempe kacang babi,Kacang & Biji,KZGPI- 1990,64.0,139,12.5,0.8,21.9,1.8,1.2,68.0,182.0,2.6,1.1,19.0,,,,,20.0,,,,,,42.2,Cukup
CP074,Tempe kacang belimbing,Kacang & Biji,KZGPI- 1990,58.2,212,17.5,10.0,12.9,2.9,1.4,186.0,160.0,2.2,1.1,19.0,,,,,,,,,,,45.0,Cukup
CP075,Tempe kedelai + jagung,Kacang & Biji,KZGPI- 1990,70.6,143,12.0,5.5,11.4,1.9,0.6,155.0,156.0,6.8,1.1,19.0,,,,,1320.0,,,,,,44.0,Cukup
CP076,"Tempe kedelai murni, goreng",Kacang & Biji,KZGPI- 1990,36.8,350,24.5,26.6,10.4,4.2,1.8,202.0,296.0,4.9,1.1,22.0,,,,,78.0,,,,,0.0,45.8,Cukup
CP077,"Tempe kedelai murni, mentah",Kacang & Biji,KZGPI- 1990,55.3,201,20.8,8.8,13.5,1.4,1.6,155.0,326.0,4.0,1.1,9.0,,,,,,,,,,,43.7,Cukup
CP079,Tempe lamtoro,Kacang & Biji,KZGPI- 1990,66.8,128,10.7,0.5,21.3,7.1,0.7,203.0,108.0,0.6,1.1,19.0,,,,,121.0,,,,,2.0,47.0,Cukup
CP080,"Tempe lamtoro var, gung dengan kulit",Kacang & Biji,KZGPI- 1990,65.1,146,11.7,2.3,19.6,7.6,1.3,128.0,41.0,6.8,1.1,19.0,,,,,1370.0,,,,,,45.7,Cukup
CP081,"Tempe lamtoro var, gung tanpa kulit",Kacang & Biji,KZGPI- 1990,67.1,131,18.0,0.8,13.0,1.3,1.1,95.0,154.0,12.4,1.1,19.0,,,,,5900.0,,,,,,42.5,Cukup
CP082,Tempe pasar,Kacang & Biji,KZGPI- 1990,68.3,150,14.0,7.7,9.1,1.4,0.9,517.0,202.0,1.5,1.1,7.0,,,,,,,,,,,50.9,Cukup
CP083,Tempe pasar goreng,Kacang & Biji,KZGPI- 1990,42.9,336,20.0,28.0,7.8,3.4,1.3,156.0,350.0,3.0,1.1,20.0,,,,,10.0,,,,,0.0,44.6,Cukup
CP084,Tepung hunkwe (pati kacang ijo),Kacang & Biji,DABM-1964,10.0,364,4.5,1.0,83.5,16.1,1.0,50.0,100.0,1.0,1.1,15.0,,,,0.0,,,,,,0.0,47.4,Cukup
CP085,Tepung Jalejo,Kacang & Biji,BKP,10.0,388,19.0,7.5,61.2,5.8,2.3,101.0,663.0,2.0,1.1,3.0,,,,,0.0,,,,,9.0,44.3,Cukup
CP086,Tepung kacang kedelai,Kacang & Biji,DABM-1964,9.0,347,35.9,20.6,29.9,5.8,4.0,195.0,544.0,8.4,1.1,52.0,,,,,140.0,,,,,0.0,46.5,Cukup
DR001,"Akar tonjong, segar",Sayuran,KZGPI-1990,86.7,45,1.1,0.4,10.8,1.2,1.0,72.0,125.0,1.3,0.5,96.0,,,,,83.0,,,,,2.0,42.5,Cukup
DR002,"Ale,toge, segar",Sayuran,KZGPI-1990,90.6,37,4.4,0.5,3.8,1.7,0.7,50.0,248.0,2.0,0.5,2.0,,,,,0.0,,,,,46.0,41.7,Cukup
DR003,"Andaliman, segar",Sayuran,KZGPI-1990,74.2,99,4.6,1.0,18.0,8.5,2.2,383.0,107.0,2.9,0.5,16.0,,,,,,,,,,15.0,51.1,Cukup
DR004,"Andewi, segar",Sayuran,DABM-1964,91.8,226,1.6,0.2,5.3,4.1,1.1,33.0,66.0,1.0,0.5,29.0,,,,,1717.0,,,,,10.0,42.5,Cukup
DR005,"Bakung, segar",Sayuran,KZGMI-2001,92.5,27,2.0,0.2,4.2,3.8,1.1,19.0,20.0,0.5,0.5,37.0,,,,,1080.0,,,,,42.0,42.1,Cukup
DR006,"Baligo, segar",Sayuran,DABM-1964,96.1,15,0.4,0.2,3.0,0.4,0.3,19.0,19.0,0.4,0.5,2.0,,,,,0.0,,,,,13.0,40.6,Cukup
DR007,"Bawang bombay, segar",Sayuran,DABM-1964,87.5,43,1.4,0.2,10.3,2.0,0.6,32.0,44.0,0.5,0.5,12.0,,,,,788.0,,,,,9.0,41.5,Cukup
DR008,"Bayam, segar",Sayuran,KZGPI-1990,94.5,16,0.9,0.4,2.9,0.7,1.3,166.0,76.0,3.5,0.5,16.0,,,,,2699.0,,,,,41.0,43.7,Cukup
DR009,"Bayam merah, segar",Sayuran,KZGMI-2001,88.5,41,2.2,0.8,6.3,2.2,2.2,520.0,80.0,7.0,0.5,20.0,,,,,7325.0,,,,,62.0,51.4,Cukup
DR010,"Bit, segar",Sayuran,DABM-1964,87.6,41,1.6,0.1,9.6,2.6,1.1,27.0,43.0,1.0,0.5,29.0,,,,,0.0,,,,,10.0,41.7,Cukup
DR011,Buah kelor,Sayuran,KZGMI-2001,89.5,38,1.5,0.2,7.5,3.2,1.3,30.0,54.0,0.0,0.5,48.0,,,,,31.0,,,,,25.0,42.2,Cukup
DR012,Buah merah,Sayuran,KZGMI-2001,81.2,87,2.6,2.7,13.1,4.0,0.4,30.0,1.0,1.1,0.5,110.0,,,,,0.0,,,,,15.0,42.9,Cukup
DR013,"Buncis, segar",Sayuran,KZGPI-1990,89.6,34,2.4,0.3,7.2,1.9,0.5,101.0,42.0,0.7,0.5,8.0,,,,,772.0,,,,,11.0,42.8,Cukup
DR014,"Bunga pepaya, segar",Sayuran,KZGPI-1990,87.3,45,2.6,0.3,8.1,1.6,1.7,290.0,113.0,4.2,0.5,2.0,,,,,2792.0,,,,,23.0,46.4,Cukup
DR015,"Bunga turi, segar",Sayuran,BKP,90.4,42,2.0,1.1,6.1,3.3,0.4,28.0,23.0,0.8,0.5,29.0,,,,,1200.0,,,,,1.0,42.0,Cukup
DR016,"Caisin, segar",Sayuran,KZGPI-1990,93.6,20,1.7,0.4,3.4,1.2,0.9,123.0,40.0,1.9,0.5,18.0,,,,,1675.0,,,,,3.0,43.0,Cukup
DR017,"Daun bangun-bangun, segar",Sayuran,KZGPI-1990,92.5,27,1.3,0.6,4.0,1.0,1.6,279.0,40.0,13.6,0.5,4.0,,,,,1489.0,,,,,5.0,46.0,Cukup
DR018,"Daun bawang merah, segar",Sayuran,KZGMI-2001,89.1,41,2.0,0.3,7.8,2.1,0.8,60.0,40.0,2.3,0.5,30.0,,,,,218.0,,,,,11.0,42.2,Cukup
DR019,"Daun bebuas, segar",Sayuran,KZGPI-1990,87.9,41,2.7,1.0,7.3,2.1,1.1,29.0,245.0,1.5,0.5,16.0,,,,,,,,,,3.0,41.5,Cukup
DR020,"Daun belem, segar",Sayuran,KZGPI-1990,84.6,50,4.4,1.4,7.8,1.9,1.8,698.0,151.0,7.5,0.5,16.0,,,,,,,,,,21.0,54.8,Cukup
DR022,"Daun gandaria, segar",Sayuran,DABM-1964,81.0,63,3.1,0.3,14.0,2.1,1.6,40.0,45.0,4.7,0.5,3.0,,,,,503.0,,,,,61.0,41.6,Cukup
DR023,"Daun gedi besar, segar",Sayuran,KZGMI-2001,84.0,58,2.9,0.7,10.0,3.3,2.4,440.0,100.0,1.9,0.5,30.0,,,,,596.0,,,,,11.0,50.3,Cukup
DR024,"Daun gedi kecil, segar",Sayuran,KZGMI-2001,83.7,61,3.2,0.7,10.4,3.4,2.0,420.0,70.0,1.7,0.5,20.0,,,,,607.0,,,,,11.0,49.9,Cukup
DR025,"Daun gelang, segar",Sayuran,KZGPI-1990,90.3,30,1.3,0.7,5.8,1.3,1.9,350.0,210.0,11.9,0.5,5.0,,,,,4701.0,,,,,1.0,47.5,Cukup
DR026,"Daun gunda bali, segar",Sayuran,KZGPI-1990,86.4,50,4.6,0.9,7.0,1.4,1.1,167.0,62.0,0.5,0.5,16.0,,,,,,,,,,20.0,44.0,Cukup
DR027,"Daun gunda serang, segar",Sayuran,KZGPI-1990,84.6,62,4.2,0.9,9.2,1.3,1.1,171.0,64.0,0.6,0.5,16.0,,,,,,,,,,20.0,44.0,Cukup
DR028,"Daun jambu mete muda, segar",Sayuran,DABM-1964,78.0,78,4.6,0.5,16.2,3.0,0.7,33.0,64.0,8.9,0.5,14.0,,,,,4484.0,,,,,65.0,41.9,Cukup
DR029,"Daun jampang, segar",Sayuran,KZGPI-1990,88.9,34,3.8,0.5,5.3,1.4,1.5,21.0,245.0,1.0,0.5,16.0,,,,,,,,,,3.0,41.1,Cukup
DR030,"Daun jawaw seluang, segar",Sayuran,KZGMI-2001,77.2,93,5.0,1.3,15.3,3.9,1.2,146.0,103.0,5.3,0.5,2.0,,,,,,,,,,9.0,44.5,Cukup
DR031,"Daun jonghe, segar",Sayuran,KZGPI-1990,91.4,27,2.1,0.7,4.4,2.0,1.4,253.0,192.0,9.5,0.5,16.0,,,,,,,,,,1.0,45.9,Cukup
DR032,"Daun kacang ma, segar",Sayuran,KZGPI-1990,89.1,36,2.9,0.6,6.8,1.8,0.6,64.0,220.0,2.2,0.5,7.0,,,,,2893.0,,,,,4.0,42.0,Cukup
DR033,"Daun kacang panjang, segar",Sayuran,KZGPI-1990,89.7,30,3.1,0.3,5.8,1.7,1.1,200.0,66.0,4.5,0.5,7.0,,,,,2734.0,,,,,30.0,44.7,Cukup
DR034,"Daun kasbi/singkong karet, segar",Sayuran,KZGMI-2001,80.3,92,4.0,3.6,10.9,5.8,1.2,140.0,70.0,1.6,0.5,70.0,,,,,9999.0,,,,,74.0,45.5,Cukup
DR035,"Daun katuk, segar",Sayuran,KZGPI-1990,81.0,59,6.4,1.0,9.9,1.5,1.7,233.0,98.0,3.5,0.5,21.0,,,,,9152.0,,,,,,45.4,Cukup
DR036,"Daun kecipir, segar",Sayuran,DABM-1964,85.0,52,5.0,0.5,8.5,2.4,1.0,134.0,81.0,6.2,0.5,6.0,,,,,3981.0,,,,,29.0,43.7,Cukup
DR037,"Daun kedondong, segar",Sayuran,DABM-1964,81.0,59,3.5,0.3,13.4,10.7,1.8,540.0,82.0,6.2,0.5,12.0,,,,,1624.0,,,,,29.0,55.1,Cukup
DR038,"Daun kelor, segar",Sayuran,KZGMI-2001,75.5,92,5.1,1.6,14.3,8.2,3.5,1077.0,76.0,6.0,0.5,61.0,,,,,3266.0,,,,,22.0,63.6,Baik
DR039,"Daun kemang, segar",Sayuran,DABM-1964,85.0,43,5.5,0.3,7.5,8.4,1.7,35.0,106.0,1.0,0.5,10.0,,,,,1282.0,,,,,30.0,44.1,Cukup
DR040,"Daun kenikir, segar",Sayuran,BKP,87.6,45,3.7,0.5,6.6,5.8,1.7,328.0,65.0,2.7,0.5,6.0,,,,,30200.0,,,,,0.0,48.9,Cukup
DR041,"Daun kesum, segar",Sayuran,KZGPI-1990,84.8,48,4.5,0.8,9.1,1.6,0.8,125.0,142.0,2.6,0.5,11.0,,,,,4216.0,,,,,4.0,43.2,Cukup
DR042,"Daun kol sawi, segar",Sayuran,KZGPI-1990,93.1,22,2.1,0.5,3.6,0.9,0.7,200.0,92.0,3.2,0.5,19.0,,,,,1806.0,,,,,3.0,44.5,Cukup
DR043,"Daun koro, segar",Sayuran,DABM-1964,91.0,23,3.0,0.3,3.7,2.4,2.0,134.0,81.0,6.2,0.5,4.0,,,,,2386.0,,,,,29.0,43.7,Cukup
DR044,"Daun kubis, segar",Sayuran,KZGMI-2001,86.2,51,2.5,1.1,8.0,3.4,2.2,100.0,50.0,3.4,0.5,50.0,,,,,9999.0,,,,,16.0,43.7,Cukup
DR045,"Daun kumak, segar",Sayuran,KZGPI-1990,95.2,14,1.3,0.3,2.3,0.9,0.9,90.0,59.0,2.7,0.5,2.0,,,,,1274.0,,,,,3.0,42.2,Cukup
DR046,"Daun labu siam, segar",Sayuran,DABM-1964,89.7,34,4.0,0.4,4.7,3.5,1.2,58.0,70.0,2.5,0.5,16.0,,,,,4773.0,,,0.4,1.7,,42.6,Cukup
DR047,"Daun labu waluh/kuning, segar",Sayuran,DABM-1964,89.7,34,3.6,0.6,4.5,2.9,1.6,138.0,99.0,3.7,0.5,16.0,,,,,1258.0,,,0.2,1.3,,44.0,Cukup
DR048,"Daun lamtoro, segar",Sayuran,KZGPI-1990,74.0,87,8.3,1.8,14.4,3.3,1.5,725.0,174.0,3.9,0.5,10.0,,,,,6900.0,,,0.1,2.3,,55.9,Cukup
DR049,"Daun leilem, segar",Sayuran,KZGMI-2001,79.4,76,2.8,0.2,15.8,3.1,1.8,296.0,22.0,3.4,0.5,6.0,,,,,753.0,,,0.1,2.5,,47.2,Cukup
DR051,"Daun lobak, segar",Sayuran,DKBM-1964,90.0,30,2.3,0.4,5.8,3.2,1.4,140.0,33.0,3.7,0.5,16.0,,,,,5039.0,,,1.1,6.5,,44.2,Cukup
DR052,"Daun lompong talas, segar",Sayuran,DABM-1964,87.2,44,3.0,0.8,7.4,3.3,1.6,76.0,59.0,1.0,0.5,3.0,,,,,2584.0,,,0.4,1.4,,42.8,Cukup
DR054,"Daun matel ambon, segar",Sayuran,KZGPI-1990,77.1,71,6.8,1.6,11.5,4.6,3.0,93.0,95.0,10.2,0.5,16.0,,,,,,,,,,,43.8,Cukup
DR055,"Daun melinjo, segar",Sayuran,DABM-1964,70.8,104,5.0,1.3,21.3,10.3,1.6,219.0,82.0,4.2,0.5,12.0,,,,,823.0,,,,,,48.5,Cukup
DR056,"Daun mengkudu, segar",Sayuran,KZGPI-1990,80.9,65,4.0,1.7,11.4,3.9,2.0,296.0,40.0,6.9,0.5,16.0,,,,,2.0,,,0.1,5.7,,47.6,Cukup
DR057,"Daun ndusuk, segar",Sayuran,KZGMI-2001,56.0,166,1.7,0.5,38.8,10.7,3.0,40.0,20.0,1.8,0.5,40.0,,,,,14457.0,,,0.1,0.1,,45.3,Cukup
DR058,"Daun oyong, segar",Sayuran,DABM-1964,93.0,22,1.0,0.1,5.3,2.0,0.6,21.0,44.0,2.0,0.5,40.0,,,,,855.0,,,0.1,0.8,,41.5,Cukup
DR059,"Daun pakis, segar",Sayuran,KZGPI-1990,86.8,39,4.5,0.4,6.9,2.0,1.4,136.0,159.0,2.3,0.5,20.0,,,,,1625.0,,,0.1,0.5,,43.6,Cukup
DR060,"Daun pakis longgiho, segar",Sayuran,KZGMI-2001,89.5,54,2.2,3.6,3.1,2.1,1.6,40.0,80.0,0.7,0.5,70.0,,,,,168.0,,,0.3,0.2,,42.1,Cukup
DR061,"Daun pakis wambateu, segar",Sayuran,KZGMI-2001,86.9,53,3.4,1.2,7.2,4.8,1.3,30.0,100.0,0.3,0.5,20.0,,,,,191.0,,,0.2,0.3,,42.6,Cukup
DR062,"Daun paku, segar",Sayuran,KZGMI-2001,88.8,29,3.4,0.1,6.5,4.3,1.2,13.0,88.0,1.3,0.5,19.0,,,,,18.0,,,0.1,11.7,,42.1,Cukup
DR063,"Daun pangi,segar",Sayuran,KZGMI-2001,76.1,104,3.9,0.6,17.9,8.3,1.5,256.0,22.0,1.8,0.5,4.0,,,,,55.0,,,0.1,0.1,,48.4,Cukup
DR064,"Daun pare, segar",Sayuran,KZGMI-2001,87.3,49,2.7,1.0,8.4,3.0,1.6,217.0,70.0,3.3,0.5,7.0,,,,,1800.0,,,0.2,0.6,,45.6,Cukup
DR065,"Daun pepaya, segar",Sayuran,DABM-1964,75.4,87,8.0,2.0,11.9,1.5,2.7,353.0,63.0,0.8,0.5,4.0,,,,,5409.0,,,0.5,1.9,,47.7,Cukup
DR066,"Daun pohpohan, segar",Sayuran,KZGPI-1990,87.4,37,2.5,0.8,6.9,2.6,2.4,744.0,80.0,5.9,0.5,16.0,,,,,,,,,,,56.0,Cukup
DR067,"Daun selasih, segar",Sayuran,KZGMI-2001,83.1,62,4.0,0.5,10.5,5.3,1.9,122.0,16.0,13.9,0.5,3.0,,,,,4112.0,,,0.1,0.2,,44.6,Cukup
DR068,"Daun semanggi, segar",Sayuran,KZGPI-1990,84.7,45,4.4,0.5,8.5,1.9,1.9,98.0,90.0,7.0,0.5,64.0,,,,,64.0,,,0.5,0.7,,43.1,Cukup
DR069,"Daun simpur, segar",Sayuran,KZGPI-1990,86.2,53,3.2,2.5,7.6,1.6,0.9,228.0,194.0,3.5,0.5,16.0,,,,,,,,,,,45.3,Cukup
DR070,"Daun singkil, segar",Sayuran,KZGPI-1990,80.9,68,2.0,1.0,15.2,3.3,0.9,178.0,86.0,2.1,0.5,16.0,,,,,,,,,,,45.0,Cukup
DR071,"Daun singkong, segar",Sayuran,KZGPI-1990,84.4,50,6.2,1.1,7.1,2.4,1.2,166.0,99.0,1.3,0.5,17.0,,,,,3204.0,,,0.1,1.8,,44.4,Cukup
DR072,"Daun singkong ambon, segar",Sayuran,DABM-1964,58.0,144,12.7,1.2,25.2,10.2,2.9,165.0,54.0,3.9,0.5,44.0,,,,,8627.0,,,1.0,4.2,,47.6,Cukup
DR073,"Daun singkong ampenan, segar",Sayuran,KZGMI-2001,84.4,50,6.2,1.1,7.1,2.4,1.2,352.0,123.0,2.7,0.5,49.0,,,,,7917.0,,,0.1,1.6,,48.3,Cukup
DR074,"Daun singkong kopang, segar",Sayuran,KZGMI-2001,81.1,74,6.3,0.7,10.7,4.6,1.2,142.0,115.0,1.7,0.5,32.0,,,,,3882.0,,,0.5,1.9,,44.9,Cukup
DR075,"Daun sintrong, segar",Sayuran,KZGPI-1990,88.5,36,2.6,0.9,6.1,1.7,1.9,398.0,95.0,9.3,0.5,64.0,,,,,10178.0,,,0.2,0.9,,49.0,Cukup
DR076,"Daun talas, segar",Sayuran,KZGPI-1990,81.1,59,3.0,0.4,13.5,3.0,2.0,236.0,50.0,2.4,0.5,4.0,,,,,3816.0,,,0.6,2.0,,45.9,Cukup
DR077,"Daun tespong, segar",Sayuran,DABM-1964,81.0,70,2.9,0.3,13.9,2.3,1.9,155.0,65.0,2.5,0.5,72.0,,,,,171.0,,,0.7,1.4,,44.5,Cukup
DR078,"Daun ubi kuning, segar",Sayuran,KZGMI-2001,83.5,62,3.7,0.3,11.1,6.4,1.4,170.0,40.0,0.6,0.5,10.0,,,,,3564.0,,,0.3,1.2,,46.0,Cukup
DR079,"Daun ubi merah, segar",Sayuran,KZGPI-1990,84.4,48,3.0,0.3,10.8,1.4,1.5,80.0,81.0,6.4,0.5,33.0,,,,,5453.0,,,0.2,1.2,,42.4,Cukup
DR080,"Daun ubi putih, segar",Sayuran,KZGMI-2001,87.5,46,2.8,0.2,8.2,4.8,1.3,120.0,50.0,0.8,0.5,10.0,,,,,103.0,,,0.3,0.9,,44.4,Cukup
DR081,"Daun ubi tinta, segar",Sayuran,KZGMI-2001,85.1,55,1.7,0.1,11.9,7.6,1.2,120.0,40.0,0.6,0.5,10.0,,,,,516.0,,,0.0,0.0,,45.5,Cukup
DR082,"Eceng, segar",Sayuran,DABM-1964,93.0,19,1.0,0.2,3.8,1.8,2.0,80.0,45.0,3.7,0.5,45.0,,,,,7.0,,,0.1,0.7,,42.6,Cukup
DR083,"Gambas (oyong), segar",Sayuran,DABM-1964,94.5,19,0.8,0.2,4.1,1.3,0.4,19.0,33.0,0.9,0.5,23.0,,,,,17.0,,,0.0,0.4,,41.0,Cukup
DR084,"Genjer, segar",Sayuran,DABM-1964,90.0,35,1.7,0.2,7.7,2.5,0.4,62.0,33.0,2.1,0.5,64.0,,,,,,,,0.1,1.1,,42.6,Cukup
DR085,"Jagung muda / semi, segar",Sayuran,DABM-1964,89.5,35,2.2,0.1,7.4,1.9,0.8,7.0,100.0,0.5,0.5,353.0,,,,,23.0,,,0.16,0.9,,43.1,Cukup
DR086,Jamur encik,Sayuran,KZGMI-2001,24.8,296,9.4,1.1,62.0,2.4,2.7,5.0,277.0,5.3,0.5,2.0,,,,,,,,0.1,,,41.1,Cukup
DR087,"Jamur kuping, kering",Sayuran,DABM-1964,14.9,294,16.0,0.9,64.6,46.5,3.6,51.0,223.0,6.7,0.5,174.0,,,,,11.0,,,0.6,2.7,,57.1,Cukup
DR088,"Jamur kuping, segar",Sayuran,DABM-1964,93.7,21,3.8,0.6,0.9,5.1,1.0,3.0,94.0,1.7,0.5,17.0,,,,,1.0,,,0.09,0.1,,42.2,Cukup
DR089,"Jamur merang, segar",Sayuran,BKP,91.5,30,3.5,0.2,4.0,2.4,0.8,14.0,117.0,1.0,0.5,6.0,,,,,0.0,,,0.2,0.5,,41.3,Cukup
DR090,"Jamur tiram, segar",Sayuran,BKP,92.5,30,1.9,0.1,5.5,3.6,0.6,9.0,83.0,0.7,0.5,22.0,,,,,0.0,,,0.2,1.0,,41.7,Cukup
DR091,Jamur sagu,Sayuran,KZGMI-2001,91.3,48,1.9,3.2,2.8,1.0,0.8,10.0,90.0,0.6,0.5,100.0,,,,,0.0,,,0.2,6.5,,41.2,Cukup
DR092,"Jantung pisang, segar",Sayuran,DABM-1964,90.2,32,1.2,0.3,7.1,3.2,1.2,30.0,50.0,0.1,0.5,3.0,,,,,201.0,,,0.03,0.8,,41.9,Cukup
DR093,"Jengkol, segar",Sayuran,KZGMI-2001,52.7,192,5.4,0.3,40.7,1.5,0.9,4.0,150.0,0.7,0.5,60.0,,,,,,,,,,31.0,41.0,Cukup
DR094,"Jotang, segar",Sayuran,DABM-1964,89.0,34,1.9,0.3,7.1,3.5,1.7,162.0,41.0,4.0,0.5,59.0,,,,,2.0,,,,,20.0,45.0,Cukup
DR095,"Kabau, segar",Sayuran,KZGMI-2001,67.2,130,6.7,0.3,25.2,2.9,0.6,4.0,204.0,0.5,0.5,1.0,,,,,165.0,,,,,16.0,41.2,Cukup
DR096,"Kacang mekah, polong, segar",Sayuran,KZGPI-1990,93.6,22,1.1,1.0,3.4,1.1,0.9,63.0,296.0,1.0,0.5,2.0,,,,,197.0,,,,,0.0,41.7,Cukup
DR097,"Kacang panjang, segar",Sayuran,KZGMI-2001,91.8,31,2.3,0.1,5.3,2.7,0.5,60.0,64.0,0.6,0.5,30.0,,,,,125.0,,,,,46.0,42.5,Cukup
DR098,Kacang ranti polong,Sayuran,KZGPI-1990,88.5,37,3.1,0.2,7.9,2.5,0.3,103.0,126.0,0.8,0.5,16.0,,,,,,,,,,6.0,43.1,Cukup
DR099,"Kalakai, segar",Sayuran,KZGMI-2001,89.9,38,2.4,0.2,6.6,5.8,0.9,18.0,90.0,1.1,0.5,7.0,,,,,44.0,,,,,8.0,42.7,Cukup
DR100,"Kangkung, segar",Sayuran,KZGPI-1990,91.0,28,3.4,0.7,3.9,2.0,1.0,67.0,54.0,2.3,0.5,65.0,,,,,2868.0,,,,,17.0,42.5,Cukup
DR101,Kangkung tondano,Sayuran,KZGMI-2001,88.5,43,1.8,0.2,8.4,4.3,1.1,72.0,9.0,0.7,0.5,30.0,,,,,2741.0,,,,,23.0,43.3,Cukup
DR102,"Kapri muda, segar",Sayuran,DABM-1964,86.8,45,3.3,0.2,9.0,1.8,0.7,51.0,85.0,1.0,0.5,2.0,,,,,72.0,,,,,49.0,41.7,Cukup
DR103,Karawila,Sayuran,KZGMI-2001,93.7,25,2.3,0.2,3.5,2.1,0.3,25.0,67.0,0.3,0.5,8.0,,,,,21.0,,,,,39.0,41.4,Cukup
DR104,"Kecipir muda, segar",Sayuran,DABM-1964,90.4,32,2.9,0.2,5.8,5.5,0.7,63.0,37.0,0.3,0.5,3.0,,,,,261.0,,,,,19.0,43.4,Cukup
DR105,"Kecombrang, segar",Sayuran,KZGPI-1990,90.0,34,0.9,1.0,6.7,2.6,1.4,60.0,16.0,1.0,0.5,47.0,,,,,0.0,,,,,0.0,42.5,Cukup
DR106,"Kelawi,kluwih, segar",Sayuran,DABM-1964,70.0,118,1.5,0.3,27.2,5.0,1.0,28.0,32.0,0.9,0.5,2.0,,,,,0.0,,,,,19.0,42.5,Cukup
DR107,"Kembang turi, segar",Sayuran,DABM-1964,87.4,51,1.8,0.6,9.6,5.0,0.6,23.0,29.0,0.9,0.5,22.0,,,,,201.0,,,,,41.0,42.6,Cukup
DR108,"Kerokot, segar",Sayuran,DABM-1964,93.0,26,1.7,0.4,3.8,1.0,1.1,103.0,39.0,3.6,0.5,4.0,,,,,0.0,,,,,25.0,42.5,Cukup
DR109,"Ketimun, segar",Sayuran,KZGPI-1990,97.9,8,0.2,0.2,1.4,0.3,0.3,29.0,95.0,0.8,0.5,2.0,,,,,18.0,,,,,1.0,40.7,Cukup
DR110,"Ketimun krai, segar",Sayuran,KZGPI-1990,96.8,10,0.5,0.2,2.0,0.6,0.5,20.0,98.0,1.0,0.5,10.0,,,,,19.0,,,,,3.0,40.7,Cukup
DR111,"Ketimun madura, segar",Sayuran,KZGPI-1990,97.1,9,0.5,0.1,1.9,0.7,0.4,15.0,102.0,0.6,0.5,2.0,,,,,25.0,,,,,5.0,40.6,Cukup
DR112,"Komak, segar",Sayuran,KZGMI-2001,74.3,99,3.3,0.1,21.2,10.3,1.1,50.0,99.0,13.1,0.5,15.0,,,,,5.0,,,,,,45.2,Cukup
DR113,Kool kembang,Sayuran,DABM-1964,91.7,25,2.4,0.2,4.9,1.6,0.8,22.0,72.0,1.1,0.5,47.0,,,,,24.0,,,,,69.0,41.4,Cukup
DR114,"Kool merah,kool putih",Sayuran,DABM-1964,92.4,29,1.4,0.2,5.3,1.9,0.9,46.0,31.0,0.5,0.5,28.0,,,,,46.0,,,,,50.0,41.8,Cukup
DR116,"Koro wedus, polong",Sayuran,DABM-1964,88.0,46,3.0,0.3,7.9,3.3,0.8,56.0,47.0,1.1,0.5,2.0,,,,,66.0,,,,,17.0,42.4,Cukup
DR117,"Kucai, segar",Sayuran,DABM-1964,86.3,45,2.2,0.3,10.3,4.8,0.9,52.0,50.0,1.1,0.5,21.0,,,,,2685.0,,,,,17.0,43.1,Cukup
DR118,"Kucai muda (Lokio), segar",Sayuran,DABM-1964,86.0,42,3.8,0.6,7.8,4.9,1.8,76.0,91.0,2.5,0.5,22.0,,,,,2744.0,,,,,59.0,43.6,Cukup
DR119,Kulit melinjo,Sayuran,KZGPI-1990,71.9,111,4.5,1.1,20.7,5.0,1.8,117.0,179.0,2.6,0.5,16.0,,,,,,,,,,7.0,44.4,Cukup
DR120,"Kundur, segar",Sayuran,KZGMI-2001,94.0,22,0.4,0.2,4.7,1.3,0.7,3.0,54.0,0.5,0.5,2.0,,,,,7.0,,,,,1.0,40.6,Cukup
DR121,"Labu air, segar",Sayuran,DABM-1964,95.0,19,0.6,0.2,3.8,0.6,0.4,12.0,18.0,0.6,0.5,2.0,,,,,11.0,,,,,10.0,40.5,Cukup
DR122,"Labu kuning, segar",Sayuran,KZGMI-2001,86.6,51,1.7,0.5,10.0,2.7,1.2,40.0,180.0,0.7,0.5,280.0,,,,,1569.0,,,,,2.0,43.6,Cukup
DR123,"Labu siam, segar",Sayuran,DABM-1964,92.3,30,0.6,0.1,6.7,6.2,0.3,14.0,25.0,0.5,0.5,3.0,,,,,48.0,,,,,18.0,42.7,Cukup
DR124,"Labu waluh, segar",Sayuran,DABM-1964,91.2,32,1.1,0.1,6.6,0.5,1.0,45.0,64.0,1.4,0.5,1.0,,,,,712.0,,,,,52.0,41.1,Cukup
DR125,"Lantar, segar",Sayuran,KZGMI-2001,91.2,34,2.2,0.3,5.5,2.9,0.8,10.0,58.0,0.4,0.5,3.0,,,,,38.0,,,,,4.0,41.4,Cukup
DR126,"Lobak, segar",Sayuran,DABM-1964,94.1,21,0.9,0.1,4.2,1.4,0.7,35.0,26.0,0.6,0.5,49.0,,,,,0.0,,,,,32.0,41.6,Cukup
DR127,"Lumai/Leunca, segar",Sayuran,KZGMI-2001,90.5,38,1.1,0.3,7.6,2.0,0.5,7.0,55.0,1.0,0.5,2.0,,,,,25.0,,,,,17.0,40.9,Cukup
DR129,Mostarda metan -sawi,Sayuran,KZGMI-2001,91.4,33,2.3,0.5,4.7,1.8,1.1,60.0,30.0,3.1,0.5,20.0,,,,,1575.0,,,,,12.0,42.0,Cukup
DR130,"Nangka muda, segar",Sayuran,DABM-1964,85.4,57,2.0,0.4,11.3,8.3,0.9,45.0,29.0,0.5,0.5,1.0,,,,,21.0,,,,,9.0,44.2,Cukup
DR131,"Paria putih, segar",Sayuran,KZGPI-1990,94.4,19,1.0,0.4,3.6,1.3,0.6,31.0,65.0,0.9,0.5,5.0,,,,,197.0,,,,,58.0,41.2,Cukup
DR132,"Pepare ular, segar",Sayuran,KZGMI-2001,95.1,19,0.6,0.1,3.9,1.0,0.3,20.0,10.0,0.4,0.5,130.0,,,,,69.0,,,,,9.0,41.6,Cukup
DR133,"Pepaya muda, segar",Sayuran,DABM-1964,92.3,29,2.1,0.1,4.9,2.1,0.6,50.0,16.0,0.4,0.5,22.0,,,,,0.0,,,,,19.0,42.0,Cukup
DR134,"Petai, segar",Sayuran,KZGMI-2001,77.2,92,5.4,1.1,15.2,2.0,1.1,14.0,170.0,1.6,0.5,55.0,,,,,114.0,,,,,34.0,41.4,Cukup
DR135,"Peterseli, segar",Sayuran,DABM-1964,83.9,53,3.7,1.0,9.0,0.0,2.4,193.0,84.0,4.3,0.5,18.0,,,,,2940.0,,,,,,44.0,Cukup
DR136,"Pucuk lumai/daun leunca, segar",Sayuran,KZGMI-2001,91.0,33,4.5,0.4,2.8,2.4,1.3,13.0,75.0,2.9,0.5,2.0,,,,,,,,,,41.0,41.2,Cukup
DR137,"Putri malu, segar",Sayuran,KZGMI-2001,80.2,76,3.6,0.3,14.6,7.1,1.3,119.0,84.0,3.3,0.5,1.0,,,,,4762.0,,,,,6.0,45.2,Cukup
DR138,"Rebung, segar",Sayuran,KZGMI-2001,93.3,25,0.8,0.1,5.3,9.7,0.5,3.0,5.0,0.5,0.5,3.0,,,,,10.0,,,,,0.0,43.9,Cukup
DR139,"Rimbang, segar",Sayuran,KZGMI-2001,80.8,75,1.6,0.6,15.8,10.0,1.2,55.0,97.0,0.6,0.5,20.0,,,,,51.0,,,,,38.0,45.2,Cukup
DR140,Rumput laut,Sayuran,KZGMI-2001,87.0,41,1.4,0.3,8.1,2.2,3.2,80.0,20.0,1.6,0.5,250.0,,,,,1958.0,,,,,7.0,44.0,Cukup
DR141,"Sawi, segar",Sayuran,DABM-1964,92.2,28,2.3,0.3,4.0,2.5,1.2,220.0,38.0,2.9,0.5,22.0,,,,,2042.0,,,,,,45.5,Cukup
DR142,"Sawi putih / pecai, segar",Sayuran,KZGPI-1990,96.6,9,1.0,0.1,1.7,0.8,0.6,56.0,,5.0,0.5,16.0,,0.1,,,,,0.4,3.0,,,41.5,Cukup
DR143,"Sawi taiwan, segar",Sayuran,KZGMI-2001,91.8,30,1.9,0.5,4.4,2.7,1.4,100.0,,27.0,0.5,16.0,,0.7,,,,,0.6,33.0,,,43.2,Cukup
DR144,"Sawi tanah, segar",Sayuran,KZGMI-2001,94.9,19,1.3,0.2,2.9,2.2,1.0,92.0,,17.0,0.5,16.0,,0.4,,,,,0.1,36.0,,,42.8,Cukup
DR145,"Selada, segar",Sayuran,DABM-1964,94.8,18,1.2,0.2,2.9,1.8,0.9,22.0,,19.0,0.5,16.0,,0.2,,,,,0.4,8.0,,,41.3,Cukup
DR146,"Selada air, segar",Sayuran,KZGPI-1990,93.3,17,3.1,0.2,2.2,0.7,1.2,95.0,,65.0,0.5,16.0,,0.2,,,,,0.7,56.0,,,42.3,Cukup
DR147,"Seledri, segar",Sayuran,DABM-1964,93.0,23,1.0,0.1,4.6,2.0,1.3,50.0,,64.0,0.5,16.0,,0.4,,,,,0.4,11.0,,,41.9,Cukup
DR148,"Taoge, segar",Sayuran,KZGPI-1990,90.4,34,3.7,1.2,4.3,1.1,0.4,166.0,,19.0,0.5,16.0,,0.4,,,,,1.1,5.0,,,43.9,Cukup
DR149,"Taoge kacang kedelai, segar",Sayuran,DABM-1964,81.0,76,9.0,2.6,6.4,0.7,1.0,50.0,,5.0,0.5,16.0,,0.7,,,,,1.2,15.0,,,41.4,Cukup
DR150,"Taoge kacang tunggak, segar",Sayuran,DABM-1964,88.0,40,5.0,0.2,5.8,2.6,1.0,57.0,,2.0,0.5,16.0,,0.5,,,,,0.8,15.0,,,42.3,Cukup
DR151,"Tebu terubuk (lilin), segar",Sayuran,DABM-1964,91.0,30,4.6,0.4,3.0,0.8,1.0,40.0,,699.0,0.5,16.0,,1.1,,,,,1.2,50.0,,,41.2,Cukup
DR152,"Tekokak, segar",Sayuran,DABM-1964,89.0,34,2.0,0.1,7.9,4.9,1.0,50.0,,3.0,0.5,16.0,,0.2,,,,,0.9,8.0,,,43.0,Cukup
DR153,"Tekokak, kering",Sayuran,DABM-1964,12.3,302,8.3,1.7,72.6,21.2,8.1,370.0,,9.0,0.5,16.0,,1.0,,,,,5.1,0.0,,,55.9,Cukup
DR154,"Terong, segar",Sayuran,DABM-1964,92.7,28,1.1,0.2,5.5,2.1,0.5,15.0,,9.0,0.5,16.0,,0.1,,,,,0.5,5.0,,,41.2,Cukup
DR155,"Terong asam, segar",Sayuran,KZGMI-2001,90.5,37,2.0,0.4,6.3,3.2,0.8,13.0,,3.0,0.5,16.0,,0.3,,,,,0.8,4.0,,,41.6,Cukup
DR156,"Terung belanda, segar",Sayuran,KZGPI-1990,87.3,52,2.1,1.1,8.6,1.4,1.0,16.0,,,0.5,16.0,,,,,,,0.0,12.0,,,41.0,Cukup
DR157,"Terung bengkulu, segar",Sayuran,KZGPI-1990,86.6,52,1.1,0.4,11.2,3.2,0.8,19.0,,14.0,0.5,16.0,,1.0,,,,,0.0,6.0,,,41.7,Cukup
DR158,"Terong hintalo, segar",Sayuran,KZGMI-2001,89.2,45,1.9,0.8,7.5,5.1,0.6,19.0,,167.0,0.5,16.0,,0.2,,,,,,4.0,,,42.5,Cukup
DR159,Terung panjang,Sayuran,KZGPI-1990,91.8,25,2.1,0.1,5.3,0.5,0.7,38.0,,9.0,0.5,16.0,,0.2,,,,,0.7,8.0,,,41.1,Cukup
DR160,"Tomat, air (sari), segar",Sayuran,DABM-1964,94.0,20,1.0,0.2,3.5,0.4,1.3,7.0,,10.0,0.5,16.0,,0.1,,,,,0.7,10.0,,,40.4,Cukup
DR161,"Tomat merah, segar",Sayuran,KZGPI-1990,92.9,24,1.3,0.5,4.7,1.5,0.6,8.0,,10.0,0.5,16.0,,0.2,,,,,0.4,34.0,,,40.9,Cukup
DR162,"Tomat muda, segar",Sayuran,DABM-1964,93.0,24,2.0,0.7,3.3,1.8,2.0,5.0,,10.0,0.5,16.0,,0.2,,,,,0.7,30.0,,,40.9,Cukup
DR163,"Uceng/ bunga melinjo, segar",Sayuran,KZGPI-1990,79.5,82,5.8,1.3,11.7,4.8,1.7,70.0,,,0.5,16.0,,,,,,,,3.0,,,43.4,Cukup
DR164,"Umbut kelapa, segar",Sayuran,KZGMI-2001,89.3,39,2.0,0.2,7.2,2.5,1.3,57.0,,4.0,0.5,16.0,,1.4,,,,,,8.0,,,42.2,Cukup
DR165,Umbut rotan,Sayuran,KZGMI-2001,90.5,34,2.4,0.3,5.5,2.2,1.3,89.0,,8.0,0.5,16.0,,1.9,,,,,,9.0,,,42.7,Cukup
DR166,"Wortel, segar",Sayuran,KZGPI-1990,,36,,7.9,,2.4,,1.0,,,0.06,16.0,,,7125.0,0.04,0.04,,,,,,41.1,Cukup
DP001,"Bayam, kukus",Sayuran,KZGPI-1990,,30,,5.8,,2.4,,5.7,,,0.1,16.0,0.0,,3750.0,0.02,0.1,,,,,,41.2,Cukup
DP002,"Bayam ,rebus",Sayuran,KZGPI-1990,,23,,3.7,,2.4,,0.5,,,0.2,16.0,0.0,,2864.0,0.02,0.1,,,,,,41.1,Cukup
DP003,"Buncis, rebus",Sayuran,KZGPI-1990,,30,,6.4,,2.4,,0.5,,,0.1,16.0,,,402.0,0.01,0.29,,,,,,41.1,Cukup
DP004,"Daun kacang panjang, kukus",Sayuran,KZGPI-1990,,40,,8.0,,2.4,,3.7,,,0.2,16.0,0.0,,5781.0,0.15,0.2,,,,,,41.1,Cukup
DP005,"Daun katuk, rebus",Sayuran,KZGPI-1990,,53,,9.1,,2.4,,3.1,,,0.3,16.0,0.0,,9000.0,0.0,0.3,,,,,,41.1,Cukup
DP006,"Daun kelor, rebus",Sayuran,KZGPI-1990,,61,,10.0,,2.4,,2.1,,,0.1,16.0,,,6071.0,0.1,0.1,,,,,,41.1,Cukup
DP008,"Daun singkong, rebus",Sayuran,KZGPI-1990,,31,,4.8,,2.4,,2.6,,,0.1,16.0,,,4150.0,0.02,0.1,,,,,,41.1,Cukup
DP009,"Daun talas, rebus",Sayuran,KZGPI-1990,,27,,5.9,,2.4,,1.4,,,0.5,16.0,0.0,,2682.0,0.0,0.6,,,,,,41.1,Cukup
DP010,"Daun ubi merah, kukus",Sayuran,KZGPI-1990,,56,,13.0,,2.4,,4.3,,,0.1,16.0,,,5397.0,0.0,0.2,,,,,,41.1,Cukup
DP011,"Kacang panjang ,kukus",Sayuran,KZGPI-1990,,39,,7.6,,2.4,,1.2,,,0.11,16.0,0.0,,205.0,0.02,0.1,,,,,,41.1,Cukup
DP012,"Kacang panjang, rebus",Sayuran,KZGPI-1990,,30,,5.8,,2.4,,0.8,,,0.1,16.0,0.0,,162.0,0.0,0.07,,,,,,41.1,Cukup
DP013,"Kangkung, kukus",Sayuran,KZGPI-1990,,30,,4.7,,2.4,,4.4,,,0.1,16.0,0.0,,5837.0,0.03,0.28,,,,,,41.1,Cukup
DP014,"Kangkung, rebus",Sayuran,KZGPI-1990,,22,,3.1,,2.4,,3.5,,,0.1,16.0,0.0,,4325.0,0.01,0.22,,,,,,41.1,Cukup
DP015,"Paria putih, kukus",Sayuran,KZGPI-1990,,16,,3.4,,2.4,,0.5,,,0.0,16.0,,,65.0,0.15,0.04,,,,,,41.1,Cukup
DP016,"Selada, rebus",Sayuran,KZGPI-1990,,19,,2.9,,2.4,,1.4,,,0.05,16.0,,,3700.0,0.08,0.2,,,,,,41.1,Cukup
DP018,"Taoge, seduh",Sayuran,KZGPI-1990,,28,,4.0,,2.4,,0.5,,,0.19,16.0,,,18.0,0.1,0.0,,,,,,41.1,Cukup
DP019,"Terung panjang, kukus",Sayuran,KZGPI-1990,,23,,4.9,,2.4,,0.5,,,67.1,16.0,0.0,,20.0,0.0,0.07,,,,,,41.1,Cukup
DP020,"Wortel, rebus",Sayuran,KZGPI-1990,,28,,6.3,,2.4,,0.6,,,0.1,16.0,0.0,,5396.0,0.01,0.03,,,,,,41.1,Cukup
DP021,"Wortel, kukus",Sayuran,KZGPI-1990,,37,,8.3,,2.4,,0.6,,,0.11,16.0,0.0,,7150.0,0.02,0.03,,,,,,41.1,Cukup
DP023,"Anyang, sayur",Sayuran,KZGMI-2001,76.9,126,3.4,7.9,10.3,5.4,,1.5,,,2.9,16.0,181.0,,0.3,,,3263.0,,,,,42.3,Cukup
DP024,"Ares, sayur",Sayuran,KZGMI-2001,77.7,113,0.9,7.2,11.2,4.7,,3.0,,,1.5,16.0,,,0.7,,,6.0,,,,,42.0,Cukup
DP025,Arwan sirsir,Sayuran,KZGMI-2001,59.0,277,2.4,25.0,10.7,4.6,,2.9,,,2.4,16.0,320.0,,0.2,,,1578.0,,,,0.2,42.0,Cukup
DP026,Beberuk,Sayuran,KZGMI-2001,89.1,65,1.1,5.2,3.5,3.1,,1.1,,,8.3,16.0,427.0,,0.4,,,44.0,,,,,41.3,Cukup
DP027,Botok lamtoro,Sayuran,KZGPI-1990,63.9,186,11.7,9.7,13.0,2.1,,2.2,,,26.0,16.0,,,,,,,179.0,,,,41.0,Cukup
DP028,Buntil daun talas,Sayuran,KZGPI-1990,74.5,141,4.4,10.2,8.0,1.8,,3.0,,,14.5,16.0,,,,,,,8610.0,,,,40.9,Cukup
DP029,Cammetutu,Sayuran,KZGMI-2001,79.6,102,3.2,6.0,8.7,4.3,,2.5,,,0.5,16.0,518.0,,0.3,,,1123.0,,,,0.4,41.8,Cukup
DP030,"Cap cai, sayur",Sayuran,KZGMS- 1993,82.7,97,5.8,6.3,4.2,0.6,,1.0,,,1.8,16.0,,,,,,,1640.0,,,,40.4,Cukup
DP031,Gado-gado,Sayuran,KZGPI-1990,68.5,137,6.1,3.2,21.0,1.1,,1.5,,,7.5,16.0,,,,,,,5929.0,,,,40.6,Cukup
DP032,"Gudeg, sayur",Sayuran,KZGPI-1990,69.2,160,3.3,9.2,16.0,2.3,,2.1,,,12.8,16.0,,,,,,,166.0,,,,41.0,Cukup
DP033,Gulai pakis,Sayuran,KZGPI-1990,76.1,143,4.0,11.4,6.0,1.4,,2.6,,,1.7,16.0,,,,,,,9802.0,,,,40.7,Cukup
DP034,Gulai pliek,Sayuran,KZGMI-2001,71.9,176,7.3,14.9,3.2,2.4,,2.7,,,1.4,16.0,285.0,,0.3,,,,,,,,41.1,Cukup
DP035,Kadada katembe,Sayuran,KZGMI-2001,80.0,110,4.5,6.9,7.1,3.9,,1.5,,,0.0,16.0,131.0,,0.2,,,46.0,,,,,41.7,Cukup
DP036,"Kaparende, sayur",Sayuran,KZGMI-2001,91.7,38,2.4,2.0,2.6,1.5,,1.3,,,0.0,16.0,43.0,,0.0,,,40.0,,,,,40.7,Cukup
DP037,"Karedok, sayur",Sayuran,KZGPI-1990,79.0,92,2.2,3.3,14.1,1.4,,1.4,,,2.4,16.0,,,,,,,1.0,,,,40.7,Cukup
DP038,Keripik bayam,Sayuran,KZGPI-1990,2.3,586,4.9,40.6,50.2,0.5,,1.9,,,3.6,16.0,,,,,,,4544.0,,,,40.3,Cukup
DP039,Kotiu hinela tawang nggole,Sayuran,KZGMI-2001,88.4,46,2.2,1.5,6.0,3.8,,1.9,,,0.0,16.0,103.0,,1.6,,,75.0,,,,,41.6,Cukup
DP040,Lema/ Rebung asam,Sayuran,KZGMI-2001,96.3,15,1.0,0.4,1.9,2.4,,0.4,,,2.9,16.0,156.0,,0.1,,,,,,,0.0,41.1,Cukup
DP041,Lilin bungkus gedi,Sayuran,KZGMI-2001,84.8,79,2.3,5.2,5.8,2.5,,1.9,,,0.9,16.0,50.0,,0.2,,,,,,,0.1,41.1,Cukup
DP042,Olah-olah,Sayuran,KZGMI-2001,83.9,9,2.1,6.0,7.1,4.4,,0.9,,,1.2,16.0,266.0,,0.3,,,36.0,,,,0.1,41.9,Cukup
DP043,Paku hinela wulelenggapaya,Sayuran,KZGMI-2001,83.4,77,3.5,4.6,5.4,3.6,,3.1,,,0.0,16.0,37.0,,0.3,,,55.0,,,,0.1,41.6,Cukup
DP044,Pelecing kangkung,Sayuran,KZGMI-2001,83.8,75,2.5,2.8,10.0,5.4,,0.9,,,2.1,16.0,381.0,,0.1,,,870.0,,,,,42.2,Cukup
DP045,Purundawa,Sayuran,KZGMI-2001,91.8,25,1.5,0.5,3.6,1.7,,2.6,,,0.0,16.0,201.0,,0.1,,,55.0,,,,0.1,40.8,Cukup
DP046,Rujak cingur,Sayuran,KZGPI-1990,70.1,153,11.3,8.4,8.0,1.4,,1.4,,,4.4,16.0,,,,,,,2880.0,,,,40.7,Cukup
DP047,Sayur asem,Sayuran,KZGPI-1990,93.2,29,0.7,0.6,5.0,0.6,,0.8,,,3.1,16.0,,,,,,,2075.0,,,,40.4,Cukup
DP048,Sayur bunga pepaya,Sayuran,KZGMI-2001,83.4,49,1.7,0.3,9.8,2.7,,2.1,,,1.3,16.0,350.0,,0.1,,,372.0,,,,,41.2,Cukup
DP049,Sayur garu,Sayuran,KZGMI-2001,70.8,178,2.6,13.9,10.6,8.4,,2.1,,,0.9,16.0,120.0,,0.1,,,,,,,,43.5,Cukup
DP050,Sayur kohu-kohu,Sayuran,KZGMI-2001,72.8,133,7.3,6.6,11.2,1.2,,2.1,,,0.2,16.0,50.0,,0.1,,,944.0,,,,,40.6,Cukup
DP051,Sayur lilin-terubuk,Sayuran,KZGMI-2001,90.4,36,2.7,0.7,4.8,1.4,,1.4,,,0.1,16.0,44.0,,0.2,,,,,,,,40.7,Cukup
DP052,Sayur ndusuk,Sayuran,KZGMI-2001,87.5,49,3.1,2.5,3.6,2.4,,3.1,,,0.5,16.0,88.0,,,,,,,,,,41.1,Cukup
DP053,Sayur sop,Sayuran,KZGPI-1990,92.7,27,1.3,2.0,1.0,0.3,,2.7,,,1.8,16.0,,,,,,,2569.0,,,,40.3,Cukup
DP054,Sayur umbut kelapa,Sayuran,KZGMI-2001,85.5,67,5.2,2.9,5.1,1.4,,1.3,,,3.2,16.0,108.0,,0.2,,,21.0,,,,,40.7,Cukup
DP055,Sayur umbut rotan,Sayuran,KZGMI-2001,87.6,57,5.4,2.6,3.1,1.6,,1.3,,,1.2,16.0,81.0,,0.2,,,18.0,0.0,,,,40.8,Cukup
DP056,Shabu-shabu,Sayuran,KZGMS- 1993,87.1,88,3.2,8.0,0.8,0.9,,0.9,,,2.9,16.0,,,,,,,2000.0,,,,40.5,Cukup
DP057,Semur jengkol,Sayuran,KZGMS- 1993,52.7,212,6.0,10.0,29.1,2.4,,2.2,,,1.0,16.0,,,,,,,81.0,,,,41.1,Cukup
DP058,Tinira ninahu nggaluku,Sayuran,KZGMI-2001,91.8,33,1.2,1.3,4.1,3.1,,1.5,,,0.0,16.0,119.0,,0.2,,,6.0,0.0,,,,41.4,Cukup
DP059,Tumis bayam bersantan,Sayuran,KZGPI-1990,91.2,48,1.4,4.2,2.6,0.5,,0.6,,,0.8,16.0,,,,,,,2988.0,,,,40.3,Cukup
DP060,Waluh balamak,Sayuran,KZGMI-2001,89.4,45,0.8,0.9,8.1,7.9,,1.0,,,0.5,16.0,15.0,,,,,1241.0,0.0,,,,43.2,Cukup
DP061,Woku ubi,Sayuran,KZGMI-2001,73.0,143,3.1,7.8,15.0,7.0,,1.1,,,2.8,16.0,256.0,,0.3,,,1519.0,0.0,,,,42.9,Cukup
ER023,"Durian, segar",Buah,DABM-1964,,134,3.0,3.5,,44.0,1.3,21.0,601.0,,0.1,0.3,,,,,,53.0,,,,,55.4,Cukup
ER024,"Duwet, segar",Buah,KZGPI- 1990,,80,0.6,0.9,,138.0,1.3,21.0,92.7,,191.3,0.3,,,,,,,,,,,55.4,Cukup
ER025,"Embacang, segar",Buah,DABM-1964,,98,0.2,1.9,,15.0,0.5,21.0,250.9,,0.1,0.1,,,,,,56.0,,,,,46.3,Cukup
ER027,"Erbis, segar",Buah,DABM-1964,,70,0.0,7.7,,50.0,1.1,21.0,257.1,,0.1,0.1,,,,,,16.0,,,,,55.4,Cukup
ER029,"Gatep, segar",Buah,KZGPI- 1990,,191,1.5,13.4,,69.0,3.2,21.0,403.3,,0.7,1.3,,,,,,,,,,,55.4,Cukup
ER030,"Jambu air, segar",Buah,DABM-1964,,46,0.2,2.1,,9.0,1.1,21.0,321.2,,0.2,0.1,,,,,,5.0,,,,,44.0,Cukup
ER031,Jambu biji,Buah,DABM-1964,,49,0.3,2.4,,28.0,1.1,21.0,52.8,,0.0,0.3,,,,,,87.0,,,,,51.5,Cukup
ER032,Jambu bj putih tdk brbj,Buah,KZGPI- 1990,,61,0.3,4.5,,41.0,0.2,21.0,103.0,,0.0,0.5,,,,,,,,,,,55.4,Cukup
ER033,"Jambu bol, segar",Buah,KZGMI-2001,,49,0.2,3.5,,8.0,0.3,21.0,14.0,,0.0,0.0,,,,,,22.0,,,,,43.6,Cukup
ER035,"Jeruk bali, segar",Buah,DABM-1964,,48,0.2,0.8,,27.0,0.5,21.0,366.1,,171.3,0.1,,,,,,43.0,,,,,51.1,Cukup
ER036,"Jeruk banjar, segar",Buah,KZGMI-2001,,61,0.2,5.4,,13.0,0.2,21.0,79.0,,0.1,0.1,,,,,,31.0,,,,,45.6,Cukup
ER037,Jeruk garut-keprok,Buah,DABM-1964,,44,0.3,1.6,,23.0,0.4,21.0,518.1,,169.3,0.2,,,,,,31.0,,,,,49.5,Cukup
ER038,"Jeruk Kalamansi, segar",Buah,BKP,,39,0.3,2.3,,85.0,0.5,21.0,82.0,,0.3,0.1,,,,,,30.0,,,,,55.4,Cukup
ER039,"Jeruk manis, segar",Buah,DABM-1964,,45,0.2,1.4,,23.0,0.4,21.0,472.1,,160.0,0.2,,,,,,49.0,,,,,49.5,Cukup
ER040,"Jeruk nipis, segar",Buah,KZGPI- 1990,,44,0.2,0.4,,22.0,0.2,21.0,108.9,,0.1,0.1,,,,,,20.0,,,,,49.1,Cukup
ER041,"Jeruk ragi, segar",Buah,KZGPI- 1990,,49,0.2,0.5,,67.0,0.7,21.0,457.3,,155.0,0.2,,,,,,30.0,,,,,55.4,Cukup
ER042,"Kawista, segar",Buah,KZGPI- 1990,,120,2.5,4.6,,230.0,1.6,21.0,1015.6,,308.4,0.4,,,,,,3.0,,,,,55.4,Cukup
ER043,"Kedondong masak, segar",Buah,DABM-1964,,46,0.1,2.6,,22.0,2.8,21.0,216.2,,0.0,0.1,,,,,,30.0,,,,,49.1,Cukup
ER044,"Kedondong, segar",Buah,KZGMI-2001,,47,0.2,2.7,,58.0,0.8,21.0,0.0,,0.2,0.2,,,,,,32.0,,,,,55.4,Cukup
ER045,"Kelapa hutan, kering",Buah,KZGMI-2001,,623,,15.3,,280.0,3.8,21.0,460.0,,1.7,1.9,,,,,,,,,,,55.4,Cukup
ER046,"Kelapa muda, daging, segar",Buah,DABM-1964,,68,0.9,0.0,,30.0,1.0,21.0,564.6,,0.1,0.3,,,,,,4.0,,,,,52.3,Cukup
ER071,"Nangka masak pohon, segar",Buah,DABM-1964,,106,0.3,3.7,,19.0,0.9,21.0,407.0,,246.6,1.4,,,,,,7.0,,,,,47.9,Cukup
ER073,"Pepaya, segar",Buah,DABM-1964,,46,12.0,1.6,,12.0,1.7,21.0,221.0,,0.0,0.3,,,,,,78.0,,,,,45.2,Cukup
ER074,"Pisang ambon, segar",Buah,KZGMI-2001,,108,0.8,1.9,,30.0,0.2,21.0,0.0,,0.2,0.2,,,,,,9.0,,,,,52.3,Cukup
ER075,"Pisang angleng (pisang ampyang), segar",Buah,DABM-1964,,68,0.2,0.8,,26.0,0.6,21.0,215.7,,0.0,0.0,,,,,,6.0,,,,,50.7,Cukup
ER076,"Pisang ayam, segar",Buah,KZGMI-2001,,120,0.2,4.1,,61.0,0.4,21.0,392.0,,0.1,0.3,,,,,,26.0,,,,,55.4,Cukup
ER077,"Pisang gapi, segar",Buah,KZGMI-2001,,131,0.1,11.7,,40.0,0.3,21.0,392.0,,0.1,0.3,,,,,,13.0,,,,,55.4,Cukup
ER078,"Pisang goroho, segar",Buah,KZGMI-2001,,119,0.2,4.6,,30.0,0.2,21.0,359.0,,0.1,0.3,,,,,,10.0,,,,,52.3,Cukup
ER079,"Pisang hijau, segar",Buah,KZGPI- 1990,,121,0.1,0.4,,37.0,0.9,21.0,529.4,,0.3,0.6,,,,,,13.0,,,,,55.0,Cukup
ER080,"Pisang kayu, segar",Buah,KZGMI-2001,,100,0.5,2.6,,0.0,0.1,21.0,493.0,,0.1,0.3,,,,,,11.0,,,,,40.4,Cukup
ER081,"Pisang kepok, segar",Buah,KZGMI-2001,,109,0.5,5.7,,30.0,0.5,21.0,300.0,,0.1,0.2,,,,,,9.0,,,,,52.3,Cukup
ER082,"Pisang ketip, segar",Buah,KZGMI-2001,,145,0.3,6.6,,54.0,0.1,21.0,726.0,,0.2,0.5,,,,,,95.0,,,,,55.4,Cukup
ER083,"Pisang kidang, segar",Buah,KZGPI- 1990,,96,0.2,0.6,,173.0,0.6,21.0,418.8,,0.2,0.5,,,,,,2.0,,,,,55.4,Cukup
ER084,"Pisang lampung, segar",Buah,DABM-1964,,99,0.2,4.3,,19.0,0.9,21.0,475.0,,0.3,0.5,,,,,,4.0,,,,,47.9,Cukup
ER085,"Pisang mas bali ampenan, segar",Buah,KZGMI-2001,,92,0.2,3.7,,29.0,1.2,21.0,272.0,,0.2,0.4,,,,,,11.0,,,,,51.9,Cukup
ER086,"Pisang mas bali kopang, segar",Buah,KZGMI-2001,,127,0.2,3.7,,0.0,0.1,21.0,616.0,,0.1,0.4,,,,,,17.0,,,,,40.4,Cukup
ER087,"Pisang mas, segar",Buah,DABM-1964,,127,0.2,1.4,,25.0,0.8,21.0,392.0,,195.8,0.5,,,,,,2.0,,,,,50.3,Cukup
ER088,"Pisang raja sereh, segar",Buah,KZGPI- 1990,,108,0.3,0.7,,38.0,0.1,21.0,522.6,,0.3,0.6,,,,,,2.0,,,,,55.4,Cukup
ER089,"Pisang raja, segar",Buah,DABM-1964,,120,0.2,5.3,,22.0,0.8,21.0,582.2,,0.3,0.7,,,,,,10.0,,,,,49.1,Cukup
ER090,"Pisang rotan, segar",Buah,KZGPI- 1990,,98,1.2,1.0,,51.0,1.1,21.0,406.9,,0.2,0.5,,,,,,2.0,,,,,55.4,Cukup
ER091,"Pisang talas, segar",Buah,KZGMI-2001,,113,0.2,4.4,,22.0,0.6,21.0,48.0,,0.3,0.1,,,,,,9.0,,,,,49.1,Cukup
ER092,Pisang tujuh bulan,Buah,KZGMI-2001,,94,0.2,3.7,,20.0,0.2,21.0,4.0,,0.1,0.4,,,,,,6.0,,,,,48.3,Cukup
ER093,"Pisang ua, segar",Buah,KZGMI-2001,,128,0.5,8.1,,28.0,0.7,21.0,382.0,,0.2,0.3,,,,,,4.0,,,,,51.5,Cukup
ER094,"Pisang uli, segar",Buah,KZGPI- 1990,,134,0.5,1.4,,53.0,0.9,21.0,650.3,,0.3,0.7,,,,,,3.0,,,,,55.4,Cukup
FR001,"Anak sapi, daging, gemuk, segar",Daging & Unggas,DABM-1964,,184,,0.0,5.2,0.0,,2.2,490.1,,0.17,3.3,,,,0.13,0.17,,100.0,,,,40.1,Cukup
FR002,"Anak sapi, daging, kurus, segar",Daging & Unggas,DABM-1964,,174,,0.0,1.4,0.0,,2.9,399.8,,0.14,2.7,,,,0.08,0.14,,100.0,,,,40.1,Cukup
FR003,"Anak sapi, daging, sedang, segar",Daging & Unggas,DABM-1964,,190,,0.0,0.9,0.0,,2.9,412.7,,0.14,2.8,,,,0.14,0.15,,100.0,,,,40.1,Cukup
FR004,"Angsa, daging, segar",Daging & Unggas,DABM-1964,,349,,0.0,1.0,0.0,,1.8,299.2,,0.26,1.7,,,,0.1,0.24,,60.0,,,,40.0,Cukup
FR005,"Ayam, daging, segar",Daging & Unggas,DABM-1964,,298,,0.0,0.9,0.0,,1.5,385.9,,0.11,0.6,,,,0.08,0.14,,58.0,,,,40.0,Cukup
FR007,"Ayam, hati, segar",Daging & Unggas,KZGMS- 1993,,261,,1.6,1.5,0.0,,15.8,22.9,,0.84,0.0,,,28000.0,0.64,4.38,,100.0,,,,40.3,Cukup
FR008,"Babi, daging, gemuk,segar",Daging & Unggas,DABM-1964,,453,,0.0,1.1,0.0,,1.8,819.3,,0.22,0.4,,,,0.58,0.59,,100.0,,,,40.0,Cukup
FR009,"Babi, daging, kurus, segar",Daging & Unggas,DABM-1964,,371,,0.0,0.9,0.0,,2.1,706.3,,0.19,0.4,,,,0.67,0.33,,100.0,,,,40.0,Cukup
FR010,"Babi, ginjal, segar",Daging & Unggas,DABM-1964,,110,,0.8,1.2,0.0,,8.0,390.0,,0.71,3.2,,,,0.58,1.59,,100.0,,,,40.2,Cukup
FR011,"Babi, hati, segar",Daging & Unggas,DABM-1964,,129,,1.7,1.5,0.0,,18.0,447.0,,0.58,0.1,,,,0.4,1.16,,100.0,,,,40.4,Cukup
FR012,"Bebek (itik), daging, segar",Daging & Unggas,DABM-1964,,321,,0.0,1.1,0.0,,1.8,199.0,,0.21,1.2,,,,0.1,0.28,,60.0,,,,40.0,Cukup
FR013,"Bebek alabio, daging, segar",Daging & Unggas,KZGMI-2001,,303,,3.7,1.0,0.0,,4.8,260.0,,0.7,2.0,,,,0.36,0.04,,100.0,,,,40.1,Cukup
FR014,"Belibis, daging, segar",Daging & Unggas,KZGMI-2001,,131,,2.8,1.4,0.0,,9.6,104.0,,1.2,1.6,,,,0.37,0.08,,100.0,,,,40.2,Cukup
FR016,"Domba, daging, gemuk, segar",Daging & Unggas,DABM-1964,,317,,0.0,0.8,0.0,,2.4,242.1,,0.11,3.7,,,,0.14,0.23,,100.0,,,,40.1,Cukup
FR017,"Domba, daging, kurus, segar",Daging & Unggas,DABM-1964,,202,,0.0,1.8,0.0,,2.6,355.0,,0.08,2.8,,,,0.15,0.26,,100.0,,,,40.1,Cukup
FR018,"Domba, ginjal, segar",Daging & Unggas,DABM-1964,,100,,1.0,1.3,0.0,,9.2,276.0,,0.48,2.4,,,,0.51,2.35,,100.0,,,,40.2,Cukup
FR019,"Kambing, daging, segar",Daging & Unggas,DABM-1964,,149,,0.0,3.9,0.0,,1.0,268.7,,0.31,4.9,,,,0.09,0.23,,100.0,,,,40.1,Cukup
FR021,"Kerbau, daging, segar",Daging & Unggas,DABM-1964,80.0,79,18.7,0.5,0.0,0.0,,2.5,,,3.3,2.0,,,1.6,,,,0.06,0.17,5.0,,40.1,Cukup
FR022,"Kuda, daging, segar",Daging & Unggas,DABM-1964,76.0,113,18.1,4.1,0.9,0.0,,2.5,,,2.7,2.0,,,2.5,0.0,,,0.07,0.07,3.0,,40.1,Cukup
FR023,"Sapi, babat, segar",Daging & Unggas,DABM-1964,76.7,108,17.6,4.2,0.0,0.0,,2.5,,,1.0,2.0,,,2.2,0.0,,,0.15,0.17,1.7,,40.1,Cukup
FR024,"Sapi, daging, gemuk, segar",Daging & Unggas,DABM-1964,60.0,273,17.5,22.0,0.0,0.0,,2.5,,,2.6,2.0,,,6.4,12.0,,,0.08,0.18,7.3,,40.1,Cukup
FR025,"Sapi, daging, kurus, segar",Daging & Unggas,DABM-1964,69.0,174,19.6,10.0,0.0,0.0,,2.5,,,2.9,2.0,,,4.9,6.0,,,0.07,0.51,1.2,,40.1,Cukup
FR026,"Sapi, daging, lemak sedang, segar",Daging & Unggas,DABM-1964,66.0,201,18.8,14.0,0.0,0.0,,2.5,,,2.8,2.0,,,5.2,9.0,,,0.08,0.56,1.3,,40.1,Cukup
FR027,"Sapi, daleman, segar",Daging & Unggas,KZGMI-2001,70.1,183,12.0,14.4,1.4,0.0,,2.5,,,1.8,2.0,,,0.8,,,,0.31,0.22,8.4,,40.1,Cukup
FR028,"Sapi, dideh/darah",Daging & Unggas,DABM-1964,75.6,98,21.9,1.1,0.0,0.0,,2.5,,,1.3,2.0,,,0.2,15.0,,,0.01,0.03,0.9,,40.1,Cukup
FR029,"Sapi, ginjal, segar",Daging & Unggas,DABM-1964,74.9,137,15.0,8.1,0.9,0.0,,2.5,,,7.9,2.0,,,,348.0,,,0.37,1.22,6.1,,40.1,Cukup
FR030,"Sapi, keleponan, segar",Daging & Unggas,KZGMI-2001,83.8,84,10.5,4.6,0.2,0.0,,2.5,,,2.1,2.0,,,1.7,857.0,,,0.1,0.14,0.3,,40.1,Cukup
FR031,"Sapi, liver, segar",Daging & Unggas,DABM-1964,69.7,132,19.7,3.2,6.0,0.0,,2.5,,,6.6,2.0,,,2.3,13303.0,,,0.26,1.52,11.4,,40.1,Cukup
FR032,"Sapi, otak, segar",Daging & Unggas,DABM-1964,78.9,123,10.4,8.6,0.8,0.0,,2.5,,,3.6,2.0,,,0.9,0.0,,,0.23,0.19,3.9,,40.1,Cukup
FR033,"Sapi, usus, segar",Daging & Unggas,DABM-1964,76.7,126,14.0,7.2,1.5,0.0,,2.5,,,4.0,2.0,,,,61.0,,,0.08,0.33,0.2,,40.1,Cukup
FR034,Ulat sagu segar,Daging & Unggas,KZGMI-2001,65.9,241,5.8,21.6,5.8,2.8,,2.5,,,0.5,2.0,,,7.7,,,,0.17,1.45,0.1,,41.2,Cukup
FP001,"Ayam, ampela, goreng",Daging & Unggas,KZGMS- 1993,4.8,270,32.3,11.2,9.9,0.0,,2.5,,,4.9,2.0,,,3.3,56.0,,0.0,0.21,,4.72,,40.1,Cukup
FP002,"Ayam, usus, goreng",Daging & Unggas,KZGPI-1990,4.6,473,45.2,26.3,13.9,0.0,,2.5,,,8.4,2.0,,,,6.0,,224.0,0.57,,0.0,,40.1,Cukup
FP003,"Bebek, daging, goreng",Daging & Unggas,KZGMI-2001,48.8,300,24.0,20.7,4.5,0.0,,2.5,,,4.1,2.0,,,3.0,,,,0.1,0.4,10.6,,40.1,Cukup
FP005,Ham,Daging & Unggas,DABM-1964,42.0,384,16.9,35.0,0.3,0.0,,2.5,,,2.5,2.0,,,0.4,0.0,,,0.7,0.95,9.7,,40.1,Cukup
FP011,"Sapi, abon",Daging & Unggas,KZGPI-1990,7.1,212,18.0,10.6,59.3,7.5,,2.5,,,12.3,2.0,,,,0.0,,138.0,0.17,,,,43.0,Cukup
FP012,"Sapi, abon, asli",Daging & Unggas,KZGPI-1990,24.8,358,14.6,16.1,38.6,2.5,,2.5,,,14.6,2.0,,,,3.0,,144.0,0.13,,,,41.0,Cukup
FP013,"Sapi, daging, asap",Daging & Unggas,DABM-1964,60.0,182,32.0,6.0,0.0,0.0,,2.5,,,5.0,2.0,,,5.1,6.0,,,0.12,,,5.9,40.1,Cukup
FP015,"Sapi, daging, kornet",Daging & Unggas,DABM-1964,53.0,289,16.0,25.0,0.0,0.0,,2.5,,,4.0,2.0,,,4.0,0.0,,,0.01,,,2.7,40.1,Cukup
FP017,"Sapi, hati, sosis (liverworst)",Daging & Unggas,DABM-1964,56.6,274,16.0,22.0,3.0,2.3,,2.5,,,4.0,2.0,,,2.2,1201.0,,,0.2,,,4.0,41.0,Cukup
FP020,"Ulat sagu, panggang",Daging & Unggas,KZGMI-2001,41.3,380,11.9,30.3,14.9,4.8,,2.5,,,1.5,2.0,,,14.2,,,,0.5,,,0.1,42.0,Cukup
FP021,"Ayam goreng church texas, dada",Daging & Unggas,KZGPI- 1990,42.2,338,35.2,20.6,0.4,0.0,,2.5,,,5.6,2.0,,,1.1,16.0,,80.0,0.52,,,12.1,40.1,Cukup
FP022,"Ayam goreng church,texas paha",Daging & Unggas,KZGPI- 1990,50.3,287,31.0,15.7,1.7,0.0,,2.5,,,4.1,2.0,,,1.5,22.0,,30.0,0.66,,,5.3,40.1,Cukup
FP023,"Ayam goreng church texas, sayap",Daging & Unggas,KZGPI- 1990,47.2,295,34.0,16.0,1.5,0.0,,2.5,,,3.0,2.0,,,1.2,13.0,,50.0,0.44,,,6.2,40.1,Cukup
FP024,"Ayam goreng kalasan, paha",Daging & Unggas,KZGPI- 1990,46.2,275,37.4,12.2,1.3,0.0,,2.5,,,5.8,2.0,,,1.5,10.0,,50.0,0.1,,,,40.1,Cukup
FP025,"Ayam goreng kentucky, dada",Daging & Unggas,KZGPI- 1990,46.5,298,34.2,16.8,0.1,0.0,,2.5,,,5.5,2.0,,,1.0,36.0,,50.0,0.19,,,0.0,40.1,Cukup
FP026,"Ayam goreng Kentucky, paha",Daging & Unggas,KZGPI- 1990,48.7,286,32.1,16.1,1.1,0.0,,2.5,,,6.9,2.0,,,2.3,31.0,,20.0,0.5,,,5.5,40.1,Cukup
FP027,"Ayam goreng Kentucky,sayap",Daging & Unggas,KZGPI- 1990,44.7,297,35.9,15.2,1.6,0.0,,2.5,,,4.4,2.0,,,1.4,22.0,,70.0,0.73,,,6.5,40.1,Cukup
FP028,Ayam goreng mbok berek dada,Daging & Unggas,KZGPI- 1990,43.4,295,39.2,13.6,1.0,0.0,,2.5,,,5.4,2.0,,,,8.0,,50.0,0.19,,,,40.1,Cukup
FP029,"Ayam goreng pasundan, dada",Daging & Unggas,KZGPI-1990,50.1,246,37.9,9.0,0.7,0.0,,2.5,,,7.5,2.0,,,,6.0,,70.0,0.16,,,0.0,40.1,Cukup
FP030,"Ayam goreng pasundan, paha",Daging & Unggas,KZGPI-1990,52.8,245,33.1,11.4,0.3,0.0,,2.5,,,7.3,2.0,,,,8.0,,40.0,0.37,,,0.0,40.1,Cukup
FP034,"Ayam taliwang, masakan",Daging & Unggas,KZGMI-2001,,264,,2.7,1.5,0.0,,2.0,408.0,,0.4,2.0,1067.0,,,,,,,,,,40.1,Cukup
FP035,"Babi hutan masak rica, masakan",Daging & Unggas,KZGMI-2001,,491,,0.2,2.7,0.0,,1.2,327.0,,0.2,2.0,2193.0,,,,,,,,,,40.0,Cukup
FP043,"Coto mangkasara, kuda, masakan",Daging & Unggas,KZGMI-2001,,96,,3.8,0.9,0.0,,2.3,31.0,,0.1,2.0,,,,,,,,,,,40.1,Cukup
FP044,"Coto mangkasara, sapi, masakan",Daging & Unggas,KZGMI-2001,,84,,1.4,0.7,0.0,,4.0,25.0,,0.3,2.0,,,,,,,,,,,40.1,Cukup
FP047,Gulai kambing,Daging & Unggas,KZGMI-2001,,126,,6.2,1.8,0.0,,1.3,138.0,,0.2,2.0,151.0,,,,,,,,,,40.0,Cukup
FP048,"Jangang bintatoeng, masakan",Daging & Unggas,KZGMI-2001,,107,,16.5,2.4,0.0,,2.5,406.0,,0.2,2.0,,,,,,,,,,,40.1,Cukup
FP055,"Lawara jangang, masakan",Daging & Unggas,KZGMI-2001,,159,,10.1,1.6,0.0,,1.5,2368.0,,0.1,2.0,14.0,,,,,0.16,,,100.0,,40.0,Cukup
FP056,"Naan maran sapi, masakan",Daging & Unggas,KZGMI-2001,,478,,5.1,7.9,0.0,,11.8,320.0,,0.6,2.0,33.0,,,,,,0.2,,100.0,,40.2,Cukup
FP057,"Nasu likku, masakan",Daging & Unggas,KZGMI-2001,,196,,15.9,2.3,0.0,,1.0,470.0,,0.3,2.0,,,,,,0.24,1.5,,100.0,,40.0,Cukup
FP058,"Oramu ninahu ndawa olaho, masakan",Daging & Unggas,KZGMI-2001,,117,,4.3,0.1,0.0,,2.0,727.0,,0.3,2.0,4095.0,,,,,0.04,1.7,,100.0,,40.1,Cukup
FP059,"Paniki masak santan, masakan",Daging & Unggas,KZGMI-2001,,460,,7.2,3.7,0.0,,5.5,532.0,,0.4,2.0,954.0,,,,,0.19,,,100.0,,40.1,Cukup
FP063,"RW, anjing, masakan",Daging & Unggas,KZGMI-2001,,198,,0.9,3.0,0.0,,4.0,226.0,,0.1,2.0,256.0,,,,,0.2,,,100.0,,40.1,Cukup
FP066,"Penyu, serapah, masakan",Daging & Unggas,KZGPI-1990,,174,,2.2,1.2,0.0,,9.5,507.0,,0.8,2.0,1302.0,,,,,,,,100.0,,40.2,Cukup
FP067,"Sie reuboh, masakan",Daging & Unggas,KZGMI-2001,,474,,11.7,2.2,0.0,,1.3,176.0,,2.4,2.0,141.0,,9.0,,,0.26,,,100.0,,40.0,Cukup
FP072,"Sop konro, masakan",Daging & Unggas,KZGMI-2001,,71,,4.5,0.5,0.0,,4.6,25.0,,0.3,2.0,,,,,,0.02,,0.0,100.0,,40.1,Cukup
FP073,"Sop saudara, masakan",Daging & Unggas,KZGMI-2001,,89,,3.9,1.5,0.0,,9.0,50.0,,0.2,2.0,,,,,,0.12,2.0,0.0,100.0,,40.2,Cukup
FP074,"Soto bandung, masakan",Daging & Unggas,KZGPI-1990,89.9,42,3.9,1.7,2.8,0.4,,2.5,,,1.8,2.0,,,,,6.0,20.0,0.0,,,,40.2,Cukup
FP076,"Soto betawi, masakan",Daging & Unggas,KZGPI-1990,75.9,135,2.5,8.8,11.5,0.5,,2.5,,,1.9,2.0,,,,,6.0,,336.0,,,,40.3,Cukup
FP078,"Soto kudus, masakan",Daging & Unggas,KZGPI-1990,91.6,38,2.6,2.3,1.8,0.2,,2.5,,,1.7,2.0,,,,,23.0,,128.0,,,,40.1,Cukup
FP079,"Soto madura, masakan",Daging & Unggas,KZGPI-1990,89.8,60,3.5,4.5,1.3,0.0,,2.5,,,3.8,2.0,,,,,26.0,,121.0,,,,40.1,Cukup
FP080,"Soto padang, masakan",Daging & Unggas,KZGPI-1990,75.0,127,5.9,6.6,11.0,0.7,,2.5,,,1.5,2.0,,,,,12.0,,204.0,,,,40.3,Cukup
FP081,"Soto pekalongan, masakan",Daging & Unggas,KZGPI-1990,83.8,94,3.0,6.8,5.1,0.3,,2.5,,,2.0,2.0,,,,,14.0,,119.0,,,,40.2,Cukup
FP082,"Soto pemalang, masakan",Daging & Unggas,KZGPI-1990,86.0,75,3.6,5.2,3.5,0.0,,2.5,,,2.1,2.0,,,,,16.0,,30.0,,,,40.1,Cukup
FP083,"Soto sukaraja, masakan",Daging & Unggas,KZGPI-1990,75.9,80,3.2,3.5,9.0,0.3,,2.5,,,2.3,2.0,,,,,12.0,,89.0,,,,40.2,Cukup
FP084,"Soto sulung, masakan",Daging & Unggas,KZGPI-1990,88.1,86,2.3,8.5,0.0,0.0,,2.5,,,2.9,2.0,,,,,20.0,,105.0,,,,40.1,Cukup
FP085,"Sukiyaki, masakan",Daging & Unggas,KZGMS- 1993,81.0,75,5.6,0.4,12.2,0.2,,2.5,,,0.5,2.0,,,,,41.0,,1200.0,,,,40.1,Cukup
GR001,"Belut, segar","Ikan, Kerang & Udang",KZGMI-2001,81.5,70,14.6,0.8,1.0,0.0,,21.0,,,1.5,55.0,,0.2,,,,,,0.12,7.7,,40.8,Cukup
GR002,"Belut,laut, segar","Ikan, Kerang & Udang",KZGPI- 1990,79.5,93,12.8,1.5,6.1,0.0,,21.0,,,3.0,33.0,,0.1,,51.0,,,,0.0,2.7,,40.6,Cukup
GR003,"Cumi-cumi, segar","Ikan, Kerang & Udang",KZGPI- 1990,82.2,75,16.1,0.7,0.1,0.0,,21.0,,,1.8,37.0,,1.6,,0.0,,,,0.0,2.5,,40.7,Cukup
GR004,"Ikan bader, segar","Ikan, Kerang & Udang",DABM- 1964,66.0,193,19.0,13.0,0.0,0.0,,21.0,,,0.4,118.0,,0.1,,45.0,,,,0.1,4.1,,41.2,Cukup
GR005,"Ikan balong, segar","Ikan, Kerang & Udang",KZGPI- 1990,76.5,107,16.5,3.9,1.5,0.0,,21.0,,,2.0,86.0,,0.5,,25.0,,,,0.1,2.5,,41.0,Cukup
GR006,"Ikan bambangan, segar","Ikan, Kerang & Udang",KZGPI- 1990,73.7,112,20.0,1.3,3.7,0.0,,21.0,,,3.0,148.0,,0.0,,0.0,,,,0.0,0.3,,41.3,Cukup
GR007,"Ikan bandeng, segar","Ikan, Kerang & Udang",DABM- 1964,74.0,123,20.0,4.8,0.0,0.0,,21.0,,,2.0,67.0,,0.0,,45.0,,,,0.1,6.0,,40.8,Cukup
GR008,"Ikan banjar, segar","Ikan, Kerang & Udang",KZGPI- 1990,73.5,111,19.4,0.9,4.8,0.0,,21.0,,,7.3,99.0,,0.2,,0.0,,,,0.2,7.3,,41.0,Cukup
GR009,"Ikan baronang, segar","Ikan, Kerang & Udang",KZGMI-2001,80.0,78,14.5,0.6,3.7,0.0,,21.0,,,3.8,26.0,,4.7,,732.0,,,,0.04,3.0,,40.6,Cukup
GR010,"Ikan batung, segar","Ikan, Kerang & Udang",KZGMI-2001,75.7,115,14.5,4.6,4.2,0.0,,21.0,,,0.0,42.0,,0.2,,,,,,0.04,1.1,,40.7,Cukup
GR011,"Ikan baung, segar","Ikan, Kerang & Udang",KZGMI-2001,74.9,123,15.1,5.5,3.3,0.0,,21.0,,,1.3,32.0,,0.1,,,,,,0.03,1.2,,40.6,Cukup
GR012,"Ikan bawal, segar","Ikan, Kerang & Udang",DABM- 1964,78.0,91,19.0,1.7,0.0,0.0,,21.0,,,2.0,129.0,,0.1,,45.0,,,,0.1,1.8,,41.2,Cukup
GR013,"Ikan Belida, segar","Ikan, Kerang & Udang",KZGMI-2001,79.2,80,14.7,1.4,2.2,0.0,,21.0,,,1.3,41.0,,0.0,,,,,,0.14,1.4,,40.7,Cukup
GR014,"Ikan beunteur, segar","Ikan, Kerang & Udang",DABM- 1964,70.0,109,17.0,4.0,0.0,0.0,,21.0,,,1.0,109.0,,0.6,,45.0,,,,0.1,2.6,,41.1,Cukup
GR015,"Ikan biawan, segar","Ikan, Kerang & Udang",KZGMI-2001,79.1,90,14.9,2.5,2.1,0.0,,21.0,,,1.0,35.0,,0.4,,,,,,0.03,2.9,,40.6,Cukup
GR016,"Ikan bili, segar","Ikan, Kerang & Udang",KZGMI-2001,68.3,88,14.2,0.7,6.2,0.0,,21.0,,,1.5,217.0,,0.0,,,,,,0.09,2.7,,41.8,Cukup
GR017,"Ikan bubara, segar","Ikan, Kerang & Udang",KZGMI-2001,75.5,100,14.7,2.4,4.9,0.0,,21.0,,,0.4,390.0,,0.7,,,,,,,,,42.9,Cukup
GR018,"Ikan bulan-bulan, segar","Ikan, Kerang & Udang",KZGMI-2001,66.7,134,25.5,1.3,5.0,0.0,,21.0,,,0.5,197.0,,0.1,,,,,,0.02,0.8,,41.7,Cukup
GR019,"Ikan cakalang, segar","Ikan, Kerang & Udang",KZGMI-2001,73.0,107,19.6,0.7,5.5,0.0,,21.0,,,2.9,66.0,,0.2,,386.0,,,,0.05,21.7,,40.8,Cukup
GR020,"Ikan cakalang, hati, segar","Ikan, Kerang & Udang",KZGMI-2001,73.4,120,11.3,3.9,10.0,0.0,,21.0,,,0.9,420.0,,1.6,,,,,,,0.2,,43.0,Cukup
GR021,"Ikan cakalang, jantung, segar","Ikan, Kerang & Udang",KZGMI-2001,76.3,116,11.2,1.2,10.2,0.0,,21.0,,,3.4,360.0,,0.5,,908.0,,,,,0.1,,42.7,Cukup
GR022,"Ikan cakalang, perut, segar","Ikan, Kerang & Udang",KZGMI-2001,79.1,86,10.2,1.1,8.7,0.0,,21.0,,,2.1,230.0,,0.3,,,,,,,0.3,,41.9,Cukup
GR023,"Ikan daun, segar","Ikan, Kerang & Udang",KZGMI-2001,78.6,101,11.5,4.1,4.6,0.0,,21.0,,,0.8,209.0,,,0.1,,,,0.08,0.07,0.1,,41.7,Cukup
GR024,"Ikan ekor kuning, segar","Ikan, Kerang & Udang",KZGMI-2001,74.1,108,22.3,1.2,2.1,0.0,,21.0,,,0.5,209.0,,,0.1,,,,0.0,0.1,0.2,,41.7,Cukup
GR025,"Ikan gabus, segar","Ikan, Kerang & Udang",KZGMI-2001,79.6,80,16.2,0.5,2.6,0.0,,21.0,,,0.1,209.0,,,0.3,,,,0.4,0.2,0.1,,41.7,Cukup
GR027,"Ikan hitam, segar","Ikan, Kerang & Udang",KZGMI-2001,78.2,101,10.3,3.7,6.7,0.0,,21.0,,,0.4,209.0,,,,,,,0.0,0.1,0.1,,41.7,Cukup
GR028,"Ikan hiu, segar","Ikan, Kerang & Udang",KZGPI- 1990,85.7,57,10.7,0.3,2.2,0.0,,21.0,,,2.0,209.0,,,0.02,,,0.0,0.05,,,,41.7,Cukup
GR029,"Ikan kacangan, segar","Ikan, Kerang & Udang",KZGPI- 1990,80.7,77,15.6,0.9,1.6,0.0,,21.0,,,1.7,209.0,,,,,,0.0,0.07,,,,41.7,Cukup
GR030,"Ikan kakap, segar","Ikan, Kerang & Udang",DABM- 1964,77.0,92,20.0,0.7,0.0,0.0,,21.0,,,1.0,209.0,,,,,,,0.05,,,,41.7,Cukup
GR032,"Ikan kalaban, segar","Ikan, Kerang & Udang",KZGMI-2001,80.3,77,16.4,0.7,1.3,0.0,,21.0,,,0.9,209.0,,,0.7,,,,0.16,0.15,1.9,,41.7,Cukup
GR033,"Ikan kamera (kakap merah), segar","Ikan, Kerang & Udang",KZGMI-2001,78.5,86,19.7,0.8,0.0,0.0,,21.0,,,0.3,209.0,,,0.3,,,,,0.08,0.1,,41.7,Cukup
GR034,"Ikan kapar, segar","Ikan, Kerang & Udang",KZGMI-2001,74.2,132,17.0,6.7,0.8,0.0,,21.0,,,1.2,209.0,,,0.9,,,,0.07,0.03,,,41.7,Cukup
GR036,"Ikan keru-keru, segar","Ikan, Kerang & Udang",KZGPI- 1990,77.2,93,16.5,2.1,0.8,0.0,,21.0,,,2.4,209.0,,,0.34,,,0.0,0.01,0.09,1.6,,41.7,Cukup
GR038,"Ikan lais, segar","Ikan, Kerang & Udang",KZGPI- 1990,65.0,161,11.9,11.5,2.4,0.0,,21.0,,,0.0,209.0,,,,,,0.0,0.05,,,,41.7,Cukup
GR039,"Ikan layang, segar","Ikan, Kerang & Udang",DABM- 1964,74.0,109,22.0,1.7,0.0,0.0,,21.0,,,2.0,209.0,,,,,,,0.05,,,,41.7,Cukup
GR040,"Ikan layur, segar","Ikan, Kerang & Udang",KZGPI- 1990,80.1,82,18.0,1.0,0.4,0.0,,21.0,,,2.2,209.0,,,,,,0.0,0.04,,,,41.7,Cukup
GR042,"Ikan lemuru, segar","Ikan, Kerang & Udang",DABM- 1964,76.0,112,20.0,3.0,0.0,0.0,,21.0,,,1.0,209.0,,,,,,,0.05,,,,41.7,Cukup
GR043,"Ikan lidah, segar","Ikan, Kerang & Udang",KZGPI- 1990,78.3,104,15.6,3.2,2.0,0.0,,21.0,,,2.0,209.0,,,,,,0.0,0.03,,,,41.7,Cukup
GR045,"Ikan mamar merah, segar","Ikan, Kerang & Udang",KZGMI-2001,75.0,115,15.3,4.0,4.4,0.0,,21.0,,,1.6,209.0,,,0.2,,,,0.2,0.1,0.1,,41.7,Cukup
GR046,"Ikan mas, segar","Ikan, Kerang & Udang",DABM- 1964,80.0,86,16.0,2.0,0.0,0.0,,21.0,,,2.0,209.0,,,0.1,,,,0.05,0.1,2.6,,41.7,Cukup
GR047,"Ikan mayong, segar","Ikan, Kerang & Udang",KZGPI- 1990,78.2,97,17.9,2.0,0.4,0.0,,21.0,,,2.5,209.0,,,,,,0.0,0.1,,,,41.7,Cukup
GR048,"Ikan mujahir, segar","Ikan, Kerang & Udang",KZGPI- 1990,79.7,89,18.7,1.0,0.0,0.0,,21.0,,,1.5,209.0,,,0.0,,,5.0,0.03,0.1,2.0,,41.7,Cukup
GR051,"Ikan paling, segar","Ikan, Kerang & Udang",DABM- 1964,58.0,303,14.0,27.0,0.0,0.0,,21.0,,,1.0,209.0,,,,,,,0.1,,,,41.7,Cukup
GR052,"Ikan papuyu/ betok, segar","Ikan, Kerang & Udang",KZGMI-2001,75.0,120,14.3,4.9,4.6,0.0,,21.0,,,1.5,209.0,,,0.8,,,,0.0,0.05,3.1,,41.7,Cukup
GR053,"Ikan patin, segar","Ikan, Kerang & Udang",KZGMI-2001,74.4,132,17.0,6.6,1.1,0.0,,21.0,,,1.6,209.0,,,0.7,,,,0.2,0.03,1.7,,41.7,Cukup
GR056,"Ikan saluang, segar","Ikan, Kerang & Udang",KZGMI-2001,74.8,113,13.9,4.9,3.4,0.0,,21.0,,,1.9,209.0,,,0.8,,,,0.21,0.02,1.8,,41.7,Cukup
GR057,"Ikan sarden, segar","Ikan, Kerang & Udang",KZGMI-2001,72.7,109,19.9,1.8,3.4,0.0,,21.0,,,1.3,209.0,,,0.3,,,,0.26,0.03,4.4,,41.7,Cukup
GR058,"Ikan selar, segar","Ikan, Kerang & Udang",DABM- 1964,75.4,100,18.8,2.2,0.0,0.0,,21.0,,,0.5,209.0,,,0.1,,,,0.37,0.2,3.4,,41.7,Cukup
GR059,"Ikan sepat, segar","Ikan, Kerang & Udang",KZGMI-2001,78.8,84,15.2,0.6,4.7,0.0,,21.0,,,2.1,209.0,,,0.7,,,,0.16,0.03,1.9,,41.7,Cukup
GR060,"Ikan sidat, segar","Ikan, Kerang & Udang",KZGPI- 1990,71.3,81,11.4,1.9,3.8,0.0,,21.0,,,3.0,209.0,,,0.0,,,0.0,0.0,0.4,3.2,,41.7,Cukup
GR062,"Ikan tahuman, segar","Ikan, Kerang & Udang",KZGMI-2001,77.4,88,15.9,0.9,4.1,0.0,,21.0,,,0.0,209.0,,,0.4,,,,0.2,0.25,1.6,,41.7,Cukup
GR063,"Ikan tarmon, segar","Ikan, Kerang & Udang",KZGMI-2001,76.7,96,19.5,1.1,2.0,0.0,,21.0,,,0.3,209.0,,,0.1,,,,0.15,0.02,1.7,,41.7,Cukup
GR064,"Ikan telan, segar","Ikan, Kerang & Udang",KZGMI-2001,75.3,95,15.8,0.7,6.5,0.0,,21.0,,,0.2,209.0,,,1.6,,,,0.18,0.02,1.9,,41.7,Cukup
GR065,"Ikan tembang, segar","Ikan, Kerang & Udang",DABM- 1964,65.0,204,16.0,15.0,0.0,0.0,,21.0,,,2.0,209.0,,,0.4,,,,0.05,0.0,5.6,,41.7,Cukup
GR066,"Ikan tempahas, segar","Ikan, Kerang & Udang",KZGMI-2001,78.9,101,15.1,4.1,1.0,0.0,,21.0,,,0.0,209.0,,,0.7,,,,0.02,0.05,1.5,,41.7,Cukup
GR067,"Ikan terbang, segar","Ikan, Kerang & Udang",KZGMI-2001,76.1,98,19.6,1.7,1.0,0.0,,21.0,,,0.6,209.0,,,0.1,,,,0.0,0.1,0.1,,41.7,Cukup
GR068,"Ikan teri, segar","Ikan, Kerang & Udang",KZGPI- 1990,80.0,74,10.3,1.4,4.1,0.0,,21.0,,,3.9,209.0,,,305.2,,,28.0,0.24,0.1,1.9,,41.7,Cukup
GR069,"Ikan titang, segar","Ikan, Kerang & Udang",KZGMI-2001,78.8,82,17.4,0.4,2.3,0.0,,21.0,,,1.8,209.0,,,0.1,,,,0.64,0.03,1.5,,41.7,Cukup
GR070,"Ikan tongkol, segar","Ikan, Kerang & Udang",KZGMI-2001,74.7,100,13.7,1.5,8.0,0.0,,21.0,,,1.7,209.0,,,0.2,,,,0.35,0.03,6.6,,41.7,Cukup
GR072,"Keong, segar","Ikan, Kerang & Udang",DABM- 1964,81.0,64,12.0,1.0,2.0,0.0,,21.0,,,1.7,209.0,,,0.37,,,,,,,,41.7,Cukup
GR073,"Kepiting, segar","Ikan, Kerang & Udang",DABM- 1964,68.1,151,13.8,3.8,14.1,0.0,,21.0,,,1.1,209.0,,,,,,,0.05,,,,41.7,Cukup
GR074,"Kerang, segar","Ikan, Kerang & Udang",KZGPI- 1990,78.2,101,14.4,2.6,3.9,0.0,,21.0,,,15.6,209.0,,,,,,0.0,0.01,,,,41.7,Cukup
GR075,"Kodok, segar","Ikan, Kerang & Udang",DABM- 1964,81.9,73,16.4,0.3,0.0,0.0,,21.0,,,1.1,209.0,,,,,,,0.14,,,,41.7,Cukup
GR076,"Kura-kura, segar","Ikan, Kerang & Udang",DABM- 1964,80.0,83,19.1,0.2,0.0,0.0,,21.0,,,0.7,209.0,,,,,,,0.2,,,,41.7,Cukup
GR077,"Kuro, segar","Ikan, Kerang & Udang",KZGPI- 1990,79.9,87,16.0,2.2,1.0,0.0,,21.0,,,1.0,209.0,,,,,,0.0,0.04,,,,41.7,Cukup
GR079,"Rajungan, segar","Ikan, Kerang & Udang",KZGMI-2001,80.2,76,12.1,2.0,2.4,0.0,,21.0,,,2.2,209.0,,,1.7,,,,0.2,0.25,0.2,,41.7,Cukup
GR080,"Rebon, udang kecil, segar","Ikan, Kerang & Udang",DABM- 1964,79.0,81,16.2,1.2,0.7,0.0,,21.0,,,2.2,209.0,,,0.7,,,,0.04,0.1,2.4,,41.7,Cukup
GR081,Rusip,"Ikan, Kerang & Udang",KZGPI- 1990,58.5,110,11.5,2.0,11.7,0.0,,21.0,,,7.1,209.0,,,,,,0.0,0.04,,,,41.7,Cukup
GR082,"Udang galah, segar","Ikan, Kerang & Udang",KZGMI-2001,79.0,81,16.5,0.3,3.0,0.0,,21.0,,,0.7,209.0,,,0.7,,,,0.24,0.03,2.9,,41.7,Cukup
GR083,"Udang, besar, segar","Ikan, Kerang & Udang",KZGMI-2001,85.5,56,11.4,0.6,1.2,0.0,,21.0,,,0.3,209.0,,,0.4,,,,0.14,0.0,0.1,,41.7,Cukup
GR084,"Udang, segar","Ikan, Kerang & Udang",DABM- 1964,75.0,91,21.0,0.2,0.1,0.0,,21.0,,,8.0,209.0,,,0.3,,,,0.01,0.4,3.7,,41.7,Cukup
GP001,"Bekicot, dendeng, mentah","Ikan, Kerang & Udang",KZGPI- 1990,6.7,441,48.7,20.3,15.8,0.0,,21.0,,,16.6,209.0,,,,,,1408.0,0.56,,,,41.7,Cukup
GP002,"Belut, goreng","Ikan, Kerang & Udang",KZGPI- 1990,11.2,417,25.9,19.4,32.0,0.0,,21.0,,,4.9,209.0,,,0.3,,,0.0,0.0,0.2,10.5,,41.7,Cukup
GP003,"Cumi-cumi, goreng","Ikan, Kerang & Udang",KZGPI- 1990,54.2,265,40.6,10.1,0.0,0.0,,21.0,,,2.7,209.0,,,,,,0.0,0.09,0.0,6.3,,41.7,Cukup
GP004,"Ikan asin, kering","Ikan, Kerang & Udang",DABM- 1964,40.0,193,42.0,1.5,0.0,0.0,,21.0,,,0.0,209.0,,,,,,,0.01,,,,41.7,Cukup
GP005,"Ikan bandeng presto, masakan","Ikan, Kerang & Udang",KZGPI- 1990,45.3,296,17.1,20.3,11.3,0.0,,21.0,,,1.9,209.0,,,,,,400.0,0.14,,,,41.7,Cukup
GP007,Ikan Belida bakar,"Ikan, Kerang & Udang",KZGMI-2001,68.2,128,18.0,3.0,7.2,0.0,,21.0,,,0.0,209.0,,,0.1,,,,1.8,0.17,1.5,,41.7,Cukup
GP009,"Ikan cakalang asin, mentah","Ikan, Kerang & Udang",KZGPI- 1990,41.7,198,36.5,2.2,5.5,0.0,,21.0,,,3.7,209.0,,,,,,0.0,0.06,,,,41.7,Cukup
GP010,"Ikan calo/ peda, mentah","Ikan, Kerang & Udang",KZGPI- 1990,71.3,81,11.4,1.9,3.8,0.0,,21.0,,,22.6,209.0,,,,,,0.0,0.0,,,,41.7,Cukup
GP011,"Ikan Gabus asap, mentah","Ikan, Kerang & Udang",KZGMI-2001,26.4,261,38.1,2.3,21.9,0.0,,21.0,,,2.9,209.0,,,0.4,,,,0.1,0.1,14.5,,41.7,Cukup
GP013,"Ikan gete, goreng","Ikan, Kerang & Udang",KZGMI-2001,44.7,267,23.1,19.4,0.2,0.0,,21.0,1240.0,,590.0,440.0,0.1,1.9,,,,,,,,,43.2,Cukup
GP014,"Ikan hiu, kering","Ikan, Kerang & Udang",KZGMI-2001,23.1,298,46.3,3.6,20.2,0.0,,21.0,846.0,,957.0,1457.0,0.5,2.0,,,,0.84,,,,,49.5,Cukup
GP015,"Ikan katombo, asin","Ikan, Kerang & Udang",KZGPI- 1990,44.7,162,31.7,2.8,0.3,0.0,,21.0,609.0,,4393.0,342.2,2.8,,,,0.0,0.09,,,,70.0,15.3,Perlu Perhatian
GP016,"Ikan kayu, kering","Ikan, Kerang & Udang",KZGMI-2001,23.1,302,70.7,1.9,0.4,0.0,,21.0,22.0,,345.0,1045.0,,1.8,,,,1.4,,,,,47.0,Cukup
GP017,Ikan Lais bakar,"Ikan, Kerang & Udang",KZGMI-2001,69.4,147,17.5,6.5,5.4,0.0,,21.0,194.0,,142.0,209.0,,0.5,,,,,,,,,41.7,Cukup
GP018,"Ikan lomak asin, mentah","Ikan, Kerang & Udang",KZGMI-2001,21.6,258,40.3,2.3,18.9,0.0,,21.0,279.0,,6227.0,485.1,2.3,,,,,0.1,,,,,13.5,Perlu Perhatian
GP019,Ikan Mas pepes,"Ikan, Kerang & Udang",KZGPI- 1990,57.5,209,15.2,11.3,11.8,0.5,,21.0,530.0,,74.0,276.7,0.1,1.9,,,315.0,0.13,,,,100.0,42.3,Cukup
GP020,Ikan mujahir goreng,"Ikan, Kerang & Udang",KZGPI- 1990,44.7,416,46.9,23.9,0.0,0.0,,21.0,654.0,,54.0,278.9,0.0,0.2,,,8.0,0.12,,,,100.0,42.2,Cukup
GP021,Ikan Mujahir pepes,"Ikan, Kerang & Udang",KZGPI- 1990,73.7,121,21.7,2.8,0.8,0.0,,21.0,248.0,,58.0,265.8,0.0,0.3,,,6.0,0.0,,,,100.0,42.1,Cukup
GP023,"Ikan Papuyu, bakar","Ikan, Kerang & Udang",KZGMI-2001,66.6,152,17.6,6.1,6.7,0.0,,21.0,227.0,,320.0,224.0,0.2,1.0,,,,,,,,,41.8,Cukup
GP024,"Ikan Patin, bakar","Ikan, Kerang & Udang",KZGMI-2001,70.3,144,17.5,6.3,4.3,0.0,,21.0,232.0,,379.0,230.0,0.1,0.7,,,,,,,,,41.9,Cukup
GP025,"Ikan peda banjar, mentah","Ikan, Kerang & Udang",DABM- 1964,46.0,156,28.0,4.0,2.0,0.0,,21.0,316.0,,59.0,368.8,0.0,0.5,,,,0.1,,,,90.0,42.7,Cukup
GP026,"Ikan pepetek, mentah","Ikan, Kerang & Udang",DABM- 60/64,33.0,176,32.0,4.4,2.0,0.0,,21.0,200.0,,79.0,1.0,,,,,,0.05,,,,,40.4,Cukup
GP031,"Ikan sale, mentah","Ikan, Kerang & Udang",BKP,8.5,534,40.2,39.3,4.9,2.0,,21.0,1244.0,,673.0,673.0,0.3,2.6,,,0.0,0.02,,,,100.0,45.4,Cukup
GP032,"Ikan sale lais, mentah","Ikan, Kerang & Udang",KZGPI- 1990,12.4,415,61.3,17.6,2.9,0.0,,21.0,919.0,,381.0,488.0,17.6,1.0,,,0.0,0.03,,,,,43.5,Cukup
GP033,"Ikan saluang, kering, mentah","Ikan, Kerang & Udang",KZGMI-2001,33.6,284,34.1,9.9,14.6,0.0,,21.0,1103.0,,1767.0,263.0,1.3,18.7,,,,0.49,,,,,42.1,Cukup
GP034,"Ikan sanggang, masakan","Ikan, Kerang & Udang",KZGMI-2001,42.6,240,21.7,7.7,20.7,0.0,,21.0,362.0,,2041.0,159.0,1.5,8.8,,,,0.51,,,,,41.4,Cukup
GP035,"Ikan selar kuning, cue, mentah","Ikan, Kerang & Udang",DABM- 1964,59.0,138,27.0,3.3,0.0,0.0,,21.0,,,2.0,209.0,,,,,,,,0.1,,,41.7,Cukup
GP036,"Ikan selar, kering, mentah","Ikan, Kerang & Udang",DABM- 60/64,43.0,194,38.0,3.5,0.0,0.0,,21.0,,,1.0,209.0,,,,,,,,0.01,,,41.7,Cukup
GP037,"Ikan sepat, kering, mentah","Ikan, Kerang & Udang",DABM- 60/64,30.0,289,38.0,14.0,0.0,0.0,,21.0,,,0.7,209.0,,,,,,,,0.0,,,41.7,Cukup
GP039,"Ikan, tepung, mentah","Ikan, Kerang & Udang",KZGPI- 1990,4.3,316,60.1,6.5,22.4,0.0,,21.0,,,16.6,209.0,,,,,,,,0.0,,,41.7,Cukup
GP040,"Ikan Teri nasi, kering, mentah","Ikan, Kerang & Udang",DABM- 60/64,34.5,144,32.5,0.6,0.0,0.0,,21.0,,,3.0,209.0,,,,,,,,0.1,,,41.7,Cukup
GP041,"Ikan Teri, bubuk, mentah","Ikan, Kerang & Udang",DABM- 60/64,15.0,277,60.0,2.3,1.8,0.0,,21.0,,,3.0,209.0,,,,,,,,0.1,,,41.7,Cukup
GP042,"Ikan teri, kering, mentah","Ikan, Kerang & Udang",DABM- 60/64,37.8,170,33.4,3.0,0.0,0.0,,21.0,,,3.6,209.0,,,,,,,,0.15,,,41.7,Cukup
GP043,"Ikan Teri, kering, tawar, mentah","Ikan, Kerang & Udang",DABM- 60/64,16.7,331,68.7,4.2,0.0,0.0,,21.0,,,23.4,209.0,,,,,,,,0.1,,,41.7,Cukup
GP044,"Ikan Teri, tepung, mentah","Ikan, Kerang & Udang",KZGPI- 1990,5.2,347,48.8,6.4,19.6,0.0,,21.0,,,18.6,209.0,,,,,,,,1.12,,,41.7,Cukup
GP046,"Kerang, dendeng, mentah","Ikan, Kerang & Udang",KZGPI- 1990,18.3,357,41.1,10.0,25.6,0.0,,21.0,,,5.2,209.0,,,,,,,,0.27,,,41.7,Cukup
GP047,"Rebon, kering, mentah","Ikan, Kerang & Udang",DABM- 60/64,21.6,299,59.4,3.6,3.2,0.0,,21.0,,,21.4,209.0,,,,,,,,0.06,,,41.7,Cukup
GP049,Sardines dalam kaleng,"Ikan, Kerang & Udang",DABM- 60/64,47.1,338,21.1,27.0,1.0,0.0,,21.0,,,3.5,209.0,,,,,,,,0.1,,,41.7,Cukup
GP050,"Teripang, dendeng, mentah","Ikan, Kerang & Udang",KZGPI- 1990,12.5,462,39.1,32.4,3.5,0.0,,21.0,,,96.4,209.0,,,,,,,,1.37,0.0,,41.7,Cukup
GP078,"Pempek belida, masakan","Ikan, Kerang & Udang",KZGPI- 1990,61.4,156,4.2,1.4,31.6,0.2,,21.0,,,3.3,209.0,,,,,,,0.0,,,,41.8,Cukup
GP080,"Pempek kelesan, masakan","Ikan, Kerang & Udang",KZGPI- 1990,53.0,211,12.3,6.1,26.6,0.4,,21.0,,,1.8,209.0,,,,,,,888.0,,,,41.9,Cukup
GP083,"Pempek tenggiri, masakan","Ikan, Kerang & Udang",KZGPI- 1990,56.3,173,7.2,1.2,33.4,0.2,,21.0,,,3.1,209.0,,,,,,,0.0,,,,41.8,Cukup
GP084,"Pencok lele, masakan","Ikan, Kerang & Udang",KZGPI- 1990,47.5,372,7.8,36.3,3.5,0.0,,21.0,,,5.3,209.0,,,,,,,,,,,41.7,Cukup
GP090,Sate Bandeng,"Ikan, Kerang & Udang",BKP,47.1,283,12.1,16.8,20.9,2.0,,21.0,,,1.2,209.0,199.0,,,,,,0.0,,,,42.5,Cukup
GP093,"Teri belado, masakan","Ikan, Kerang & Udang",KZGPI- 1990,25.8,365,23.7,22.3,17.5,0.0,,21.0,,,4.0,209.0,,,,,,,1567.0,,,,41.7,Cukup
JR001,"Kepala susu - krim, segar",Susu,DABM-1964,72.5,204,2.6,20.0,4.0,0.0,,21.0,,,0.1,16.0,,,,,,,,,,1.0,40.5,Cukup
JR002,Susu ibu - ASI,Susu,FCTEA-1972,88.1,62,1.5,3.2,7.0,0.0,,21.0,,,0.2,16.0,,,0.01,,,,,,,,40.5,Cukup
JR003,"Susu kambing, segar",Susu,DABM-1964,85.9,64,4.3,2.3,6.6,0.0,,21.0,,,2.7,16.0,,,0.33,,,,,,,1.0,40.5,Cukup
JR006,"Susu sapi, segar",Susu,DABM-1964,88.3,61,3.2,3.5,4.3,0.0,,21.0,,,1.7,16.0,,,0.02,,,,,,,1.0,40.5,Cukup
JP001,Es krim,Susu,DABM-1964,62.1,210,4.0,12.5,20.6,0.0,,21.0,,,0.1,16.0,,,0.0,,,,,,,1.0,40.5,Cukup
JP002,Hangop,Susu,DABM-1964,84.0,65,10.0,1.0,3.5,0.0,,21.0,,,0.2,16.0,,,0.0,,,,,,,,40.5,Cukup
JP003,Keju,Susu,DABM-1964,38.5,326,22.8,20.3,13.1,0.0,,21.0,,,1.5,16.0,,,0.03,,,,,,,1.0,40.5,Cukup
JP004,Kwark (Quark),Susu,DABM-1964,59.0,242,19.0,17.0,3.0,0.0,,21.0,,,0.5,16.0,,,0.01,,,,,,,,40.5,Cukup
JP005,"Susu asam untuk bayi, bubuk",Susu,DABM-1964,2.5,418,19.0,9.0,65.5,0.0,,21.0,,,7.0,16.0,,,0.0,,,,,,,30.0,40.5,Cukup
JP006,Susu bubuk,Susu,DABM-1964,3.5,513,24.6,30.0,36.2,0.0,,21.0,,,0.6,16.0,,,0.02,,,,,,,6.0,40.5,Cukup
JP007,Susu kental manis,Susu,DABM-1964,25.0,343,8.2,10.0,55.0,0.0,,21.0,,,0.2,16.0,,,0.02,,,,,,,1.0,40.5,Cukup
JP009,"Susu skim, bubuk",Susu,DABM-1964,3.5,359,35.6,1.0,52.0,0.0,,21.0,,,0.6,16.0,,,0.04,,,,,,,7.0,40.5,Cukup
JP011,"Yoghurt, segar",Susu,DABM-1964,88.0,52,3.3,2.5,4.0,0.0,,21.0,,,0.1,16.0,,,0.01,,,,,,,0.0,40.5,Cukup
