id,calories,proteins,fat,carbohydrate,name,image
1,280.0,9.2,28.4,0.0,Abon,https://img-cdn.medkomtek.com/PbrY9X3ignQ8sVuj_LU9UXljyew=/0x0/smart/filters:quality(75):strip_icc():format(webp)/article/7g8ceHGDNMuttlBcXEl8d/original/099726800_1605161502-Mana-yang-Lebih-Sehat-Abon-Sapi-atau-Abon-Ayam-shutterstock_1361446550.jpg
2,513.0,23.7,37.0,21.3,Abon haruwan,https://img-global.cpcdn.com/recipes/cbf330fbd1ba6316/1200x630cq70/photo.jpg
3,0.0,0.0,0.2,0.0,Agar-agar,https://res.cloudinary.com/dk0z4ums3/image/upload/v1644389489/attached_image/manfaat-agar-agar-untuk-tubuh.jpg
4,45.0,1.1,0.4,10.8,Akar tonjong segar,https://images.tokopedia.net/img/cache/200-square/product-1/2018/8/11/3052608/3052608_12e6762a-1a95-450b-8a7c-347a26dc3201_450_450.jpg
5,37.0,4.4,0.5,3.8,Aletoge segar,https://nilaigizi.com/assets/images/produk/produk_1577340236.jpg
6,85.0,0.9,6.5,7.7,Alpukat segar,https://katakabar.com/assets/images/upload/news/medium_news_1594438184.jpeg
7,96.0,3.7,0.6,19.1,Ampas kacang hijau,https://images.tokopedia.net/img/cache/215-square/shops-1/2016/10/16/5997149/5997149_fb399db6-c767-4ef0-ba2b-d25bc046859e.jpg
8,414.0,26.6,18.3,41.3,Ampas Tahu,https://palpres.disway.id/upload/9e9c1ba592cac7270de5e48889a33523.jpeg
9,75.0,4.1,2.1,10.7,Ampas tahu kukus,https://cdns.diadona.id/diadona.id/resized/640x320/news/2020/02/26/5346/manfaat-ampas-tahu-yang-nggak-boleh-disepelekan-orang-jepang-aja-doyan-masa-kamu-ogah-ogahan-200226f.jpg
10,67.0,5.0,2.1,8.1,Ampas tahu mentah,https://cdn-image.hipwee.com/wp-content/uploads/2021/03/hipwee-FotoJet-9-750x422.jpg
11,184.0,18.8,14.0,0.0,Anak sapi daging gemuk segar,https://png.pngtree.com/png-clipart/20220124/ourmid/pngtree-a-plate-of-delicious-fat-cow-free-elements-png-image_4252411.png
12,174.0,19.6,10.0,0.0,Anak sapi daging kurus segar,https://asset.kompas.com/crops/BzqLdMzV0nYuuT_-vqxhGoDU0ag=/0x0:1000x667/780x390/data/photo/2020/11/28/5fc241d817d91.jpg
13,190.0,19.1,12.0,0.0,Anak sapi daging sedang segar,https://koran-jakarta.com/images/article/tips-memilih-daging-sapi-segar-dan-berkualitas-baik-untuk-dikonsumsi-210409135933.jpg
14,99.0,4.6,1.0,18.0,Andaliman segar,https://cf.shopee.co.id/file/3c033b2480e951e2634909817e417218
15,25.0,1.6,0.2,5.3,Andewi,https://www.satuharapan.com/uploads/cache/news_77440_1518185146.jpg
16,30.0,0.5,0.2,6.8,Anggur hutan segar,https://cf.shopee.co.id/file/ed7f26c6de5f13ec39e9931263ade6b9
17,354.0,16.4,31.5,0.0,Angsa,https://cdn.idntimes.com/content-images/community/2020/06/images-11-7778c46373d99fb101fe76ba287b7cca.jpeg
18,126.0,3.4,7.9,10.3,Anyang sayur,https://static.republika.co.id/uploads/images/inpicture_slide/anyang-_180520222511-425.jpg
19,58.0,0.3,0.4,14.9,Apel,https://asset.kompas.com/crops/smfd25xgXRE3HpMLb2aamPeulYM=/21x0:1476x970/1200x800/data/photo/2022/08/30/630d7ae5d041f.jpg
20,57.0,0.5,0.4,12.8,Apel malang segar,https://pasarsegar.co.id/wp-content/uploads/2020/09/name-63-1.jpg
21,37.0,0.8,0.5,8.3,Arbei,https://asset.kompas.com/crops/NoCuCvNGfQG6_Ct04e7Vjcabjv4=/204x0:885x454/1200x800/data/photo/2020/06/25/5ef44bb002503.jpg
22,113.0,0.9,7.2,11.2,Ares sayur,https://asset-a.grid.id/crop/0x0:0x0/x/photo/2018/07/10/1764115767.jpg
23,102.0,1.0,0.2,24.1,Arrowroot segar,https://1.bp.blogspot.com/-frPXLhHsX1o/YGH-vVXAdtI/AAAAAAAAAQc/rFFQBIqzF-sEPYUiGLOUyb-KetyM7haWACLcBGAsYHQ/s2048/IMG20210227100704.jpg
24,277.0,2.4,25.0,10.7,Arwan sirsir,https://scontent.fcgk35-1.fna.fbcdn.net/v/t1.6435-9/121695429_676597869941401_1458702638921645964_n.jpg?_nc_cat=100&ccb=1-7&_nc_sid=a26aad&_nc_ohc=__IwAVKho7AAX9vwknv&_nc_ht=scontent.fcgk35-1.fna&oh=00_AfBzshz2zrHYSwZvSOBel1XuorFB4ySKktNdgOj7dB8Jng&oe=649DFFD5
25,75.0,0.2,1.1,16.1,Asam kandis segar,https://assets.ladiestory.id/gallery/16768092331084058551-asam-kandis.jpg
26,239.0,2.8,0.6,62.5,Asam masak di pohon,https://images.tokopedia.net/img/cache/700/VqbcmM/2020/8/26/6b6fe8d2-91ea-40a2-bd1d-53a147b957c1.png
27,135.0,0.8,0.4,32.1,Asam payak segar,https://nilaigizi.com/assets/images/produk/produk_1537342320.jpg
28,261.0,0.9,1.6,63.3,Asan kandis kering,https://nilaigizi.com/assets/images/produk/produk_1537342200.jpg
29,98.0,3.9,2.6,14.8,Asinan Bogor sayuran,https://www.piknikdong.com/wp-content/uploads/2021/04/Resep-Asinan-Sayur-Bogor-Sederhana.jpg
30,302.0,18.2,25.0,0.0,Ayam,https://images.ctfassets.net/1cj2ge3ast5f/4ETq9ybsnjCsGaailYLOGH/cf7db5b91c85f4ea1e309905a9679809/Ayam_Utuh.jpeg
31,297.0,35.9,15.2,1.6,Ayam  goreng Kentuckysayap,https://img-global.cpcdn.com/recipes/2ecb088a495ef73a/680x482cq70/ayam-goreng-kentucky-foto-resep-utama.jpg
32,270.0,32.3,11.2,9.9,Ayam ampela goreng,https://cdn1-production-images-kly.akamaized.net/MldE3BInsLHr9JgPKFlsYtmbV-E=/0x344:5472x3428/469x260/filters:quality(75):strip_icc():format(webp)/kly-media-production/medias/3142898/original/027275800_1591175314-shutterstock_188934800.jpg
33,75.0,13.8,1.9,0.7,Ayam dideh/darah segar,https://pelopor.id/wp-content/uploads/2022/03/WhatsApp-Image-2022-02-05-at-11.46.55.jpeg
34,295.0,34.0,16.0,1.5,Ayam goreng church texa sayap,https://e7.pngegg.com/pngimages/66/902/png-clipart-church-s-chicken-bakery-chicken-nugget-fried-chicken-texas-chicken-church-s-chicken-bakery-thumbnail.png
35,338.0,35.2,20.6,0.4,Ayam goreng church texas dada,https://i0.wp.com/harga.web.id/wp-content/uploads/Harga-Texas-Chicken-Reguler-dan-Promo.jpg?fit=680%2C300&ssl=1
36,275.0,37.4,12.2,1.3,Ayam goreng kalasan paha,https://thumb.viva.id/intipseleb/1265x711/2022/10/21/6352aa183c0c1-resep-ayam-goreng-kalasan.jpg
37,298.0,34.2,16.8,0.1,Ayam goreng kentucky dada,https://awsimages.detik.net.id/community/media/visual/2021/07/07/kirim-pesan-unik-kfc-2_43.jpeg?w=1200
38,286.0,32.1,16.1,1.1,Ayam goreng Kentucky paha,https://img-global.cpcdn.com/recipes/d61db7c7021bcd27/680x482cq70/paha-kentucky-yummy-foto-resep-utama.jpg
39,295.0,39.2,13.6,1.0,Ayam goreng mbok berek dada,https://img-global.cpcdn.com/recipes/d15c8abab4246c58/680x482cq70/ayam-goreng-mbok-berek-foto-resep-utama.jpg
40,287.0,31.0,15.7,1.7,Ayam goreng paha,https://cdn1-production-images-kly.akamaized.net/EwEm3hoNsTm-YZSonSqX2IlcAaY=/1200x1200/smart/filters:quality(75):strip_icc():format(webp)/kly-media-production/medias/2938630/original/066858200_1571039590-shutterstock_153914045.jpg
41,246.0,37.9,9.0,0.7,Ayam goreng pasundan dada,https://d1sag4ddilekf6.cloudfront.net/compressed_webp/items/6-C2DTTVLGUBJ3T6-C2DTTXDVTNJXLA/detail/menueditor_item_b01be5494e6b4600867dbcbc0dcd1ed2_1607529952400513906.webp
42,245.0,33.1,11.4,0.3,Ayam goreng pasundan paha,https://d1sag4ddilekf6.cloudfront.net/compressed_webp/items/IDITE2021041504584013744/detail/menueditor_item_de1f8bfb500e483d903ccb2e25a29a7d_1618462649639007677.webp
43,295.0,37.4,14.7,0.6,Ayam goreng pioneer dada,https://d1sag4ddilekf6.cloudfront.net/compressed_webp/items/IDITE20210726121341017693/detail/menueditor_item_428cb0ea19e44146a00e1cfbef85faae_1627524568218570621.webp
44,244.0,36.7,9.2,1.0,Ayam goreng sukabumi dada,https://i0.wp.com/i.gojekapi.com/darkroom/gofood-indonesia/v2/images/uploads/d5baa5ea-bad6-4cc6-b6fe-a0c4a9a86979_Go-Biz_20211222_160332.jpeg
45,283.0,35.7,14.3,0.5,Ayam goreng sukabumi paha,https://i0.wp.com/i.gojekapi.com/darkroom/gofood-indonesia/v2/images/uploads/60ef5b81-53d7-4375-a9a3-b7eb2aed3b2a_master-menu-item-image_1597233742745.jpg?resize=728%2C500
46,261.0,27.4,16.1,1.6,Ayam hati segar,https://asset.kompas.com/crops/9dZTmg32w0stodtsJ52gf85QjD4=/0x0:902x601/750x500/data/photo/2021/01/26/600f9d1967e9b.jpg
47,264.0,18.2,20.1,2.7,Ayam taliwang masakan,https://asset.kompas.com/crops/-oAqlkfrKHaqebhytdtKz-JV6ls=/4x0:1000x664/750x500/data/photo/2020/12/22/5fe16c7655542.jpg
48,473.0,45.2,26.3,13.9,Ayam usus goreng,https://img-global.cpcdn.com/recipes/fa7c9443ce9efcb5/1200x630cq70/photo.jpg
49,113.0,17.6,4.2,0.0,Babat,https://awsimages.detik.net.id/community/media/visual/2022/05/26/resep-bacem-babat-sapi.jpeg?w=1200
50,453.0,11.9,45.0,0.0,Babi daging gemuk segar,https://akcdn.detik.net.id/visual/2020/05/12/d2fe874b-b04f-41ad-bce5-84027ad803ab_169.jpeg?w=650
51,371.0,14.1,35.0,0.0,Babi daging kurus segar,https://dialeksis.com/images/web/2022/10/daging-babi.jpeg
52,110.0,16.3,4.6,0.8,Babi ginjal segar,https://s1.bukalapak.com/img/6117974221/large/GINJAL_BABI___PORK_KIDNEY_.jpg
53,129.0,19.7,4.8,1.7,Babi hati segar,https://www.static-src.com/wcsstore/Indraprastha/images/catalog/full//91/MTA-7170363/pasarbali-id_pasarbali-id_-_hati_babi_-500_gr-denpasar-_full02_fa2ryh3x.jpg
54,491.0,24.6,16.3,0.2,Babi hutan masak rica masakan,https://img-global.cpcdn.com/recipes/3bb79acbfc908ed8/1200x630cq70/photo.jpg
55,102.9,3.3,2.7,16.3,Bacang,https://cdn1-production-images-kly.akamaized.net/dmeIqjoEQPYVHvwOwc32D8B7EcI=/1200x675/smart/filters:quality(75):strip_icc():format(webp)/kly-media-production/medias/1495067/original/082497700_1486023784-bacang-fsui_wodpress.jpg
56,450.0,3.2,13.9,78.1,Bagea kelapa asin,https://resepkoki.id/wp-content/uploads/2018/02/Resep-Kue-Bagea.jpg
57,452.0,1.3,13.8,80.6,Bagea kelapa manis,https://s3.theasianparent.com/tap-assets-prod/wp-content/uploads/sites/24/2022/03/kue-bagea-featured-650x339.jpg
58,529.0,3.2,29.1,63.6,Bagea kenari asin,https://images.tokopedia.net/img/cache/700/hDjmkQ/2021/10/4/73219f10-0149-4af7-b1ca-c51d90ca767b.jpg
59,523.0,3.2,28.2,64.2,Bagea kenari manis,https://indonesiakaya.com/wp-content/uploads/2020/10/1__IMG_0796_CROP_Renyah_gurih_dan_manis_begitulah_kira-kira_gambaran_saat_mencicipi_kue_bagea_khas_Sulawesi_Utara.jpg
60,416.0,6.5,9.4,76.3,Bagea kw 1,https://i0.wp.com/www.cakefever.com/wp-content/uploads/rsz_unknown_187780537_492967188795850_1371196946421020494_n.jpg?fit=900%2C600&ssl=1
61,382.0,0.3,3.5,87.2,Bagea kw 2,https://images.tokopedia.net/img/cache/700/VqbcmM/2021/8/15/c5337e96-32c2-4453-98d0-cc17b08837f1.jpg
62,129.0,1.9,6.6,15.6,Baje,https://cf.shopee.co.id/file/91afb76cc87856ee341c0ee5970d66a9
63,272.0,8.7,6.7,44.1,Bakpia kue,https://asset.kompas.com/crops/BZ6Z25Y0XcjtoHBInh10nGsMM2Q=/3x0:700x465/750x500/data/photo/2021/03/17/60514d8851d3e.jpeg
64,76.0,4.1,2.5,9.2,Bakso ,https://asset.kompas.com/crops/x6OULHa8pMi47UnvDTzf1j62ov4=/3x0:700x465/750x500/data/photo/2022/08/25/6306b48bb80a1.jpeg
65,27.0,2.0,0.2,4.2,Bakung segar,https://assets.kompasiana.com/statics/files/14145651141145946500.jpg?t=o&v=700?t=o&v=110
66,280.0,8.2,10.2,39.0,Bakwan,https://i0.wp.com/resepkoki.id/wp-content/uploads/2019/04/Resep-Bakwan-Jagung-1.jpg?fit=1749%2C1920&ssl=1
67,13.0,0.4,0.2,3.0,Baligo,https://rimbakita.com/wp-content/uploads/2020/08/kundur.jpg
68,190.0,3.3,0.3,43.5,Bantal,https://cdn.idntimes.com/content-images/community/2020/11/kue-bantal-sumber-ig-at-terunededarementaram-e3a62b69fc2f582e3148201ce8d68802_600x400.jpg
69,159.0,3.1,5.8,23.5,Barongko,https://upload.wikimedia.org/wikipedia/commons/5/5e/Barongko_hendak_dimakan.jpg
70,137.0,4.3,4.8,19.1,Batang Tading,https://i0.wp.com/bukanarjuna.com/wp-content/uploads/2019/11/batang-teratai.jpg?resize=680%2C453&ssl=1
71,107.0,2.2,2.2,19.6,Batar daan,https://foreignfork.com/wp-content/uploads/2020/11/Batar-daan-7-scaled.jpg
72,76.0,1.1,0.9,16.0,Batatas gembili segar,https://cf.shopee.co.id/file/b49af4eb7afe41c41e9246a0005b843f
73,110.0,1.4,1.1,23.4,Batatas kelapa ubi bakar,https://img-global.cpcdn.com/recipes/95d754afdf8eb1f2/1200x630cq70/photo.jpg
74,92.0,1.2,0.3,21.0,Batatas kelapa ubi kukus,https://img-global.cpcdn.com/recipes/9f91679fd1ba49f0/680x482cq70/singkong-kukus-toping-kelapa-parut-foto-resep-utama.jpg
75,89.0,1.1,0.1,21.0,Batatas kelapa ubi segar,https://th.bing.com/th?id=ABTE8B1595CD1C0C5A990C01CE78BE64402674F61A3C217A9FF9CCB31D6F7E9E29A&w=1144&h=568&c=1
76,182.0,2.4,0.4,42.2,Batatas tali ubi rebus,https://img-global.cpcdn.com/recipes/f9664da25cda52e4/1200x630cq70/photo.jpg
77,45.0,1.4,0.2,10.3,Bawang Bombay,https://res.cloudinary.com/dk0z4ums3/image/upload/v1621837004/attached_image/berbagai-nutrisi-di-balik-manfaat-bombay.jpg
78,39.0,1.5,0.3,0.2,Bawang Merah,https://cdn.shopify.com/s/files/1/0369/8321/0116/products/015_640x.jpg?v=1646380408
79,95.0,4.5,0.2,23.1,Bawang Putih,https://www.astronauts.id/blog/wp-content/uploads/2022/11/Manfaat-Bawang-Putih-Untuk-Kulit-yang-Tidak-Banyak-Tahu.jpg
80,30.0,1.3,0.7,5.8,Bayam kukus,https://img-global.cpcdn.com/recipes/ff942e133f5dc64e/680x482cq70/bayam-kukus-foto-resep-utama.jpg
81,51.0,4.6,0.5,10.0,Bayam Merah,https://d1vbn70lmn1nqe.cloudfront.net/prod/wp-content/uploads/2021/10/15060945/manfaat-bayam-merah-yang-jarang-diketahui-halodoc.jpg
82,41.0,2.2,0.8,6.3,Bayam merah segar,https://images.tokopedia.net/img/cache/700/VqbcmM/2020/10/28/6efbc93d-e05c-4446-8c6c-c6d401dc7407.jpg
83,23.0,1.2,0.6,3.7,Bayam rebus,https://img-global.cpcdn.com/recipes/5be8dc1e0002f811/1200x630cq70/photo.jpg
84,36.0,3.5,0.5,6.5,Bayam segar,https://mitalom.com/wp-content/uploads/2015/10/Gambar-Daun-Bayam.jpg
85,102.0,3.7,6.7,6.9,Bayam tumis + oncom,"https://blue.kumparan.com/image/upload/fl_progressive,fl_lossy,c_fill,q_auto:best,w_640/v1601173915/chhxzj6dnkwkryigiyrl.jpg"
86,48.0,1.4,4.2,2.6,Bayam tumis bersantan,https://img.kurio.network/FnRZ04iY18q6h7oJzzZDFZOD5Zk=/1200x1200/filters:quality(80)/https://kurio-img.kurioapps.com/21/04/07/2ab69e8a-370d-460a-89ac-0efadafee196.jpe
87,326.0,16.0,28.6,0.0,Bebek (itik),https://asset.kompas.com/crops/6unVsacqX8mpZ19lviQLxyDPCoI=/0x0:1000x667/750x500/data/photo/2020/11/03/5fa0cee5cb3cf.jpg
88,303.0,11.3,27.0,3.7,Bebek alabio daging segar,https://medioenblog.files.wordpress.com/2018/02/bebek.jpg
89,300.0,24.0,20.7,4.5,Bebek daging goreng,https://asset.kompas.com/crops/y8jlET9Zwl-5iykdc5t58sS-_KY=/0x52:1000x719/750x500/data/photo/2020/07/14/5f0d253a6edd5.jpg
90,65.0,1.1,5.2,3.5,Beberuk,https://s.kaskus.id/images/2019/11/21/10218416_20191121013811.jpg
91,258.0,10.6,9.5,32.5,Beef burger,https://cdn.id9.site/burgerax/media/2020/09/beef-burger-e1644156606108.jpeg
92,151.0,8.6,3.1,22.3,Beef teriyaki masakan,https://www.masakapahariini.com/wp-content/uploads/2020/12/resep-beef-teriyaki-2-500x300.jpg
93,132.0,9.8,1.1,20.7,Beef yakiniku masakan,https://asset.kompas.com/crops/awoHyKStB8lI_yqs1PTI3VjIHsE=/78x42:958x629/750x500/data/photo/2022/12/08/6391613d09412.jpg
94,116.0,11.9,4.9,6.1,Bekasam,https://assets-a1.kompasiana.com/items/album/2021/11/13/bekasam-kuliner-fermentasi-khas-wong-sumsel-shd-1-removebg-preview-618f54d2c26b771c5c083212.png
95,78.0,11.4,2.0,3.6,Bekasang,https://www.surabayapagi.com/po-content/photo/big/a782bead716a8dbee3762c8c79ec4e54.jpg
96,131.0,20.2,4.3,2.8,Belibis daging segar,https://assets.tokko.io/2bbdc42e-f0c6-494e-ae09-9d177af2ec61/products/images/cc352d35-2818-45ed-9a63-03f4fbd2247b
97,36.0,0.4,0.4,8.8,Belimbing,https://cdn0-production-images-kly.akamaized.net/vVBJG9Flt0ncPec4-hGyZftu4og=/1200x900/smart/filters:quality(75):strip_icc():format(jpeg)/kly-media-production/medias/2778801/original/086460500_1556885614-belimbing.jpg
98,145.0,1.2,0.4,34.2,Belitung talas kukus,https://asset-a.grid.id/crop/0x0:0x0/700x0/photo/2020/06/29/1496174786.jpg
99,417.0,25.9,19.4,32.0,Belut goreng,https://asset.kompas.com/crops/EIwKgK9ZA21scjpbrA9zMJehUIU=/100x67:900x600/750x500/data/photo/2021/03/23/6059483f259e2.jpeg
100,70.0,14.6,0.8,1.0,Belut segar,https://cdn0-production-images-kly.akamaized.net/dzEIf_Zb-p6ktRAywNdWHoTH5Wg=/1200x900/smart/filters:quality(75):strip_icc():format(jpeg)/kly-media-production/medias/2760114/original/080217400_1553484954-Cara_budidaya_belut.jpg
101,93.0,12.8,1.5,6.1,Belutlaut segar,https://mfcepusluh.bpsdmkp.kkp.go.id/asset/foto_berita/SIDAT_OK_-1.jpg
102,55.0,1.4,0.2,12.8,Bengkuang,https://jovee.id/wp-content/uploads/2020/11/shutterstock_1830526784.jpg
103,98.0,1.6,0.7,20.9,Bentul (Komba)  talas segar,https://sampangkabmuseumjatim.files.wordpress.com/2014/08/talas.jpg
104,71.0,2.3,0.3,15.4,Bentul talas kukus,https://i.ytimg.com/vi/zJ9Rg_MIGfY/maxresdefault.jpg
105,350.0,2.7,1.1,82.3,Beras Cerdas,https://1.bp.blogspot.com/-bI9SR2CfOMQ/VIuCEHs40eI/AAAAAAAAAK8/iE3VYEXXno8/s1600/1460018_556060297809682_917149226_n.jpg
106,364.0,3.4,0.7,86.3,Beras ganyong,https://www.agrofarm.co.id/wp-content/uploads/2022/04/Ganyong-e1651331774497.jpg
107,360.0,6.8,0.7,78.9,Beras Giling,https://images.pexels.com/photos/4187621/pexels-photo-4187621.jpeg?auto=compress&cs=tinysrgb&w=1260&h=750&dpr=1
108,178.0,2.1,0.1,40.6,Beras Giling masak (nasi) ,https://e0.pxfuel.com/wallpapers/769/103/desktop-wallpaper-white-rice-rice-bowl.jpg
109,357.0,8.4,1.7,77.1,Beras giling mentah,https://id-test-11.slatic.net/p/f39461bcbf996f071c0e206b97d62889.jpg
110,369.0,9.5,1.4,77.1,Beras giling var pelita mentah,https://rottebakery.com/wp-content/uploads/2022/06/white-rice-flour-small-bowl-with-rice-plant.jpg
111,357.0,8.4,1.7,77.1,Beras giling var rojolele mentah,https://s0.bukalapak.com/img/06431812631/large/BERAS_ROJOLELE_25KG.png
112,351.0,8.0,1.3,76.9,Beras hitam mentah,https://statik.tempo.co/data/2022/01/25/id_1083329/1083329_720.jpg
113,358.0,5.5,0.1,82.7,Beras jagung kuning kering mentah,https://thumbs.vdvc.id/olret/images/original/2022/07/21/62d900a97984b-manfaat-tepung-jagung_olret.jpg
114,307.0,4.8,0.1,71.8,Beras jagung putih kering mentah,https://awsimages.detik.net.id/community/media/visual/2016/05/06/8a8ccd2e-6879-4e3a-9082-e632e117354c.jpg?w=852
115,356.0,7.0,0.7,78.0,Beras Ketan Hitam,https://img.herstory.co.id/articles/archive_20211203/beras-hitam-20211203-092358.jpg
116,181.0,4.0,1.2,37.3,Beras Ketan Hitam kukus,https://img.freepik.com/free-photo/purple-rice-berries-cooked-wooden-dish-with-mint-leaves_1150-19858.jpg?w=1060&t=st=1683884169~exp=1683884769~hmac=cbae358960d57fe16933cd26ccb63b1353dd59576d26b5334b0f7a9f732a4539
117,166.0,3.8,1.0,34.4,Beras Ketan Hitam tape,https://images.tokopedia.net/img/cache/500-square/VqbcmM/2021/5/19/6313260c-769d-4875-a3b2-ab4681eff412.jpg
118,360.0,8.0,2.3,74.5,Beras Ketan Hitam tumbuk,https://ceklist.id/wp-content/uploads/2021/08/Tepung-Ketan-Hitam-Terbaik.jpg
119,360.0,8.0,2.3,74.5,Beras ketan hitam tumbuk mentah,https://img.herstory.co.id/articles/archive_20211203/beras-hitam-20211203-092358.jpg
120,362.0,6.7,0.7,79.4,Beras Ketan Putih,https://img.freepik.com/free-photo/milled-rice-bowl-wooden-spoon-black-cement-floor_1150-20058.jpg?w=1060&t=st=1683884494~exp=1683885094~hmac=087d2b8d5b7ba0d5d39291bc84cfdab7dd5e308ae534fd542be811d73f1b8eed
121,163.0,3.0,0.4,35.7,Beras Ketan Putih kukus,https://img.freepik.com/free-photo/white-rice-is-placed-cup-wooden-floor_1150-26270.jpg?w=1060&t=st=1683884551~exp=1683885151~hmac=a53080997cbf768ead7314bfb2a4eb430be3da2f4caefbe22061ff25aa62d18d
122,172.0,3.0,0.5,37.5,Beras Ketan Putih tape,https://awsimages.detik.net.id/community/media/visual/2020/06/23/tape-ketan-putih-2.jpeg?w=1280
123,361.0,7.4,0.8,78.4,Beras Ketan Putih tumbuk,https://www.melatiputrajaya.com/wp-content/uploads/2021/02/Tepung-Beras-Ketan-sumber-Bola-Keluarga.jpg
124,361.0,7.4,0.8,78.4,Beras ketan putih tumbuk mentah,https://s1.bukalapak.com/img/13260261701/large/data.jpeg
125,376.0,7.5,3.8,78.0,Beras ladang mentah,https://cf.shopee.co.id/file/7ba3bd8d1b35213b450210a2d8a7bebe
126,339.0,7.7,4.4,73.0,Beras Menir,https://s1.bukalapak.com/img/11085064122/large/Beras_Menir_Kiloan.jpg
127,362.0,7.7,4.4,73.0,Beras menir mentah,https://cf.shopee.co.id/file/545e238984fb60430e0c5974baa50a67
128,359.0,7.5,0.9,77.6,Beras Merah tumbuk,https://i0.wp.com/gitacinta.com/wp-content/uploads/2022/06/tepung-beras-merah.jpg?resize=650%2C276&ssl=1
129,364.0,6.8,0.6,80.1,Beras Parboiled,https://nilaigizi.com/assets/images/produk/produk_1565756452.jpeg
130,353.0,6.8,0.6,80.0,Beras parboiled,https://media.istockphoto.com/id/682901376/id/foto/kantong-penuh-beras-parboiled.jpg?s=170667a&w=0&k=20&c=XIjpCICb6eaZjgGTPXA-gGGo2EQHtQmwnNHny3ce_m8=
131,335.0,7.4,1.9,76.2,Beras Pecah Kulit,https://media.savitri.co.id/content/uploads/2020/11/05111454/Beras-Pecah-Kulit-2-scaled.jpg
132,363.0,7.6,1.1,78.3,Beras Setengah Giling,https://media.istockphoto.com/id/1028702012/id/foto/beras-beras-setengah-giling-atau-beras-sekam.jpg?s=170667a&w=0&k=20&c=Jb-uK5CIE8eS7em_tTN1mI7vwFDbh_D3-ud50g1ODjc=
133,344.0,1.1,0.2,28.3,Beras Siger,https://www.goodnewsfromindonesia.id/uploads/post/large-beras-singkong-6b6d1b3932ec72a9012d9307b84fd243.jpg
134,354.0,7.8,0.4,79.9,Beras tumbuk mentah,https://nilaigizi.com/assets/images/produk/produk_1565756824.jpeg
135,352.0,7.3,0.9,76.2,Beras tumbuk merah mentah,https://www.faunadanflora.com/wp-content/uploads/2016/10/Kandungan-gizi-serta-manfaat-beras-merah-bagi-kesehatan.jpg
136,145.0,16.3,7.0,4.1,Betok wadi masakan,https://images.tokopedia.net/img/cache/700/VqbcmM/2021/11/29/26184a0a-29ed-48dc-9c82-ca5e70c66b39.jpg
137,360.0,4.7,0.1,82.1,Bihun,https://ik.imagekit.io/dcjlghyytp1/2020/03/curry-1609780_1920.jpg?tr=f-auto
138,154.0,3.0,4.5,25.5,Bihun Goreng ,https://img.kurio.network/ZxAfF4qJQbpTcsTwVZ5fxE-8_no=/1200x1200/filters:quality(80)/https://kurio-img.kurioapps.com/21/10/17/f29f0fe9-7b93-498a-a6fe-2e0abc82e509.jpe
139,381.0,6.1,3.9,80.3,Bihun goreng instan,https://img-global.cpcdn.com/recipes/98b4c2fca1b1e699/1200x630cq70/photo.jpg
140,354.0,0.5,0.3,87.4,Bihun Jagung mentah,https://cdn.idntimes.com/content-images/post/20190917/ts3-afd6374f037588e5b1267149563c6ce7.jpg
141,348.0,4.7,0.1,82.1,Bihun mentah,https://asset.kompas.com/crops/dTUuoSNNMAy7MfUGn3xsMru6iQY=/0x0:1000x667/780x390/data/photo/2020/10/25/5f9537b7649a3.jpg
142,562.0,21.2,49.6,23.6,Biji Jambu Mete,https://static.republika.co.id/uploads/images/inpicture_slide/biji-jambu-mete-seorang-warga-menunjukkan-biji-jambu-mete-_121124152601-814.jpg
143,629.0,21.5,56.6,19.8,Biji Jambu Mete goreng,https://jovee.id/wp-content/uploads/2020/09/KACANGMEDE.jpg
144,262.0,2.3,5.4,51.1,Biji nangka/Biji salak,https://img-global.cpcdn.com/recipes/0df60642ab5496ab/680x482cq70/122-biji-salak-ber-nangka-foto-resep-utama.jpg
145,199.0,2.1,1.5,44.4,Bika ambon,https://upload.wikimedia.org/wikipedia/commons/4/43/Kue_bika_ambon.JPG
146,225.7,3.0,0.3,52.9,Bika Ambon ,https://kurio-img.kurioapps.com/21/08/09/550ddc82-8004-49fe-a427-197fead4eec3.jpe
147,48.0,0.6,0.0,4.4,Bir (4% alkohol),https://img-cdn.medkomtek.com/9nrwopmWH6OZWfzLJFo3sIIrBns=/0x0/smart/filters:quality(75):strip_icc():format(webp)/article/gHEIB2nYYci1BklN8-Ocn/original/014067600_1615200086-kadar-alkohol-di-dalam-berbagai-jenis-minuman-keras.jpg
148,458.0,6.9,14.4,75.1,Biskuit,https://s4.bukalapak.com/bukalapak-kontenz-production/content_attachments/57314/original/main_merek_biskuit_enak_shutterstock.jpg
149,42.0,1.6,0.1,9.6,Bit,https://static.honestdocs.id/system/blog_articles/main_hero_images/000/002/304/original/14_Manfaat_Buah_Bit_Bagi_Kesehatan_Tubuh.jpg
150,51.0,0.3,0.1,12.1,Biwah segar,https://cdn.idntimes.com/content-images/community/2019/07/big-1358231-960-720-8ba3de334ccaf29bc9502faa35dd8283_600x400.jpg
151,43.0,2.6,0.0,11.6,Bonggol Pisang,https://lzd-img-global.slatic.net/g/ff/kf/S1463a138f13a4911a9d6d535825ddb61O.jpg_720x720q80.jpg
152,245.0,3.4,0.0,66.2,Bonggol Pisang kering,https://www.pertanianku.com/wp-content/uploads/2021/04/Keripik-Bonggol-Pisang-Berhasil-Tembus-Pasar-Ekspor.jpg
153,119.0,4.4,3.5,18.3,Bongkrek (tempe bungkil),https://cf.shopee.co.id/file/a7769b06122c01b56b932750fdbbd06d
154,23.0,1.0,0.8,7.2,Boros Kunci,https://assets-a1.kompasiana.com/items/album/2021/01/23/img-20201215-wa0054fix-600b9bfdd541df5c9d4c6c52.jpg
155,22.0,1.0,0.3,4.7,Boros Laja (lengkuas),https://nilaigizi.com/assets/images/produk/produk_1537342919.png
156,186.0,11.7,9.7,13.0,Botok lamtoro,https://sweetrip.id/wp-content/uploads/2022/05/botok-lamtoro.jpg
157,249.0,3.4,0.4,58.0,Brem,https://upload.wikimedia.org/wikipedia/commons/c/c4/Brem_Madiun.JPG
158,400.0,4.0,0.7,95.3,Brondong ,https://cdn.idntimes.com/content-images/community/2020/07/lg-k15522919710053-2-25e6aa2e5c1611522cabcd2dad7de10f.jpg
159,141.0,15.3,3.3,12.6,Brongkos,https://asset.kompas.com/crops/GCuybR2DVru6BFg_rszv6WI4n_g=/0x0:1000x667/780x390/data/photo/2020/11/02/5f9f84e0407e9.jpg
160,23.0,0.8,0.2,5.2,Buah Atung,https://docplayer.info/docs-images/102/153072846/images/35-4.jpg
161,110.0,1.4,2.1,21.4,Buah kelenting segar,https://bibitbunga.com/wp-content/uploads/2016/09/tanaman-labu-madu-butternut-squash.jpg
162,38.0,1.5,0.2,7.5,Buah kelor,https://statik.tempo.co/data/2020/09/18/id_967992/967992_720.jpg
163,264.0,4.0,1.1,59.6,Buah kom segar,https://images.tokopedia.net/img/cache/500-square/VqbcmM/2021/2/25/8a8932b4-ab82-4346-835e-07171fc1afec.jpg
164,39.0,0.7,0.2,9.7,Buah Mentega (bisbul),https://cdns.klimg.com/merdeka.com/i/w/news/2020/07/07/1195681/content_images/670x335/20200707152852-1-ilsutrasi-buah-mentega-atau-bisbul-002-nurul-diva-kautsar.jpg
165,87.0,2.6,2.7,13.1,Buah merah,https://suaramandiri.co/wp-content/uploads/2023/03/Buah-Merah-Papua.jpg
166,71.0,1.7,3.1,9.1,Buah Naga Merah segar,https://www.static-src.com/wcsstore/Indraprastha/images/catalog/full//85/MTA-51432240/no-brand_buah-naga-merah-segar-fresh-1-pcs_full01.jpg
167,56.0,0.8,1.0,10.9,Buah Naga Putih segar,https://cf.shopee.co.id/file/957f1f3ed49275a0fe2f2d9ac37524e4
168,55.0,1.2,0.1,12.2,Buah negri segar,https://res.cloudinary.com/dk0z4ums3/image/upload/v1648442001/attached_image/manfaat-buah-markisa-yang-perlu-anda-ketahui.jpg
169,101.0,1.7,0.6,25.2,Buah Nona,https://www.pantau.com/wp-content/uploads/2022/04/191111044328-buah-nona-buah-langka-yang-memiliki-segundang-manfaat-bagi-kesehatan.jpg
170,78.0,0.6,0.3,18.2,Buah rotan segar,https://images.tokopedia.net/img/cache/700/hDjmkQ/2022/4/12/ad4d114e-599c-444e-9c1f-afa012cc8316.jpg
171,113.0,0.8,0.3,26.8,Buah rukam segar,https://manfaat.co.id/wp-content/uploads/2017/08/Screenshot_2.png
172,29.0,2.1,0.7,3.6,Buah ruruhi segar,https://cdn.shopify.com/s/files/1/0622/5965/9011/products/1_a8cfaab8-ecf5-41e0-a3fa-afc050a13393_1445x.jpg?v=1657438074
173,67.0,0.4,0.2,15.9,Buah tuppa segar,https://drive.google.com/file/d/1LZOGoU3M3XcPbU5_HaAZ26ybCTbiTXpT/view?usp=sharing
174,365.0,49.6,4.8,30.8,Buaya daging dendeng mentah,https://cf.shopee.co.id/file/e818d175e0423862b94c46e45e1ce055
175,60.0,1.0,60.0,13.0,Bubur ,https://awsimages.detik.net.id/community/media/visual/2021/12/13/resep-bubur-ayam-cincang_43.jpeg?w=1200
176,167.0,0.2,4.0,33.0,Bubur sagu,https://img-global.cpcdn.com/recipes/541f0543f5b40b2a/680x482cq70/bubur-sagu-foto-resep-utama.jpg
177,156.0,2.3,0.2,15.6,Bubur tinotuan (Manado),https://asset.kompas.com/crops/8IPl4RcIfLh3fkwXhKHPuPHqoz8=/81x22:892x563/750x500/data/photo/2020/05/13/5ebbdec618a37.jpg
178,72.0,11.4,4.9,1.4,Bulgogi masakan,https://asset.kompas.com/crops/MGdiKvcc-R0j5purun8FmiLeX_U=/0x0:0x0/750x500/data/photo/2020/12/23/5fe2c9413a6ce.jpg
179,212.0,16.9,0.2,47.6,Bulung Jajan,https://chanelmuslim.com/wp-content/uploads/2016/04/jaje-bulung.jpg
180,237.0,14.7,0.2,56.0,Bulung Sangu,https://upload.wikimedia.org/wikipedia/commons/thumb/7/79/Bulung.jpg/1200px-Bulung.jpg
181,35.0,2.4,0.2,7.7,Buncis,https://medicillin.com/admin/upload/images/information/584770af1e043.png
182,60.0,5.1,0.5,8.5,Buncis asam,https://asset-a.grid.id/crop/0x0:0x0/700x465/photo/sasefoto/original/35264_asem-asem-buncis.JPG
183,30.0,2.2,0.2,6.4,Buncis rebus,https://d1vbn70lmn1nqe.cloudfront.net/prod/wp-content/uploads/2022/11/15080206/selain-enak-ini-manfaat-buncis-rebus-yang-baik-untuk-kesehatan-halodoc.jpg
184,45.0,2.6,0.3,8.1,Bunga pepaya segar,https://images.tokopedia.net/img/cache/500-square/product-1/2017/11/18/6350250/6350250_3b502bca-8413-4817-8625-302d3e4a21c0_626_381.jpg
185,42.0,2.0,1.1,6.1,Bunga turi segar,https://images.tokopedia.net/img/cache/500-square/VqbcmM/2021/4/19/7e20d10e-a941-42aa-830a-bfa672dc2a81.jpg
186,333.0,29.3,3.3,50.0,Bungkil Biji Karet,https://www.pertanianku.com/wp-content/uploads/2021/04/Manfaat-Biji-Karet-Selain-Jadi-Benih.jpg
187,336.0,37.4,13.0,30.5,Bungkil Kacang Tanah,https://images.tokopedia.net/img/cache/700/VqbcmM/2021/10/20/34e1ca8b-cb9d-46ae-8088-0c9ea431f9f6.jpg
188,368.0,23.0,15.0,40.0,Bungkil Kelapa,https://images.tokopedia.net/img/cache/700/hDjmkQ/2022/1/29/4e91f29e-92d7-4178-a7d2-774f994714e1.jpg
189,106.0,4.4,6.3,7.9,Buntil ,https://asset.kompas.com/crops/vCayyRtg4fGtL3Y9EnpXrWr_TIw=/3x0:700x465/750x500/data/photo/2021/02/08/6020e623372b3.jpg
190,141.0,4.4,10.2,8.0,Buntil daun talas,https://i0.wp.com/borobudurnews.com/wp-content/uploads/2021/05/buntil-daun-talas-khas-Magelang.jpg?fit=979%2C579&ssl=1
191,125.7,3.3,1.9,23.9,Buras ,https://www.masakapahariini.com/wp-content/uploads/2022/06/resep-buras.jpg
192,281.0,37.5,0.3,32.1,Burung sarang segar,https://premiumnest-5c4c.kxcdn.com/wp-content/uploads/2016/07/SS_white_900x600-4.jpg
193,38.0,1.6,0.8,6.3,Cabai gembor merah segar,https://id-test-11.slatic.net/p/26cd07379e953e1da920c5c6d5b4bf00.jpg
194,26.0,0.7,0.3,5.2,Cabai hijau segar,https://nilaigizi.com/assets/images/produk/produk_1537342967.jpg
195,367.0,15.9,6.2,61.8,Cabai merah kering,https://images.tokopedia.net/img/cache/700/product-1/2020/1/7/44364556/44364556_3ec62498-a7f5-4370-9a73-06ca62573e39_1024_1024
196,36.0,1.0,0.3,7.3,Cabai merah segar,https://asset-a.grid.id/crop/0x0:0x0/700x465/photo/2019/03/09/2750049933.jpg
197,120.0,4.7,2.4,19.9,Cabai rawit segar,https://asset.kompas.com/crops/0bQZazreqC3rXuoZOPv1FDQWLl4=/0x0:1000x667/750x500/data/photo/2020/03/26/5e7cbe05c9d12.jpg
198,20.0,1.7,0.4,3.4,Caisin segar,https://images.tokopedia.net/img/cache/700/product-1/2020/4/5/5400804/5400804_d23967b7-039f-4904-97d8-6a303aae6628_1051_1051.jpg
199,155.0,20.1,3.8,10.2,Cakalang asar (asap papua),https://indonesiakaya.com/wp-content/uploads/2020/10/Ikan_Asar_yang_sudah_matang_dan_siap_untuk_disajikan_atau_diolah_lagi_.jpg
200,323.0,4.9,11.5,50.1,Cake tape,https://resepkoki.id/wp-content/uploads/2016/12/Resep-Bolu-Tape.jpg
201,102.0,3.2,6.0,8.7,Cammetutu,https://1.bp.blogspot.com/-Zmr_06Y7tCo/Xgw2ac9m9JI/AAAAAAAAEwg/qTFriUUdEGUpqOfGkkxvlY5STGOXhlUiQCLcBGAsYHQ/s1600/Camme%2BTuttu.png
202,366.0,11.0,3.3,73.0,Cantel mentah,https://nilaigizi.com/assets/images/produk/produk_1565757095.jpg
203,97.0,5.8,6.3,4.2,Cap cai sayur,https://awsimages.detik.net.id/community/media/visual/2021/12/25/resep-capcay-kuah-kental.jpeg?w=1200
204,24.0,1.9,0.2,3.7,Carica papaya segar,https://i0.wp.com/ygi.or.id/wp-content/uploads/2021/10/Manfaat-pepaya-www.ygi_.or_.id_.jpg?resize=678%2C381&ssl=1
205,460.0,0.8,18.7,17.2,Cassavastick,https://img-global.cpcdn.com/recipes/28197e7ad5840e48/680x482cq70/cassava-cheese-stick-with-veggies-foto-resep-utama.jpg
206,116.0,3.0,0.4,28.6,Cempedak,https://images.genpi.co/uploads/kalbar/arsip/normal/2022/07/15/buah-cempedak-foto-istockphotocom-n3j5.jpg
207,330.0,5.2,8.9,57.4,Cengkeh kering,https://nilaigizi.com/assets/images/produk/produk_1537345513.jpg
208,332.0,11.0,3.3,73.0,Centel,https://img.freepik.com/free-photo/heap-millet-seeds-dark-background_1150-38166.jpg?w=1060&t=st=1683885686~exp=1683886286~hmac=d9a1010ca20cfd33db12bc7a1c50098ab7bba4f439fd6de5ee690bc62d2f9230
209,462.0,1.2,20.7,67.7,Ceriping getuk singkong,https://cf.shopee.co.id/file/ee6c6b19853ec0734ceff90d980e685c
210,168.0,13.0,9.6,7.5,Chicken teriyaki masakan,https://img-global.cpcdn.com/recipes/ff7dc38da72458fa/680x482cq70/ayam-teriyaki-ala-hokben-foto-resep-utama.jpg
211,143.0,9.8,1.4,22.8,Chikiniku masakan,https://drive.google.com/file/d/1LZOGoU3M3XcPbU5_HaAZ26ybCTbiTXpT/view?usp=sharing
212,311.0,8.0,4.0,48.9,Coklat bubuk,https://static.sehatq.com/content/review/image/1622196432.jpeg
213,472.0,2.0,29.8,62.7,Coklat Manis batang,https://www.mampu.or.id/wp-content/uploads/2022/10/6007a9065cace.jpeg
214,504.0,5.5,52.9,29.2,Coklat Pahit batang,https://nilaigizi.com/assets/images/produk/produk_1535873875.jpg
215,381.0,9.0,35.0,53.6,Coklat Susu batang,https://www.nyonyor.com/wp-content/uploads/2018/11/Harga-Coklat-Batangan-Terbaru-540x350.jpg
216,210.0,1.6,6.6,35.8,Combro ,https://assets.suaramerdeka.com/crop/7x38:699x495/750x500/webp/photo/2021/11/01/2899515089.jpg
217,241.0,16.0,25.0,0.0,Corned Beef,https://www.jessicagavin.com/wp-content/uploads/2023/03/corned-beef-hash-15-1200.jpg
218,96.0,6.8,5.9,3.8,Coto mangkasara kuda masakan,https://eljohnnews.com/wp-content/uploads/2018/08/Wisata-Kuliner-Coto-Makassar.png
219,84.0,6.0,6.0,1.4,Coto mangkasara sapi masakan,https://asset.kompas.com/crops/ljY1r3f3HJaNEuLip3iARQOaK-E=/0x1226:3000x3226/750x500/data/photo/2021/06/11/60c2acf88c6f0.jpg
220,145.0,27.0,2.3,0.0,Cue Selar Kuning,https://images.tokopedia.net/img/cache/500-square/VqbcmM/2021/8/14/a5d8db60-6ecb-4ddc-9375-7d0e6c35ad79.jpg
221,12.0,0.1,0.1,5.0,Cuka,https://images.bisnis.com/posts/2021/02/01/1350454/cuka.jpg
222,265.0,40.6,10.1,0.0,Cumi-cumi goreng,https://i0.wp.com/resepmasakandapurarie.com/wp-content/uploads/2014/09/Resep-Cumi-Goreng-Tepung-Crispy-.jpg
223,75.0,16.1,0.7,0.1,Cumi-cumi segar,https://www.malang-guidance.com/wp-content/uploads/2018/02/Supplier-Cumi-Segar-Malang.jpg
224,190.0,19.1,12.0,0.0,Daging Anak Sapi,https://media.istockphoto.com/id/1138359907/id/foto/daging-escalope-potongan-daging-mentah.jpg?s=612x612&w=0&k=20&c=z5mFkMyiVftjcWw5Ll8ghKdWcK0k6byDA6azNQXr7R8=
225,191.0,32.0,6.0,0.0,Daging Asap,https://asset.kompas.com/crops/hysnw0J-U1aA8CzBNW5j_uEC3s8=/0x476:1080x1196/750x500/data/photo/2022/03/22/6239bc36b14f4.jpg
226,457.0,11.6,45.0,0.0,Daging Babi Gemuk,https://assets.pikiran-rakyat.com/crop/0x53:1280x855/x/photo/2020/05/11/151297858.jpg
227,376.0,14.1,35.0,0.0,Daging Babi Kurus,https://png.pngtree.com/thumb_back/fw800/background/20220318/pngtree-photo-of-fresh-pork-and-lean-meat-image_1019860.jpg
228,206.0,17.1,14.8,0.0,Daging Domba,https://news.unair.ac.id/wp-content/uploads/2020/10/Daging-Domba.jpg
229,154.0,16.6,9.2,0.0,Daging Kambing,https://imgx.parapuan.co/crop/0x0:0x0/x/photo/2021/07/20/istock-538918713jpg-20210720042557.jpg
230,84.0,18.7,0.5,0.0,Daging Kerbau,https://awsimages.detik.net.id/community/media/visual/2016/07/15/209987a0-2b65-461e-aec5-e7432a4012f2_169.jpg?w=700&q=90
231,118.0,18.1,4.1,0.9,Daging Kuda,https://awsimages.detik.net.id/community/media/visual/2021/07/29/fakta-daging-kuda-2.jpeg?w=724
232,207.0,18.8,14.0,0.0,Daging Sapi,https://asset.kompas.com/crops/loXNzgMXFEX_3avDpy_53_3rXsU=/1x0:1000x666/750x500/data/photo/2021/07/14/60ee601a87545.jpg
233,27.0,1.3,0.6,4.0,Daun bangun-bangun segar,https://assets-a1.kompasiana.com/items/album/2021/11/23/bangun-bangun-bks-619c4900c26b7758a7749f33.jpg
234,29.0,1.8,0.7,5.2,Daun Bawang,https://asset.kompas.com/crops/u8jpueVME4sJk32KP-0Rnjg9o1I=/479x0:1500x681/750x500/data/photo/2022/05/07/6275586c1ce7d.jpg
235,41.0,2.0,0.3,7.8,Daun bawang  merah segar,https://media.istockphoto.com/id/597675376/id/foto/daun-bawang-merah-segar.jpg?s=1024x1024&w=is&k=20&c=vjx8lvI9LQGkXe24K8FT_GTriW-k3B1azWaSWpAiQwY=
236,41.0,2.7,1.0,7.3,Daun bebuas segar,https://images.tokopedia.net/img/cache/500-square/VqbcmM/2021/3/26/eb897228-88e3-49ce-8fad-40ba10721e37.jpg
237,50.0,4.4,1.4,7.8,Daun belem segar,https://lzd-img-global.slatic.net/g/p/92f6ecf8d15adbd5af6f3045c6bf6bbb.jpg_720x720q80.jpg
238,42.0,1.8,0.5,9.4,Daun Beluntas,https://res.cloudinary.com/dk0z4ums3/image/upload/v1616413651/attached_image/5-manfaat-daun-beluntas-untuk-kesehatan.jpg
239,122.0,6.0,1.0,26.0,Daun Cincau,https://cdns.klimg.com/merdeka.com/i/w/news/2020/09/04/1216320/content_images/670x335/20200904010226-2-ilustrasi-cincau-perdu-premna-oblongifolia-001-tantri-setyorini.jpg
240,60.0,3.1,0.3,14.0,Daun Gandaria,https://www.socfindoconservation.co.id/asset/plant/701-1-pterospermum-javanicum.jpg
241,58.0,2.9,0.7,10.0,Daun gedi besar segar,https://cdns.klimg.com/merdeka.com/i/w/news/2020/10/13/1231070/content_images/670x335/20201013233812-2-ilustrasi-daun-gedi-001-tantri-setyorini.jpg
242,30.0,1.3,0.7,5.8,Daun gelang segar,https://images.tokopedia.net/img/cache/700/product-1/2018/1/9/12396679/12396679_0dc228fb-e120-4f24-9d2e-da5123ba2f53_500_443.jpg
243,50.0,4.6,0.9,7.0,Daun gunda bali segar,https://www.satuharapan.com/uploads/pics/news_77177_1515750542.jpg
244,62.0,4.2,0.9,9.2,Daun gunda serang segar,https://www.satuharapan.com/uploads/pics/news_77177_1515750542.jpgg
245,73.0,4.6,0.5,16.2,Daun Jambu Mete muda,https://images.tokopedia.net/img/cache/500-square/VqbcmM/2022/6/12/d3d20ad6-e9fc-4656-9ad4-6ce95d19d6a4.jpg
246,34.0,3.8,0.5,5.3,Daun jampang segar,https://lzd-img-global.slatic.net/g/ff/kf/S414251a362064f0283c21a801e20329ci.jpg_720x720q80.jpg
247,93.0,5.0,1.3,15.3,Daun jawaw seluang segar,https://thumb.antvklik.com/images/thumbs/2022/11/28/638495d5b1931-daun-singkong_antvklik_1265_711.jpg
248,27.0,2.1,0.7,4.4,Daun jonghe segar,https://images.tokopedia.net/img/cache/700/VqbcmM/2021/12/28/698aba7a-5d6b-4adc-be53-9088d5c02d4c.jpg
249,36.0,2.9,0.6,6.8,Daun kacang ma segar,https://cdns.klimg.com/merdeka.com/i/w/news/2020/06/30/1193302/540x270/6-manfaat-daun-kacang-panjang-untuk-kesehatan-melancarkan-asi-hingga-cegah-anemia.jpg
250,34.0,4.1,0.4,5.8,Daun Kacang Panjang,https://assets-a2.kompasiana.com/items/album/2015/06/11/143403317310358818361.JPG?t=o&v=500
251,40.0,3.7,0.3,8.0,Daun Kacang Panjang kukus,https://img-global.cpcdn.com/recipes/4ec6b371c573cabe/680x482cq70/sayur-bobor-lembayung-daun-kacang-panjang-foto-resep-utama.jpg
252,30.0,3.1,0.3,5.8,Daun kacang panjang segar,https://images.tokopedia.net/img/cache/500-square/VqbcmM/2021/2/4/5c0dd4cf-a160-41ef-8b53-d6fe2c574194.jpg
253,92.0,4.0,3.6,10.9,Daun kasbi/singkong karet segar,https://s1.bukalapak.com/img/63611371791/large/data.jpeg
254,59.0,4.8,1.0,11.0,Daun Katuk,https://sikia.unair.ac.id/wp-content/uploads/2022/04/daunkatuk.png
255,53.0,5.3,0.9,9.1,Daun katuk rebus,https://img-global.cpcdn.com/recipes/68161cf2088797fc/680x482cq70/rebus-daun-katuk-foto-resep-utama.jpg
256,59.0,6.4,1.0,9.9,Daun katuk segar,https://images.tokopedia.net/img/cache/500-square/product-1/2018/11/8/1626651/1626651_18da08cc-9923-436e-9efe-69934ac75af0_700_393.jpg
257,47.0,5.0,0.5,8.5,Daun Kecipir,https://1.bp.blogspot.com/-moRYlTt2bEM/X9bjZhiWvSI/AAAAAAAAD_c/nVwXkhZK_00JrQf6hOIrTdhb3J_Ci30cQCLcBGAsYHQ/s1055/Psophocarpus%2Btetragonolobus%2BKecipir%2B19.jpg
258,59.0,2.8,0.3,13.4,Daun Kedondong,https://images.tokopedia.net/img/cache/500-square/VqbcmM/2022/1/3/24b383ed-0957-44ff-a84e-63251c4d77ed.jpg
259,82.0,6.7,1.7,14.3,Daun Kelor,https://diskes.badungkab.go.id/storage/diskes/image/WhatsApp%20Image%202023-01-30%20at%2013.55.59.jpeg
260,61.0,6.1,0.9,10.0,Daun Kelor rebus,https://img-global.cpcdn.com/recipes/ed600b784cb28839/680x482cq70/daun-kelor-rebus-foto-resep-utama.jpg
261,46.0,4.0,0.5,8.9,Daun Kemangi,https://d1vbn70lmn1nqe.cloudfront.net/prod/wp-content/uploads/2021/11/01025747/ini-4-manfaat-daun-kemangi-yang-jarang-diketahui-halodoc.jpg
262,45.0,3.7,0.5,6.6,Daun kenikir segar,https://assets.ayobandung.com/crop/0x0:0x0/750x500/webp/photo/2022/12/18/1000776031.jpg
263,48.0,4.5,0.8,9.1,Daun kesum segar,https://id-test-11.slatic.net/p/764fec8a7c2b4aab6a2355fc945e85c7.png
264,22.0,2.1,0.5,3.6,Daun kol sawi segar,https://asset.kompas.com/crops/MsuwGORqaxVW-qpj97DoEK4RTLs=/293x0:1145x568/780x390/data/photo/2021/09/27/61517629bbd33.jpg
265,23.0,3.0,0.3,3.7,Daun Koro,https://tanamankoropedang.files.wordpress.com/2011/10/bunga-koro-pedang41.jpg
266,51.0,2.5,1.1,8.0,Daun kubis segar,https://nilaigizi.com/assets/images/produk/produk_1599051215.jpg
267,14.0,1.3,0.3,2.3,Daun Kumak,https://blog.kuranesia.com/wp-content/uploads/2020/12/siomak-makanan-kura-kura-1024x768.jpg
268,60.0,4.0,0.4,4.7,Daun Labu Siam,https://aksikata.com/wp-content/uploads/2019/05/daun-labu-siam.jpg
269,30.0,3.6,0.6,4.5,Daun Labu Waluh,https://www.parenting.co.id/img/images/B1.jpg
270,87.0,8.3,1.8,14.4,Daun lamtoro segar,https://images.tokopedia.net/img/cache/700/product-1/2019/8/18/2557427/2557427_56747d87-c701-4023-80e8-2afe684f3653_480_480.jpg
271,76.0,2.8,0.2,15.8,Daun leilem segar,https://images.tokopedia.net/img/cache/500-square/VqbcmM/2021/9/25/83b72d5f-d787-44e2-8948-a39c39825c37.jpg
272,45.0,4.7,0.5,8.1,Daun Leunca,https://www.bengkuluinteraktif.com/sites/default/files/articles/Pucuk%20Lumai.jpg
273,30.0,2.3,0.4,5.8,Daun Lobak,https://cms.sehatq.com/public/img/article_img/9-manfaat-daun-lobak-yang-tidak-diduga-duga-1606467271.jpg
274,40.0,3.0,0.8,7.4,Daun Lompong Tales,https://akcdn.detik.net.id/visual/2015/02/24/8175622a-42e8-494b-a380-e9a910f492bc_169.jpg?w=650
275,54.0,3.7,0.3,11.8,Daun Mangkokan,https://i0.wp.com/resepkoki.id/wp-content/uploads/2017/08/daun-mangkokan-sajian-sedap.jpg?fit=960%2C631&ssl=1
276,71.0,6.8,1.6,11.5,Daun matel ambon segar,https://i.ytimg.com/vi/lPwmWQFW8nU/maxresdefault.jpg
277,99.0,5.0,1.3,21.3,Daun Melinjo,https://goleksayur.com/data/images/product/IMG10160.jpg
278,63.0,3.8,1.5,11.5,Daun Mengkudu Kukus,https://img-global.cpcdn.com/recipes/49833231f339c1b4/680x482cq70/pilas-pindang-daun-mengkudu-foto-resep-utama.jpg
279,166.0,1.7,0.5,38.8,Daun ndusuk segar,https://ngkiong.com/wp-content/uploads/2020/12/senggani-1-e1609032934136.jpg
280,22.0,1.0,0.1,5.3,Daun Oyong,https://arafuru.com/wp-content/uploads/2014/08/menanam-gambas-agar-tumbuh-subur.jpg
281,22.0,1.0,0.1,5.3,Daun oyong segar,https://cdn.antaranews.com/cache/730x487/2018/07/daun-oyong.jpg
282,35.0,4.0,0.3,6.4,Daun Pakis,https://d1vbn70lmn1nqe.cloudfront.net/prod/wp-content/uploads/2022/11/11085513/Jarang-Diketahui-Ini-X-Manfaat-Sayur-Pakis-bagi-Kesehatan.jpg
283,54.0,2.2,3.6,3.1,Daun pakis longgiho segar,https://id-live-01.slatic.net/p/e5fc6e2239f19bbaad5350801bd5ec35.jpg
284,39.0,4.5,0.4,6.9,Daun pakis segar,https://images.tokopedia.net/img/cache/700/VqbcmM/2021/8/4/fc5f220f-8450-4e87-b3a6-6f9d1704ba02.jpg
285,53.0,3.4,1.2,7.2,Daun pakis wambateu segar,https://id-test-11.slatic.net/p/9448936aa018ceea1ad7c824279ab700.jpg
286,29.0,3.4,0.1,6.5,Daun paku segar,https://images.tokopedia.net/img/cache/700/VqbcmM/2021/8/4/fc5f220f-8450-4e87-b3a6-6f9d1704ba02.jpgg
287,104.0,3.9,0.6,17.9,Daun pangisegar,https://img-cdn.medkomtek.com/rXX054UODp71SG3R3ZbIyuVlswY=/0x0/smart/filters:quality(75):strip_icc():format(webp)/article/cWS8XiCC8wtp6UT-piKna/original/057796300_1575283178-Daun-Pangi-Obati-HIV-AIDS-Mitos-atau-Fakta-by-basabali.jpg
288,49.0,2.7,1.0,8.4,Daun pare segar,https://images.tokopedia.net/img/cache/700/VqbcmM/2021/11/14/84ab160b-18bb-4c17-815c-b86869bcd9a2.jpg
289,87.0,8.0,2.0,11.9,Daun pepaya segar,https://images.tokopedia.net/img/cache/700/VqbcmM/2021/9/14/4beb22b7-d9e8-4689-9bb1-4446366b1b07.jpg
290,128.0,12.0,6.5,12.4,Daun Pete Cina,https://images.tokopedia.net/img/cache/500-square/VqbcmM/2020/10/20/4d5b4825-c15e-4361-a51f-9918e6fb5835.png
291,37.0,2.5,0.8,6.9,Daun Poh-pohan,https://cdns.klimg.com/merdeka.com/i/w/news/2020/11/09/1240320/content_images/670x335/20201109100132-1-daun-pohpohan-001-nurul-diva-kautsar.jpg
292,301.0,14.2,10.9,49.0,Daun salam  bubuk,https://nilaigizi.com/assets/images/produk/produk_1537345863.jpg
293,62.0,4.0,0.5,10.5,Daun selasih segar,https://asset-a.grid.id/crop/0x0:0x0/780x800/photo/bobofoto/original/20908_darimanakah-biji-selasih-berasal.jpg
294,45.0,4.4,8.0,0.5,Daun Semanggi,https://d39wptbp5at4nd.cloudfront.net/media/21696_original_Daun-Semanggi-768x576.jpg
295,45.0,4.4,0.5,8.5,Daun semanggi segar,https://images.tokopedia.net/img/cache/700/product-1/2016/6/6/7951466/7951466_2919c0d2-eeb8-404a-b52c-01d0a2a68662.jpg
296,53.0,3.2,2.5,7.6,Daun simpur segar,https://www.socfindoconservation.co.id/asset/plant/537-3-dillenia-suffruticosa-griff-ex-hook.jpg
297,68.0,2.0,1.0,15.2,Daun singkil segar,https://images.tokopedia.net/img/cache/700/VqbcmM/2020/7/8/a50ed9f6-7f6b-4a75-abd2-0d8b7aeb2f03.jpg
298,73.0,6.8,1.2,13.0,Daun Singkong,https://s3-publishing-cmn-svc-prd.s3.ap-southeast-1.amazonaws.com/article/k6oXuilGJwEixYI9s0ubT/original/043951600_1631871725-Berbagai_Manfaat_Daun_Singkong_untuk_Kesehatan_Anda.jpg
299,144.0,12.7,1.2,25.2,Daun singkong ambon segar,https://images.tokopedia.net/img/cache/700/product-1/2019/8/23/314662615/314662615_6e886ccb-20d5-4a20-9d8b-0a5b4f874482_494_494.jpg
300,50.0,6.2,1.1,7.1,Daun singkong ampenan segar,https://images.tokopedia.net/img/cache/500-square/VqbcmM/2022/1/12/3cf5787e-7ef3-4d2e-ac6b-28f9f8e2c872.jpg
301,74.0,6.3,0.7,10.7,Daun singkong kopang segar,https://ds393qgzrxwzn.cloudfront.net/resize/m500x500/cat1/img/images/0/xmCLZX6vfY.jpg
302,55.0,4.0,0.5,8.5,Daun Singkong lodeh,https://asset.kompas.com/crops/mxv9DRtBdiPbq6Lb9lPvPEn4Mtk=/0x0:1000x667/750x500/data/photo/2020/10/21/5f8f3ec62aee7.jpg
303,31.0,3.7,0.6,4.8,Daun Singkong rebus,https://img-global.cpcdn.com/recipes/0aba29b97a7b109f/680x482cq70/daun-singkong-rebus-ala-rm-padang-foto-resep-utama.jpg
304,50.0,6.2,1.1,7.1,Daun singkong segar,https://images.tokopedia.net/img/cache/500-square/VqbcmM/2021/3/14/5b176e26-9bf1-486e-ba6f-ec448cf01472.jpg
305,36.0,2.6,0.9,6.1,Daun Sintrong,https://images.tokopedia.net/img/cache/700/VqbcmM/2020/12/21/69e76fb4-86ba-4508-91a3-29ba9070212e.jpg
306,27.0,1.3,0.2,5.9,Daun talas rebus,https://archive.netralnews.com/foto/2020/04/13/76-daun_talas_sangat_lezat_dibuat_masakan_buntil.jpg
307,59.0,3.0,0.4,13.5,Daun talas segar,https://images.tokopedia.net/img/cache/700/product-1/2019/4/21/5808648/5808648_8744c29e-b9e5-475b-9c59-48324dc3e20e_348_348.jpg
308,71.0,4.1,2.1,12.3,Daun Tales,https://fisipol.uma.ac.id/wp-content/uploads/2022/12/daun-talas.jpg
309,27.0,1.3,0.2,5.9,Daun Tales rebus,https://cdn-2.tstatic.net/belitung/foto/bank/images/buntil-daun-talas.jpg
310,70.0,2.9,0.3,13.9,Daun tespong segar,https://images.tokopedia.net/img/cache/700/product-1/2020/6/11/batch-upload/batch-upload_c91521e8-a510-4026-8230-9be8e1313791.jpg
311,47.0,2.8,0.4,10.4,Daun Ubi Jalar,https://assets.promediateknologi.id/crop/0x0:0x0/750x500/webp/photo/jawapos/2022/11/daun-ubi-jalar.jpg
312,56.0,3.1,0.3,13.0,Daun Ubi Jalar kukus,https://cdnimage2.caping.co.id/news/20220228/2a/1619199045A782A517.jpg_480A0A1A80.webp
313,62.0,3.7,0.3,11.1,Daun ubi kuning segar,https://images.tokopedia.net/img/cache/700/hDjmkQ/2021/1/17/dd16436c-6a1f-4900-8c9e-1e7654adf66b.jpg
314,56.0,3.1,0.3,13.0,Daun ubi merah kukus,https://cdn1-production-images-kly.akamaized.net/53ShO_wlxOo4hIuWjKZKBK2QLvQ=/469x260/smart/filters:quality(75):strip_icc():format(webp)/kly-media-production/medias/2580229/original/025700500_1546586996-resep-tumis-daun-ubi-jalar.jpg
315,48.0,3.0,0.3,10.8,Daun ubi merah segar,https://images.tokopedia.net/img/cache/700/VqbcmM/2022/3/8/938424e6-4195-4814-9f3a-dffa83482865.jpg
316,46.0,2.8,0.2,8.2,Daun ubi putih segar,https://asset-a.grid.id/crop/0x0:0x0/700x465/photo/2019/10/08/983732094.jpg
317,55.0,1.7,0.1,11.9,Daun ubi tinta segar,"https://static.wixstatic.com/media/47a984_0de71c01a4e447fb86743743e8cd94b3.jpg/v1/fill/w_582,h_291,al_c,q_80,usm_0.66_1.00_0.01,enc_auto/47a984_0de71c01a4e447fb86743743e8cd94b3.jpg"
318,260.0,2.0,15.0,53.0,Deblo ,https://img-global.cpcdn.com/recipes/613bae93e873b173/680x482cq70/deblo-foto-resep-utama.jpg
319,382.0,55.7,14.1,8.0,Dendeng belut goreng,https://selerasa.com/wp-content/uploads/2015/11/images_dendeng-belut.JPG
320,433.0,55.0,9.0,0.0,Dendeng Daging Sapi,https://awsimages.detik.net.id/community/media/visual/2022/02/20/resep-dendeng-sapi-medan_43.jpeg?w=700&q=90
321,598.0,74.3,26.9,9.2,Dendeng mujahir goreng,https://img-global.cpcdn.com/recipes/c49ebd05c391ae54/680x482cq70/dendeng-mujair-foto-resep-utama.jpg
322,77.0,13.8,1.9,0.7,Dideh darah ayam,https://blogger.googleusercontent.com/img/b/R29vZ2xl/AVvXsEh9d4T1r7jHqSELzd2b3KBFeJlzKWtbaUIbOrsHTyKYSr_SJvpO2EijjASugjDKlv0-WhFvsRpcskdPJx95G3cpox3XJVzjTbDJQaISa_egWAzjYl3Cd8Zb0hXWGcIGj8KavQ37Uu6qRvTtob_G9TAIxgfhI4Xz2yKfM_PuI3PixHmXXHJySQ70I4e9dQ/s600/dideh.jpg
323,104.0,21.9,1.1,0.0,Dideh darah sapi,https://cdns.diadona.id/diadona.id/resized/640x320/news/2020/09/29/23311/664xauto-banyak-digemari-kuliner-asal-indonesia-ini-ternyata-terbuat-dari-darah-hewan-200929c.jpg
324,248.0,10.0,2.3,40.9,Djibokum masakan,https://drive.google.com/file/d/1LZOGoU3M3XcPbU5_HaAZ26ybCTbiTXpT/view?usp=sharing
325,395.0,3.0,5.7,81.2,Dodol,https://asset.kompas.com/crops/e3JycmGm1r9fr7krT-Kj-p7R3m0=/32x18:1000x664/750x500/data/photo/2023/03/03/64014f11134b7.jpeg
326,298.0,3.7,2.1,65.9,Dodol bali,https://awsimages.detik.net.id/community/media/visual/2022/06/13/dodol-khas-bali-berbungkus-kulit-jagung-kering-buatan-perajin-dodol-di-desa-penglatan-kecamatan-buleleng-kabupaten-buleleng_169.jpeg?w=620
327,368.0,2.6,8.6,70.0,Dodol banjarmasin,https://indonesiakaya.com/wp-content/uploads/2020/10/4__Sentra_pembuatan_dodol_Kandangan_berada_di_kabupaten_Hulu_Sungai_Selatan_kota_Banjarmasin_Kalimantan_Selatan_edit.jpg
328,348.0,0.4,3.8,76.1,Dodol galamai,https://cdn.idntimes.com/content-images/community/2021/01/101186477-721573788678961-609266625911808050-n-0b2e3fe55c98e8dc089991ca6127b017-d50f4f0a2cefd2131bdbae4fd41bbbef.jpg
329,331.0,1.9,7.6,63.8,Dodol kedondong,https://smansabangko.sch.id/storage/smansabangko.sch.id/editor/irouKFVLfBSxITWbSup2WiqvqfbWRybMTVnpJgr8.jpg
330,373.0,4.3,16.5,51.9,Dodol manado,https://cdn-2.tstatic.net/manado/foto/bank/images/dodol-amurang_khas-manado.jpg
331,17.5,3.3,2.3,39.5,Dodonkol ,https://www.piknikdong.com/wp-content/uploads/2022/06/Resep-Awug-Sederhana.jpg
332,317.0,15.7,27.7,0.0,Domba daging gemuk segar,https://png.pngtree.com/png-vector/20210913/ourlarge/pngtree-fresh-lamb-ingredients-png-image_3922032.jpg
333,202.0,17.1,14.8,0.0,Domba daging kurus  segar,https://images.tokopedia.net/img/cache/700/VqbcmM/2020/11/2/63145b70-ef97-4649-af84-9b14cdc13519.jpg
334,100.0,16.6,3.3,1.0,Domba ginjal segar,https://media.istockphoto.com/id/1457294473/id/foto/ginjal-domba-segar-mentah-di-atas-talenan.jpg?s=612x612&w=0&k=20&c=coamiTuIqCOb7QJ-3vJkyY6CWF7hjKA75JGFQmQFCDw=
335,63.0,1.0,0.2,16.1,Duku,https://upload.wikimedia.org/wikipedia/commons/thumb/5/50/Duku_Lansium_domesticum_Ripe.jpg/1200px-Duku_Lansium_domesticum_Ripe.jpg
336,134.0,2.5,3.0,28.0,Durian,https://asset-a.grid.id/crop/0x0:0x0/x/photo/2023/01/20/alasan-mengapa-buah-durian-diseb-20230120035049.jpg
337,80.0,0.5,0.6,18.2,Duwet segar,https://t-2.tstatic.net/jogja/foto/bank/images/duwet-atau-jamblang_20181006_142430.jpg
338,18.0,1.0,0.2,3.8,Eceng Gondok,https://unair.ac.id/wp-content/uploads/2022/11/Foto-by-detikFood.jpeg
339,98.0,1.4,0.2,25.4,Embacang,https://s0.bukalapak.com/img/037360101/large/144135_2embacang.jpg
340,248.0,36.2,6.9,10.1,Empal (daging) Goreng masakan,https://cdn-2.tstatic.net/batam/foto/bank/images/resep-empal.jpg
341,590.0,18.5,57.0,0.0,Empal Goreng,https://ikafood.com/wp-content/uploads/2020/09/Empal-Gepuk.jpg
342,345.0,12.0,1.5,71.5,Emping (kerupuk melinjo),https://cdns.klimg.com/merdeka.com/i/w/news/2020/09/24/1224077/540x270/cara-membuat-emping-melinjo-yang-gurih-dan-renyah-mudah-dipraktikkan.jpg
343,403.0,10.6,2.2,85.3,Emping beras,https://id-test-11.slatic.net/p/8d475dd96749024eb4626810ea458829.jpg
344,355.0,17.8,4.6,60.7,Emping komak,https://s2.bukalapak.com/img/762986024/large/Cemilan__Emping_Komak_Lombok_.jpg
345,122.0,3.5,4.5,17.5,Encung asam segar,https://agretail.id/uploads/news/news_20200728174010_846.jpeg
346,538.0,13.6,30.3,52.6,Enting-enting gepuk hello kity,https://lzd-img-global.slatic.net/g/p/46ae93d66169830341e0450a39d663b5.jpg_720x720q80.jpg_.webp
347,524.0,13.3,29.2,52.0,Enting-enting gepuk kacang tanah,https://eventkampus.com/data/artikel/2/enting-enting-khas-salatiga-asal-usul-dan-kandungan-nutrisi-dalam-enting-enting.jpeg
348,565.0,18.2,38.4,36.8,Enting-enting wijen,https://img-global.cpcdn.com/recipes/fb33825abf7ebb72/680x482cq70/enting-enting-kacang-wijen-foto-resep-utama.jpg
349,70.0,0.6,0.0,18.9,Erbis,https://media.suara.com/pictures/653x366/2022/07/10/74690-ilustrasi-erbis.jpg
350,210.0,4.0,12.5,20.6,Es krim,https://cdn0-production-images-kly.akamaized.net/HfkjSnesMVgDaS0dVGBUFFN6sZw=/1200x1200/smart/filters:quality(75):strip_icc():format(webp)/kly-media-production/medias/2769420/original/063670200_1554367843-birthday-break-caramel-461430.jpg
351,156.7,3.0,1.7,32.7,Es Krim (Coconut milk) ,https://cdn.nutritioninthekitch.com/wp-content/uploads/2022/03/Coconut-ice-cream-5-800x1184.jpg
352,152.0,0.0,0.0,37.6,Es Mambo ,https://www.masakapahariini.com/wp-content/uploads/2020/06/es-mambo.jpg
353,44.8,0.0,0.0,11.3,Es Sirup ,"https://cdn.yummy.co.id/content-images/images/20220619/xfaVB26SMb4zm5RAt72MsKdSiArIkWyc-31363535363231363533d41d8cd98f00b204e9800998ecf8427e.jpg?x-oss-process=image/resize,w_388,h_388,m_fixed,x-oss-process=image/format,webp"
354,270.0,12.3,15.9,19.3,Fillet o-fish,https://www.recipetineats.com/wp-content/uploads/2018/08/Homemade-Filet-O-Fish_3.jpg
355,322.0,2.4,0.6,76.6,Gadeng/Gadung kering,https://cf.shopee.co.id/file/4bd71bb1fd0ed9886cc4dd7af0f7b436
356,137.0,6.1,3.2,21.0,Gado-gado,https://img.kurio.network/rlKzeW_1_iLZ-JMm9fFHX-rGdIE=/1200x1200/filters:quality(80)/https://kurio-img.kurioapps.com/22/06/22/53264347-b7ba-4257-852d-04e3d1b4e4e5.jpe
357,88.0,0.8,0.3,20.9,Gadung kukus,https://img-global.cpcdn.com/recipes/51c229856c44e39a/680x482cq70/gadung-kukus-foto-resep-utama.jpg
358,101.0,2.1,0.2,23.2,Gadung mentah,https://jernih.co/wp-content/uploads/gadung-1.jpg
359,88.0,0.6,0.3,20.9,Gadung ubi kukus,https://img-global.cpcdn.com/recipes/51c229856c44e39a/1200x630cq70/photo.jpg
360,100.0,0.9,0.3,23.5,Gadung ubi segar,https://images.tokopedia.net/img/cache/500-square/product-1/2019/5/8/6003009/6003009_42d1e66b-cf0c-44b1-bf85-82709633f561.png
361,18.0,0.8,0.2,4.1,Gambas (Oyong),https://static.honestdocs.id/system/blog_articles/main_hero_images/000/001/679/original/15_Manfaat_Sayur_Gambas_%28Oyong%29_Bagi_Kesehatan.jpg
362,13.0,0.3,0.6,1.6,Gambas lodeh,"https://cdn.yummy.co.id/content-images/images/20210411/n8JWL5o9Saqut50aP4W9cCHqob98nCg8-31363138313239343736d41d8cd98f00b204e9800998ecf8427e.jpg?x-oss-process=image/resize,w_388,h_388,m_fixed,x-oss-process=image/format,webp"
363,68.0,0.7,0.1,18.0,Gandaria,https://awsimages.detik.net.id/community/media/visual/2019/12/27/cdbc1b24-d9d7-4212-a38f-f527093a21e6_43.jpeg?w=600&q=90
364,100.0,0.8,0.2,23.8,Ganyong kukus,https://pbs.twimg.com/media/FaAqu9paIAEm13B?format=jpg&name=4096x4096
365,95.0,1.0,0.1,22.6,Ganyong mentah,https://3.bp.blogspot.com/-NKNz9WU0oo8/WfobcfcbliI/AAAAAAAAAQk/yJ3EvQk5_xQucwTaboHstWVS56JUmjjxACLcBGAs/s1600/IMG_6745.JPG
366,100.0,0.8,0.2,23.8,Ganyong rebus,https://assets-a1.kompasiana.com/items/album/2019/11/18/fb-img-1574037281653-5dd1e7e2d541df7e5258fdc2.jpg
367,77.0,0.6,0.2,18.4,Ganyong segar,https://id-test-11.slatic.net/p/b5d4ead3758c0c6492d33214e29bf296.jpg
368,338.0,1.5,0.7,81.3,Gaplek,https://img-global.cpcdn.com/recipes/136bf6be239b77b2/1280x1280sq70/photo.webp
369,191.0,4.5,1.5,39.7,Gatep segar,https://visitbali.id/images/data/2021/Sep/27/615168beaee801728.jpg
370,347.0,1.3,0.7,83.8,Gatot,https://upload.wikimedia.org/wikipedia/commons/f/fb/19._Gathot_2.jpg
371,195.0,0.4,1.7,44.4,Geblek,https://assets.pikiran-rakyat.com/crop/13x117:1065x1297/x/photo/2022/07/22/2059763332.jpg
372,389.0,0.0,0.0,91.0,Gelatine,https://asset.kompas.com/crops/_L9e1vMf1G0xP0ebOzrif0YDzzQ=/0x0:1000x667/750x500/data/photo/2020/10/06/5f7c01379379a.jpg
373,95.0,1.5,0.1,22.4,Gembili,https://awsimages.detik.net.id/community/media/visual/2020/05/04/47dff53b-5a39-4136-907a-51e3754353b1_169.png?w=650&q=90
374,131.0,1.1,0.2,31.3,Gembili ubi segar,https://www.static-src.com/wcsstore/Indraprastha/images/catalog/full//101/MTA-48006729/tidak_ada_merk_umbi_gembili_500_gram_ubi_gembili_ketan_pulen_segar_full03_9aa38a1b.jpg
375,274.0,1.7,5.4,55.5,Gemblong,https://asset.kompas.com/crops/I3Y-iWTZTZ0TLo5ZTtNqPtrya_s=/0x73:1280x926/750x500/data/photo/2020/08/16/5f3913fdc5e69.jpg
376,407.0,6.4,28.2,32.0,Gendar goreng,https://img-global.cpcdn.com/recipes/8740dfff5f5019cb/1200x630cq70/photo.jpg
377,35.0,1.7,0.2,7.7,Genjer segar,https://images.tokopedia.net/img/cache/700/product-1/2020/5/15/7845717/7845717_a5118472-420f-4bf5-a311-ff8401926d6d_1000_1000.jpg
378,350.0,1.4,14.4,53.6,Geplak,https://www.tuguwisata.com/wp-content/uploads/2017/10/chefjourneys_3_10_2017_14_6_38_173.jpg
379,462.0,3.1,24.4,57.7,Geplak jahe,https://id-live-01.slatic.net/p/e9d3d5c495903bfc0909965e77c210ad.jpg
380,75.0,8.2,2.0,6.0,Gete kuah asam masakan,https://nilaigizi.com/assets/images/produk/produk_1535785356.jpg
381,360.0,1.3,6.4,74.3,Getuk goreng,https://resepkoki.id/wp-content/uploads/2016/03/Resep-Getuk-goreng.jpg
382,171.4,4.0,4.0,32.0,Getuk Lindri ,https://asset-a.grid.id/crop/0x0:0x0/x/photo/2018/12/21/1509136869.jpg
383,144.0,1.1,0.4,34.1,Getuk pisang,https://asset.kompas.com/crops/l3xnQh1pGb-JXXnQlqwMVzdfRMo=/0x0:1000x667/750x500/data/photo/2022/12/25/63a7a3ef59ddd.jpeg
384,204.0,0.5,1.4,47.4,Getuk singkong,https://images.tokopedia.net/img/KRMmCm/2022/8/9/d04d11c4-f1e5-4595-8166-a53955b475ca.jpg
385,114.0,16.3,4.6,0.8,Ginjal Babi,https://s1.bukalapak.com/img/6117974221/large/GINJAL_BABI___PORK_KIDNEY_.jpg
386,105.0,16.6,3.3,1.0,Ginjal Domba,https://images.tokopedia.net/img/cache/500-square/VqbcmM/2022/6/21/c055064b-bb60-4818-b25b-4213572335df.jpg
387,141.0,15.0,8.1,0.9,Ginjal Sapi,https://i0.wp.com/herald.id/wp-content/uploads/2023/01/google.jpg?fit=521%2C405&ssl=1
388,53.0,1.6,1.6,8.8,Gudeg ,https://cdn1-production-images-kly.akamaized.net/IpYTbngk7MSDqY-O2zh-l35oxxs=/1200x1200/smart/filters:quality(75):strip_icc():format(jpeg)/kly-media-production/medias/776636/original/012158200_1417956101-gudeg.jpg
389,160.0,3.3,9.2,16.0,Gudeg sayur,https://1.bp.blogspot.com/-dubLmtxl4XI/V9NzynrpH4I/AAAAAAAAZTY/Mh8U8r2Fy58EWteb0ARFDyZWj7Wot4n0ACLcB/s1600/A%2BGUDEG%2BBASAH%2BIG.jpg
390,368.0,0.0,0.0,95.0,Gula Aren,https://pertanian.uma.ac.id/wp-content/uploads/2023/02/61b16531c9fe7.jpg
391,386.0,3.0,10.0,76.0,Gula Kelapa,https://centralagrolestari.com/public/storage/pos/images/1626581730.jpg
392,356.0,0.4,0.5,90.6,Gula Merah Tebu belum dimurnikan,https://img.my-best.id/content_section/choice_component/contents/31f66e56783bda930982232d7debc6ca.jpg?ixlib=rails-4.3.1&q=70&lossless=0&w=690&fit=max&s=3f720921b474d65bdf6d775ab995d54c
393,394.0,0.0,0.0,94.0,Gula putih,https://s0.bukalapak.com/bukalapak-kontenz-production/content_attachments/88280/original/manfaat_gula_pasir_main_image.jpg
394,52.0,10.0,0.5,1.8,Gulai asam keueung masakan,https://img-global.cpcdn.com/recipes/8f989c17e5803c3b/680x482cq70/gulai-asam-keueng-asam-pedas-tongkol-seafoodfestival-foto-resep-utama.jpg
395,106.0,16.5,3.3,2.5,Gulai ikan masakan,https://sweetrip.id/wp-content/uploads/2022/10/1.jpg
396,148.0,10.0,9.8,5.0,Gulai ikan paya masakan,https://www.glory-travel.com/wp-content/uploads/2018/11/o1AJ9qDyyJNSpZWhUgGYc3MngFqoAN6WRcGHHcyTN6eXyGCVk.jpg
397,126.0,4.2,9.4,6.2,Gulai kambing,https://kbu-cdn.com/dk/wp-content/uploads/gulai-kambing.jpg
398,110.0,5.9,8.2,3.2,Gulai keumamah masakan,https://img-global.cpcdn.com/recipes/d43cbe5d1ad0490d/680x482cq70/gulai-keumamah-foto-resep-utama.jpg
399,143.0,4.0,11.4,6.0,Gulai pakis,https://www.agrowindo.com/wp-content/uploads/2017/06/Gulai-pakis-agrowindo.jpg
400,176.0,7.3,14.9,3.2,Gulai pliek,https://mediakom.kemkes.go.id/wp-content/uploads/2021/08/kuah-pliek-u.png
401,132.0,9.0,7.2,7.8,Gulai tiram masakan,https://img-global.cpcdn.com/recipes/09856a93968f8df1/1200x630cq70/photo.jpg
402,192.0,12.7,10.1,12.7,Gurame asem manis masakan,https://d12man5gwydfvl.cloudfront.net/wp-content/uploads/2020/03/shutterstock_1561182373.jpg
403,218.0,0.5,2.5,48.5,Gurandil,https://i.ytimg.com/vi/xDsBbOWMWJo/maxresdefault.jpg
404,389.0,16.9,35.0,0.3,Ham,https://bakeitwithlove.com/wp-content/uploads/2021/12/glazed-honey-ham-sq.jpg
405,65.0,10.0,1.0,3.5,Hangop,https://www.lekkerensimpel.com/wp-content/uploads/2016/10/IMG_0381-2.jpg
406,134.0,19.7,4.8,1.7,Hati Babi,https://media.suara.com/pictures/653x366/2019/10/10/41737-ilustrasi-hati-babi-pixabaychodarat.jpg
407,136.0,19.7,3.2,6.0,Hati Sapi,https://doktersehat.com/wp-content/uploads/2022/04/hati-sapi-doktersehat.jpg
408,390.0,14.2,7.4,68.2,Havermout,https://id-test-11.slatic.net/p/2055593e09b807e28ea3fd9b8756b103.jpg
409,127.0,1.2,0.5,29.5,Hofa/Ubi hutan segar,https://www.mongabay.co.id/wp-content/uploads/2015/05/sikapa02.jpg
410,146.0,17.7,5.9,5.6,Ikan asar merah masakan,https://t-2.tstatic.net/medan/foto/bank/images2/Resep-Ikan-Asar-dan-Cara-Membuatnya-Hidangan-Khas-Maluku.jpg
411,380.0,33.6,27.5,0.0,Ikan Asin bilis goreng,https://img-global.cpcdn.com/recipes/446879a009d58694/1200x630cq70/photo.jpg
412,456.0,46.5,24.4,0.0,Ikan Asin gabus goreng,https://images.tokopedia.net/img/cache/700/product-1/2019/7/27/6486945/6486945_99c1b375-e266-42bb-b539-f5731fb74114_960_960.jpg
413,348.0,18.7,29.5,0.0,Ikan Asin japuh goreng,https://img-global.cpcdn.com/recipes/756a62f3201bd80c/1200x630cq70/photo.jpg
414,193.0,42.0,1.5,0.0,Ikan Asin kering,https://cdn2.tstatic.net/tribunnewswiki/foto/bank/images/ikan-asinn.jpg
415,430.0,58.2,23.6,0.0,Ikan Asin pari goreng,https://img-global.cpcdn.com/recipes/Recipe_2015_01_31_12_33_39_810_87c9c03bd7c9a069b268/680x482cq70/ikan-pari-goreng-foto-resep-utama.jpg
416,652.0,40.4,54.3,0.0,Ikan Asin pepetek goreng,https://img-global.cpcdn.com/recipes/63c1692184e591d6/1200x630cq70/photo.jpg
417,319.0,6.9,31.7,0.0,Ikan Asin sirinding goreng,https://images.tokopedia.net/img/cache/700/product-1/2020/2/4/7723047/7723047_740a394f-4f87-467c-bb24-6ff77d857edd_1224_1224.jpg
418,430.0,33.4,32.4,0.0,Ikan Asin teri goreng,https://img-global.cpcdn.com/recipes/15714e008b15f3e0/680x482cq70/teri-segar-goreng-tanpa-minyak-foto-resep-utama.jpg
419,198.0,19.0,13.0,0.0,Ikan Bader (Tawes),https://3.bp.blogspot.com/-QIgcZ7K-sU4/XCHN03j4UGI/AAAAAAAAGjQ/Lmq-K-j5qQgIR-aSasCnx01eQ9bND4pfwCLcBGAs/s1600/ikan%2Btawes%2B1.jpg
420,107.0,16.5,3.9,1.5,Ikan balong segar,https://upload.wikimedia.org/wikipedia/commons/9/98/Maroon_Clown_Fish444.jpg
421,112.0,20.0,1.3,3.7,Ikan bambangan segar,https://workamerica.co/wp-content/uploads/2020/03/kakap-merah.jpg
422,129.0,20.0,4.8,0.0,Ikan Bandeng,https://images.tokopedia.net/blog-tokopedia-com/uploads/2021/08/Featured_Manfaat-Ikan-Bandeng.jpg
423,296.0,17.1,20.3,11.3,Ikan bandeng presto masakan,https://www.philips.com/c-dam/b2c/id_ID/experience/ho/cooking/iikan-goreng-thumbnail.jpg
424,111.0,19.4,0.9,4.8,Ikan banjar segar,https://altarafish.com/wp-content/uploads/2019/02/kembung-banjar-2.jpg
425,78.0,14.5,0.6,3.7,Ikan baronang segar,https://assets.ayobandung.com/crop/0x0:0x0/750x500/webp/photo/tangerangraya/2021/10/Baronang1.jpg
426,144.0,17.8,5.8,5.2,Ikan baung bakar,https://dherdian.files.wordpress.com/2014/12/ikan-baung.jpg
427,123.0,15.1,5.5,3.3,Ikan baung segar,https://www.pustakadunia.com/media/posts/9/green-baung.jpg
428,96.0,19.0,1.7,0.0,Ikan Bawal,https://cdn0-production-images-kly.akamaized.net/C-d15AzyqyZ6g3FXgdgNiM0vT8w=/881x0:3882x3001/1200x1200/filters:quality(75):strip_icc():format(webp)/kly-media-production/medias/3083206/original/068408300_1584935571-shutterstock_1543262462.jpg
429,138.0,14.0,0.7,7.4,Ikan Bekasang,https://www.surabayapagi.com/po-content/photo/big/a782bead716a8dbee3762c8c79ec4e54.jpg
430,128.0,18.0,3.0,7.2,Ikan Belida bakar,https://nilaigizi.com/assets/images/produk/produk_1535645437.JPG
431,80.0,14.7,1.4,2.2,Ikan Belida segar,https://asset.kompas.com/crops/1fAzPKIXKLg0zUIFq1noM_71D44=/73x0:916x562/750x500/data/photo/2021/09/07/6137430f50e33.jpg
432,417.0,25.9,19.4,32.0,Ikan Belut Segar goreng,https://kbu-cdn.com/dk/wp-content/uploads/belut-goreng-crispy.jpg
433,82.0,6.7,1.0,10.9,Ikan Belut Segar mentah,https://images.tokopedia.net/img/cache/700/VqbcmM/2021/8/9/57ed09de-9e7e-4d05-9de8-d85353362446.jpg
434,66.0,14.0,0.0,0.0,Ikan Beunteur,https://agrozine.id/wp-content/uploads/2022/10/Ikan-Wader.jpg
435,90.0,14.9,2.5,2.1,Ikan biawan segar,https://panennews.com/wp-content/uploads/2020/06/Ikan-Biawan.jpg
436,88.0,14.2,0.7,6.2,Ikan bili segar,https://cdn.shopify.com/s/files/1/0592/8633/products/Ikan_Bilis.jpg?v=1523265834
437,100.0,14.7,2.4,4.9,Ikan bubara segar,https://cdn.antaranews.com/cache/800x533/2021/09/17/IMG-20210917-WA0002_2.jpg
438,134.0,25.5,1.3,5.0,Ikan bulan-bulan segar,https://upload.wikimedia.org/wikipedia/commons/1/1a/Megalops_cyprinoides2.jpg
439,204.0,34.2,5.6,1.9,Ikan cakalang asap mentah,https://jurnal6.com/wp-content/uploads/2021/11/received_532156504848726.jpeg
440,198.0,36.5,2.2,5.5,Ikan cakalang asin mentah,https://images.tokopedia.net/img/cache/700/VqbcmM/2021/7/7/76b181bf-a94c-4a34-a2b4-5e1c4ba01dc5.jpg
441,120.0,11.3,3.9,10.0,Ikan cakalang hati segar,https://assets.pikiran-rakyat.com/crop/0x0:0x0/x/photo/2022/07/13/2233154868.jpg
442,116.0,11.2,1.2,10.2,Ikan cakalang jantung segar,https://assets.pikiran-rakyat.com/crop/0x0:0x0/x/photo/2022/07/13/2233154868.jpg
443,86.0,10.2,1.1,8.7,Ikan cakalang perut segar,https://assets.pikiran-rakyat.com/crop/0x0:0x0/x/photo/2022/07/13/2233154868.jpg
444,107.0,19.6,0.7,5.5,Ikan cakalang segar,https://assets.pikiran-rakyat.com/crop/0x0:0x0/x/photo/2022/07/13/2233154868.jpg
445,81.0,11.4,1.9,3.8,Ikan calo/ peda mentah,https://assets.ayobandung.com/crop/0x0:0x0/750x500/webp/photo/2021/11/22/2261616866.jpg
446,101.0,11.5,4.1,4.6,Ikan daun segar,https://nilaigizi.com/assets/images/produk/produk_1535461660.jpg
447,109.0,17.0,4.0,0.0,Ikan Ekor Kuning,https://id-live-01.slatic.net/p/a050c6abf2757b9dd5d9e179ac5f6f58.jpg
448,261.0,38.1,2.3,21.9,Ikan Gabus asap mentah,https://id-test-11.slatic.net/p/bb5a949dcbe534ed2ecdfd98a8e9c07b.jpg
449,292.0,58.0,4.0,0.0,Ikan Gabus kering,https://nilaigizi.com/assets/images/produk/produk_1535646586.jpg
450,74.0,25.2,1.7,0.0,Ikan Gabus segar,https://images.tokopedia.net/img/cache/500-square/VqbcmM/2020/10/17/13ad7cdb-015a-4298-a4ef-f698a1143555.jpg
451,267.0,23.1,19.4,0.2,Ikan gete goreng,https://nilaigizi.com/assets/images/produk/produk_1535646628.jpg
452,101.0,10.3,3.7,6.7,Ikan hitam segar,https://www.fishbase.se/images/species/Lachr_u2.jpg
453,298.0,46.3,3.6,20.2,Ikan hiu kering,https://nilaigizi.com/assets/images/produk/produk_1535646676.jpg
454,57.0,10.7,0.3,2.2,Ikan hiu segar,https://awsimages.detik.net.id/community/media/visual/2021/10/21/ilustrasi-ikan-hiu.jpeg?w=1200
455,77.0,15.6,0.9,1.6,Ikan kacangan segar,https://gratisongkir-storage.com/products/900x900/GgmwAfyK453X.jpg
456,92.0,20.0,0.7,0.0,Ikan kakap segar,https://d1vbn70lmn1nqe.cloudfront.net/prod/wp-content/uploads/2022/11/30105045/Tinggi-Protein-Ini-X-Manfaat-Ikan-Kakap-untuk-Kesehatan.jpg
457,82.0,11.4,1.2,6.4,Ikan kakatua segar,https://jagalaut.id/wp-content/uploads/2022/05/IMG_3929.jpg
458,132.0,17.0,6.7,0.8,Ikan kapar segar,https://upload.wikimedia.org/wikipedia/commons/b/b0/Belont_hasselt_100523-1755_sap.JPG
459,162.0,31.7,2.8,0.3,Ikan katombo asin,https://img-global.cpcdn.com/recipes/4e1636ada1bc35e0/1200x630cq70/photo.jpg
460,110.0,12.6,4.2,5.4,Ikan kawalinya segar,https://assets.ayobandung.com/crop/0x0:0x0/x/photo/2022/03/18/236634727.png
461,302.0,70.7,1.9,0.4,Ikan kayu kering,https://nilaigizi.com/assets/images/produk/produk_1535646769.jpg
462,103.0,22.0,1.0,0.0,Ikan Kembung,https://asset.kompas.com/crops/G41p2wbQwOBGvIZvV4aU4qOQtBQ=/0x0:1000x667/750x500/data/photo/2023/03/18/64153daddd7cc.jpg
463,70.0,10.8,0.7,5.2,Ikan kima segar,https://asset-a.grid.id/crop/0x0:0x0/x/photo/2022/01/19/kima-yic-artikel-by-tionjpg-20220119124005.jpg
464,147.0,17.5,6.5,5.4,Ikan Lais bakar,https://dotdolan.com/wp-content/uploads/2022/04/Olahan-Lais_IG-@rukurukuresto-e1649583973110.jpeg
465,109.0,22.0,1.7,0.0,Ikan Layang,https://lintasbalikpapan.com/asset/foto_berita/Ikan_Layang_2.jpg
466,82.0,18.0,1.0,0.4,Ikan layur segar,https://ikanwiki.com/gambar/gambar_besar/ikanlay.webp
467,90.0,20.4,0.9,0.0,Ikan lehoma segar,https://2.bp.blogspot.com/-hcHeOSZ-k-M/VkNmXVXuJFI/AAAAAAAABPU/lU_LNkEOoHo/s1600/MAlalugis.jpg
468,252.0,19.9,19.1,0.0,Ikan Lele goreng,https://kbu-cdn.com/dk/wp-content/uploads/lele-goreng-bumbu-lengkuas.jpg
469,112.0,20.0,3.0,0.0,Ikan Lemuru,https://images.tokopedia.net/img/cache/700/product-1/2020/6/12/101531639/101531639_f8f0374d-3534-4642-84c3-530d9b1fb3f0_690_690.jpg
470,104.0,15.6,3.2,2.0,Ikan lidah segar,https://homemadeindonesia.com/apihmi/images/datatoko/K3DE232FF89_brg66792.jpg
471,258.0,40.3,2.3,18.9,Ikan lomak asin mentah,https://images.tokopedia.net/img/cache/500-square/VqbcmM/2022/5/31/7abefabd-7a9c-4faa-91f8-6a17ff7d0616.jpg
472,99.0,20.6,1.4,0.9,Ikan malalugis segar,https://upload.wikimedia.org/wikipedia/commons/thumb/b/bb/Decapterus_koheru_%28koheru%29.jpg/1200px-Decapterus_koheru_%28koheru%29.jpg
473,86.0,16.0,2.0,0.0,Ikan Mas,https://static.republika.co.id/uploads/images/inpicture_slide/ikan-mas_220111065132-645.jpg
474,188.0,19.3,12.2,0.0,Ikan Mas goreng,https://cdn1-production-images-kly.akamaized.net/PoXdFBAzit7rJj6MDEQSxQ35dT8=/0x462:5162x3371/1200x675/filters:quality(75):strip_icc():format(webp)/kly-media-production/medias/2930376/original/062217400_1570175183-shutterstock_445394449.jpg
475,209.0,15.2,11.3,11.8,Ikan Mas pepes,https://assets.pikiran-rakyat.com/crop/0x0:0x0/x/photo/2022/01/06/1877204615.jpg
476,97.0,17.9,2.0,0.4,Ikan mayong segar,https://homemadeindonesia.com/apihmi/images/datatoko/K0B6216F87F_brg17106.jpg
477,598.0,74.3,26.9,9.2,Ikan Mujair dendeng goreng,https://img-global.cpcdn.com/recipes/c49ebd05c391ae54/680x482cq70/dendeng-mujair-foto-resep-utama.jpg
478,582.0,68.3,15.2,37.2,Ikan Mujair dendeng mentah,https://images.tokopedia.net/img/cache/700/VqbcmM/2021/5/21/38d1433b-a298-46d1-8f07-797840199762.jpg.webp
479,416.0,46.9,23.9,0.0,Ikan Mujair goreng,https://kurio-img.kurioapps.com/22/10/07/3521e216-d7b3-498d-a045-95973e196c36.jpg
480,121.0,21.7,2.8,0.8,Ikan Mujair pepes,https://sweetrip.id/wp-content/uploads/2022/10/a-pepeas.jpg
481,89.0,18.7,1.0,0.0,Ikan Mujair segar,https://s4.bukalapak.com/img/9282888648/large/1792856_scaled.jpg
482,154.0,16.8,5.0,10.5,Ikan nasu metti segar,https://img-global.cpcdn.com/recipes/a9e68b1f59b7db4c/680x482cq70/ikan-kuah-kuning-nasu-bale-menre-bhs-bugis-foto-resep-utama.jpg
483,125.0,21.3,3.4,2.2,Ikan oci kembung segar,https://d1vbn70lmn1nqe.cloudfront.net/prod/wp-content/uploads/2022/10/17065323/Jarang-Disadari-Ini-X-Manfaat-Ikan-Kembung-bagi-Kesehatan.jpg
484,152.0,17.6,6.1,6.7,Ikan Papuyu bakar,https://img-global.cpcdn.com/recipes/c0df8c1401aba288/1200x630cq70/photo.jpg
485,120.0,14.3,4.9,4.6,Ikan papuyu/ betok segar,https://www.researchgate.net/publication/334733354/figure/fig1/AS:785755827888128@1564350196700/Gambar-5-Papuyu-Anabas-testudineus.ppm
486,144.0,17.5,6.3,4.3,Ikan Patin bakar,https://awsimages.detik.net.id/community/media/visual/2022/05/16/resep-ikan-patin-bakar-bumbu-kecap-pedas_43.jpeg?w=1200
487,132.0,17.0,6.6,1.1,Ikan Patin segar,https://trubus.id/wp-content/uploads/2022/08/Tiga-Olahan-Enak-Berbahan-Baku-Ikan-Patin-dok.-trubus.jpg
488,156.0,28.0,4.0,2.0,Ikan peda banjar mentah,https://images.tokopedia.net/img/cache/500-square/product-1/2020/4/28/7175728/7175728_25c6290f-ccb7-47d2-a15c-1266d270670a_1000_1000.jpg
489,176.0,32.0,4.4,0.0,Ikan Pepetek,https://upload.wikimedia.org/wikipedia/commons/1/18/Eubleekeria_splendens.jpg
490,157.0,28.0,4.2,1.8,Ikan Pindang banjar mentah,https://images.tokopedia.net/img/cache/700/VqbcmM/2020/9/9/44e37968-f73e-414b-85e9-9827c1aa143d.jpg
491,170.0,31.0,4.2,0.0,Ikan Pindang benggol mentah,https://images.tokopedia.net/img/cache/700/product-1/2020/5/18/100272860/100272860_f2502f9f-9d38-4cdd-b059-e7ca97aa1eff_663_663
492,153.0,30.0,2.8,0.0,Ikan Pindang layang mentah,https://cf.shopee.co.id/file/0e26765825aea3e4317d06e1bdc59e54
493,142.0,27.0,3.0,0.0,Ikan Pindang selar mentah,https://s3.dimanaja.com/resep/cover/pindang-ikan-selar-e069d05.webp
494,415.0,61.3,17.6,2.9,Ikan sale lais mentah,https://images.tokopedia.net/img/cache/700/product-1/2016/10/28/4294887/4294887_93a595e0-6049-492f-9da8-1a9d01d36dba.jpg
495,534.0,40.2,39.3,4.9,Ikan Sale segar,https://www.bengkulutoday.com/sites/default/files/article/2021-04/salai.jpg
496,284.0,34.1,9.9,14.6,Ikan saluang kering mentah,https://cf.shopee.co.id/file/7c26ef3abb212c815cac1b6bb8aa7314
497,113.0,13.9,4.9,3.4,Ikan saluang segar,https://upload.wikimedia.org/wikipedia/id/0/0d/Rasbora-borapatensis.jpg
498,240.0,21.7,7.7,20.7,Ikan sanggang masakan,https://img-global.cpcdn.com/recipes/fafa134ca5a95acb/680x482cq70/ikan-bakar-kelabau-ala-mamak-tya-foto-resep-utama.jpg
499,109.0,19.9,1.8,3.4,Ikan sarden segar,https://asset-a.grid.id/crop/0x0:0x0/700x465/photo/2020/02/17/2999385616.jpg
500,113.0,17.0,4.5,0.0,Ikan Segar,https://awsimages.detik.net.id/community/media/visual/2018/10/29/00c23498-0ad9-42cc-b788-2a04cd3e8fc5.jpeg?w=650&q=90
501,194.0,38.0,3.5,0.0,Ikan Selar kering,https://awsimages.detik.net.id/community/media/visual/2022/01/03/cara-menggoreng-ikan-selar-1_43.jpeg?w=700&q=90
502,138.0,27.0,3.3,0.0,Ikan selar kuning cue mentah,https://upload.wikimedia.org/wikipedia/commons/3/3e/Selaro_leptole_100812-6006_tdp.jpg
503,100.0,18.8,2.2,0.0,Ikan selar segar,https://upload.wikimedia.org/wikipedia/commons/thumb/3/3e/Selaro_leptole_100812-6006_tdp.jpg/1200px-Selaro_leptole_100812-6006_tdp.jpg
504,289.0,38.0,14.0,0.0,Ikan Sepat kering,https://nnc-media.netralnews.com/286497-ikan%20sepat%20kering-kompasiana.jpg
505,84.0,15.2,0.6,4.7,Ikan sepat segar,https://i0.wp.com/agrotek.id/hewan/wp-content/uploads/2021/07/Jenis-Ciri-Habitat-dan-Makanan-Ikan-Sepat.jpg?fit=1366%2C768&ssl=1
506,81.0,11.4,1.9,3.8,Ikan sidat segar,https://mfcepusluh.bpsdmkp.kkp.go.id/asset/foto_berita/SIDAT_OK_-1.jpg
507,199.0,34.1,3.8,7.1,Ikan sunu asin mentah,https://s1.bukalapak.com/img/10859818002/large/data.jpeg
508,111.0,13.3,3.4,6.7,Ikan sunu segar,https://upload.wikimedia.org/wikipedia/commons/3/32/Plectropomus_leopardus.jpg
509,88.0,15.9,0.9,4.1,Ikan tahuman segar,https://rimbakita.com/wp-content/uploads/2021/01/ikan-toman.jpg
510,96.0,19.5,1.1,2.0,Ikan tarmon segar,https://nakamaaquatics.id/wp-content/uploads/2018/05/Indo-Pasific-Tarpon.png
511,95.0,15.8,0.7,6.5,Ikan telan segar,https://blogger.googleusercontent.com/img/a/AVvXsEgba6E89_I30f-0A_i3n5JS5xSCizdlJInQuk2baiseXg5ni9m3oW5P_m19BjUXNHT5-TTWCNUPtQwytE_eODWyGe9_yv6W5m6EzITwy12weA1rdZE5V5qnaUYlq_0ekxES9VRKpBrBYvmP0Bu2B4coMg1fx1gKJXs4andJfgUVrKfxbkUp1G0rB-240Q=w1200-h630-p-k-no-nu
512,358.0,20.7,26.4,9.4,Ikan telur asin mentah,https://i0.wp.com/resepkoki.id/wp-content/uploads/2017/09/Fish-roe.jpg?fit=540%2C404&ssl=1
513,204.0,16.0,15.0,0.0,Ikan Tembang,https://images.tokopedia.net/img/cache/500-square/VqbcmM/2022/4/19/87543f36-a30b-438c-87df-cc28f4fef66c.jpg
514,101.0,15.1,4.1,1.0,Ikan tempahas segar,https://upload.wikimedia.org/wikipedia/commons/thumb/7/7d/Wallagonia_leerii.jpg/1200px-Wallagonia_leerii.jpg
515,316.0,60.1,6.5,22.4,Ikan tepung mentah,https://www.hypermart.co.id/wp-content/uploads/elementor/thumbs/39-p5q08kcf3d0lwn296wiprds6lco6xhci500fw5m7fc.jpg
516,98.0,19.6,1.7,1.0,Ikan terbang segar,https://cdn1-production-images-kly.akamaized.net/2nIB6HIv40IwoVBiHpf01GwGYG4=/1280x720/smart/filters:quality(75):strip_icc():format(webp)/kly-media-production/medias/1379786/original/078541800_1476951455-ikan-terbang.jpg
517,277.0,60.0,2.3,1.8,Ikan Teri bubuk,https://healthycornersby.com/wp-content/uploads/2020/02/WhatsApp-Image-2020-02-24-at-9.55.30-AM.jpeg
518,170.0,33.4,3.0,0.0,Ikan Teri kering,https://cdn0-production-images-kly.akamaized.net/4bbReyz-sVqbGn_hW5cfWFGKH3k=/735x0:1734x1332/469x625/filters:quality(75):strip_icc():format(webp)/kly-media-production/medias/2874061/original/070741100_1565075348-shutterstock_1277489326.jpg
519,331.0,68.7,4.2,0.0,Ikan Teri Kering tawar,https://id-live-01.slatic.net/p/2c66b75ba7c1ae5fc1aff0e6ba330871.jpg
520,144.0,32.5,0.6,0.0,Ikan Teri Nasi kering,https://s0.bukalapak.com/img/54156313/large/teri_nasi.jpg
521,74.0,10.3,1.4,4.1,Ikan teri segar,https://imgx.parapuan.co/crop/158x87:1101x703/945x630/photo/2022/03/17/istock-1338406521jpg-20220317072335.jpg
522,347.0,48.8,6.4,19.6,Ikan Teri tepung,https://kbu-cdn.com/dk/wp-content/uploads/teri-kriuk.jpg
523,82.0,17.4,0.4,2.3,Ikan titang segar,https://www.greeners.co/wp-content/uploads/2021/06/Ikan-Kiper.jpg
524,100.0,13.7,1.5,8.0,Ikan tongkol segar,https://upload.wikimedia.org/wikipedia/commons/5/5d/Euthyn_affin_101018-8111_tdp.jpg
525,96.0,19.2,2.0,0.2,Ikan turi segar,https://www.garnesia.com/images/vendor/v4934.jpg
526,474.0,7.6,21.6,62.3,Intip goreng,https://img-global.cpcdn.com/recipes/4dece0e171a7ee52/1200x630cq70/photo.jpg
527,496.0,30.3,33.5,18.4,Itik alabio daging dendeng mentah,https://2.bp.blogspot.com/-SbmA8hgkc0o/WJCLWXFxWdI/AAAAAAAAAew/-RmRX3YjJ3EtldaLu6fvsQoQvowStN2OwCLcB/s1600/287162783_4_644x461_dendeng-itik-rina-asli-amuntai-rumah-tangga.jpg
528,156.0,2.7,1.3,33.3,Jagung grontol,https://img-global.cpcdn.com/recipes/763fb46246f99eb2/680x482cq70/grontol-jagung-foto-resep-utama.jpg
529,361.0,8.7,4.5,72.4,Jagung Kuning giling,https://i0.wp.com/hobiternak.com/wp-content/uploads/2018/10/Jagung-Giling.jpg?ssl=1
530,129.0,4.1,1.3,30.3,Jagung Kuning muda,https://asset.kompas.com/crops/HUdXp3hvaVaonEfuXn7HIdFl66A=/100x98:900x632/750x500/data/photo/2023/04/25/6447c89e49faa.jpg
531,307.0,7.9,3.4,63.6,Jagung Kuning pipil baru,https://img.freepik.com/free-photo/heap-grains-maiz-background-pile_1417-409.jpg?w=1060&t=st=1684231990~exp=1684232590~hmac=fe077cdb34e08b9400fe5947a004f01634731054b42142ff29ea2ae9c6a7c519
532,366.0,9.8,7.3,69.1,Jagung kuning pipil kering mentah,https://images.tokopedia.net/img/cache/700/VqbcmM/2021/3/9/46770004-bb6d-4090-9004-d533f57099b6.jpg
533,355.0,9.2,3.9,73.7,Jagung Kuning pipil lama,https://img.freepik.com/free-photo/heap-grains-maiz-background-pile_1417-409.jpg?w=1060&t=st=1684231990~exp=1684232590~hmac=fe077cdb34e08b9400fe5947a004f01634731054b42142ff29ea2ae9c6a7c519
534,154.0,3.8,3.5,28.4,Jagung kuning pipil rebus,https://asset-a.grid.id/crop/0x0:0x0/700x0/photo/2021/11/13/webpnet-resizeimage-2021-11-1-20211113101409.jpg
535,140.0,4.7,1.3,33.1,Jagung Kuning segar,https://img.freepik.com/free-photo/fresh-corn-wooden-table_93675-128402.jpg?w=1060&t=st=1684232021~exp=1684232621~hmac=042e896b6f66894e080286eff787ce22c624d05b8a23aca7b2a8697e1db9c2a4
536,355.0,9.2,3.9,73.7,Jagung kuning tepung,https://asset.kompas.com/crops/DML-7ulQtT9LImhG3ktsEsZGSvk=/0x0:780x520/780x390/data/photo/2020/06/28/5ef8bf9a2b929.jpg
537,35.0,2.2,0.1,7.4,Jagung muda,https://images.tokopedia.net/img/cache/700/VqbcmM/2021/5/30/92010621-b054-4943-a591-999d1a51d8f6.jpg
538,147.0,5.1,0.7,31.5,Jagung muda kuning mentah,https://cdn0-production-images-kly.akamaized.net/TEujZlJaBxECV4gi2Q1Wsm-MQEM=/1200x675/smart/filters:quality(75):strip_icc():format(jpeg)/kly-media-production/medias/2861087/original/051181600_1563862977-corn-4318296_1920.jpg
539,142.0,5.0,0.7,30.3,Jagung muda rebus,https://img-global.cpcdn.com/recipes/692c7955006bca76/1200x630cq70/photo.jpg
540,367.0,6.2,5.1,76.2,Jagung pipil var. harapan kering,https://s2.bukalapak.com/img/7921308452/large/IMG_20180418_WA0037_scaled.jpg
541,368.0,5.5,4.6,78.0,Jagung pipil var. metro kering,https://cdn.antaranews.com/cache/800x533/2011/05/20110519103631tanaman.gif
542,361.0,8.7,4.5,72.4,Jagung Putih giling,https://s.alicdn.com/@sc04/kf/Af5e0567d01f840f1be84540684200cabd.png
543,129.0,4.1,1.3,30.3,Jagung Putih muda,https://awsimages.detik.net.id/community/media/visual/2023/01/30/resep-tumis-jagung-muda-dan-ayam-1_43.jpeg?w=480
544,307.0,7.9,3.4,63.6,Jagung Putih pipil baru,https://sg-live-01.slatic.net/p/2d3e9d117d7da5fe175c4490faa98074.jpg
545,355.0,9.2,3.9,73.7,Jagung Putih pipil lama,https://sg-live-01.slatic.net/p/2d3e9d117d7da5fe175c4490faa98074.jpg
546,140.0,4.7,1.3,33.1,Jagung Putih segar,https://cdn.timesmedia.co.id/images/2018/05/01/Jagung-Putih-Bukalapak.jpg
547,175.0,1.8,1.8,35.0,Jagung Rebus ,https://asset.kompas.com/crops/L0i8I7tD8bIDLcs9nVG_Ok9egfI=/0x0:1000x667/750x500/data/photo/2021/10/05/615b9e713eeda.jpg
548,148.9,10.4,10.4,20.1,Jagung Sayur (tumis) ,https://ibusayur.my.id/wp-content/uploads/2022/08/ibusayur.my.id-sayur-nangka-51661b26-eb56-4072-8613-65cb6b4c2ecb.png
549,374.0,9.4,2.2,79.1,Jagung titi,https://www.goodnewsfromindonesia.id/uploads/post/large-jagung-titi-khas-nusa-tenggara-timur-tagar-auto-x2-6d59375d908da9e03022e47ce4038409.jpg
550,51.0,1.5,1.0,10.1,Jahe,https://s3-publishing-cmn-svc-prd.s3.ap-southeast-1.amazonaws.com/article/yGGUi3g36leAkNBWE0jT6/original/044762400_1598525725-Ini-Bedanya-Manfaat-Jahe-Merah-Jahe-Putih-dan-Jahe-Emprit-shutterstock_585874265.jpg
551,289.0,11.0,4.0,61.0,Jali,https://statics.indozone.news/content/2020/11/20/qEsjPJP/jali-jali-superfood-dengan-pemanfaatan-terbatas-di-indonesia98_700.jpg
552,239.0,0.5,0.6,64.5,Jam selai,https://i0.wp.com/pinkkorset.com/wp-content/uploads/2016/07/selai.jpg
553,286.0,48.5,9.2,2.3,Jambal goreng,https://img-global.cpcdn.com/recipes/c8380e9b21a49f17/680x482cq70/ikan-asin-jambal-goreng-renyah-tips-foto-resep-utama.jpg
554,46.0,0.6,0.0,11.8,Jambu Air,https://demfarm.id/wp-content/uploads/2022/08/rose-apples-or-chomphu-isolated-on-white-backgroun-2021-09-03-19-03-57-utc-1024x768.jpg
555,49.0,0.9,0.3,12.2,Jambu Biji,https://asset.kompas.com/crops/4TGyZIJJ3wev1NuC6g-2Pggg6tA=/51x58:931x644/750x500/data/photo/2022/10/28/635b7364a7089.jpg
556,61.0,0.9,0.3,15.4,Jambu biji putih tidak berbiji,https://asset.kompas.com/crops/5tqZoxNrD7W4y60L4TJeRG9hIDM=/2x1:1000x667/375x240/data/photo/2021/06/15/60c8497419234.jpg
557,56.0,0.6,0.3,14.2,Jambu Bol,https://asset.kompas.com/crops/CRaVBVmC7B0888k4y86iwwNsCvo=/0x41:1000x707/750x500/data/photo/2021/06/15/60c82d8d8e0d2.jpg
558,64.0,0.7,0.6,15.8,Jambu Monyet buah,https://images.tokopedia.net/img/cache/500-square/product-1/2018/1/7/15542540/15542540_dac5a5c7-8e74-415d-b2c9-2725481acb7d_705_628.jpg
559,350.0,6.2,1.4,78.2,Jampang huma mentah,https://assets.tokko.io/ff2dd45e-0891-49db-bf59-8cb4abad9ad1/products/images/4332adf2-41b4-4e4c-8a05-404d66b7d3b7
560,45.0,2.5,3.9,0.0,Jamur Coklat (kulat siau),https://img-global.cpcdn.com/recipes/a08c63a31c3cf541/680x482cq70/kolat-tiungkulat-siaujamur-merahjamur-kalimantanjamur-hutan-foto-resep-utama.jpg
561,296.0,9.4,1.1,62.0,Jamur encik,https://asset-a.grid.id//crop/0x0:0x0/700x0/photo/2019/10/29/3488789990.jpg
562,294.0,16.0,0.9,64.6,Jamur kuping kering,https://asset.kompas.com/crops/3caJpamNwFqn62cq9Tf8ZRPsIh4=/0x41:1000x707/750x500/data/photo/2021/12/06/61ad642aaebd0.jpg
563,21.0,3.8,0.6,0.9,Jamur kuping segar,https://res.cloudinary.com/dk0z4ums3/image/upload/v1677240659/attached_image/10-manfaat-jamur-kuping-bagi-kesehatan-yang-sayang-dilewatkan.jpg
564,30.0,3.5,0.2,4.0,Jamur merang segar,https://images.tokopedia.net/img/cache/500-square/VqbcmM/2021/5/18/4d757a05-da96-4e08-9f32-3d899e031add.jpg
565,48.0,2.8,4.1,2.9,Jamur Putih (kulat putih),https://www.nahuby.sk/images/fotosutaz/2011/09/28/peter_stalnik_288950.jpg
566,48.0,1.9,3.2,2.8,Jamur sagu,https://www.teropongmalut.com/wp-content/uploads/2022/09/IMG-20220903-WA0037.jpg
567,30.0,1.9,0.1,5.5,Jamur tiram segar,https://asset.kompas.com/crops/3R88xEE7NLaT0rK6S_XENi_1zd8=/4x6:996x667/750x500/data/photo/2021/05/20/60a5f01d9e454.jpg
568,107.0,5.3,2.2,16.5,Jangang bintatoeng masakan,https://img-global.cpcdn.com/recipes/6c2521b843621d65/1200x630cq70/photo.jpg
569,31.0,1.2,0.3,7.1,Jantung Pisang segar,https://asset.kompas.com/crops/2zx51z9WAiu1a3cgaM959AQ3FfU=/0x0:1000x667/750x500/data/photo/2021/07/30/610382161a0ea.jpeg
570,500.0,1.2,25.1,67.3,Japilus,https://id-test-11.slatic.net/p/d809d741c919c2e26bf7e8d56c038b2a.jpg
571,48.0,2.5,4.2,0.0,Jaruk Tigarun,https://img-global.cpcdn.com/recipes/5c50bcf45854e703/680x482cq70/jaruk-kembang-tigarun-foto-resep-utama.jpg
572,334.0,9.7,3.5,73.4,Jawawut,https://cdn.idntimes.com/content-images/community/2019/06/jewawut-c5d88cea040490164bd3275c6903bfa3.jpg
573,381.7,9.5,9.5,65.8,Jenang ,https://cdn.idntimes.com/content-images/community/2022/01/fromandroid-fbaa0f050bd3678e2e78518c3020f9f9_600x400.jpg
574,192.0,5.4,0.3,40.7,Jengkol segar,https://asset.kompas.com/crops/O1NhMjXQxojyWCncDswDkrWpdS4=/0x76:1000x742/750x500/data/photo/2021/09/20/6147fb289e795.jpg
575,48.0,0.6,0.2,12.4,Jeruk Bali,https://d1vbn70lmn1nqe.cloudfront.net/prod/wp-content/uploads/2021/11/15053620/Jeruk-Bali-Kaya-Vitamin-C-Ini-Manfaatnya-untuk-Kesehatan.jpg
576,61.0,0.8,0.2,14.1,Jeruk banjar segar,https://images.tokopedia.net/img/cache/250-square/VqbcmM/2022/6/20/c671b4ac-5716-43f7-a15a-3a946e27c869.jpg?ect=4g
577,44.0,0.8,0.3,10.9,Jeruk Garut,https://niagatani.id/public/uploads/all/dPV6XsNI9r3rTpv9M1svWGkSKVRoALQcCIJTueAk.jpg
578,39.0,0.3,0.3,8.9,Jeruk Kalamansi segar,https://lzd-img-global.slatic.net/g/ff/kf/Sd9344c04c7df41bb8787ac8325e92891D.jpg_200x200q80.jpg_.webp
579,45.0,0.9,0.2,11.2,Jeruk Manis,https://img.okezone.com/content/2015/07/30/298/1187784/tips-pilih-jeruk-berkualitas-baik-segar-oOeyrrcWKr.jpg
580,37.0,0.8,0.1,12.3,Jeruk Nipis,https://asset-a.grid.id/crop/0x0:0x0/700x465/photo/2020/03/02/2284586354.png
581,49.0,0.7,0.2,11.1,Jeruk ragi segar,https://images.tokopedia.net/img/cache/250-square/hDjmkQ/2021/1/3/2de49603-36db-48fc-9749-df7946340f62.png
582,32.0,1.9,0.3,7.1,Jotang,https://upload.wikimedia.org/wikipedia/commons/4/44/Acmel_panic_100301-0161_sbrg.jpg
583,15.0,15.2,4.3,8.8,Jukku pallu kaloa masakan,"https://blue.kumparan.com/image/upload/fl_progressive,fl_lossy,c_fill,q_auto:best,f_jpg,w_480/bj0crytdzulie8ypcyxz.jpg"
584,130.0,6.7,0.3,25.2,Kabau segar,https://images.tokopedia.net/img/cache/700/VqbcmM/2021/6/3/255b2a88-b862-413f-a0cc-ebcd29434199.jpg.webp
585,133.0,1.0,0.2,32.2,Kaburan ubi segar,https://foto.kontan.co.id/fHSXSoMtEpGrecd0KCpAArEf5W0=/smart/2018/12/10/1579520447p.jpg
586,250.0,2.6,2.5,35.4,Kabuto,https://cdn0-production-images-kly.akamaized.net/hZKL7YCCO0DmgDk3ROjdgSZ6lJc=/174x0:841x667/1200x1200/filters:quality(75):strip_icc():format(webp)/kly-media-production/medias/3242002/original/017665300_1600417068-shutterstock_1339481684.jpg
587,356.0,20.5,4.1,61.6,Kacang Andong,https://bibitbunga.com/wp-content/uploads/2017/03/manfaat-kacang-koro-untuk-kesehatan.jpg
588,330.0,23.8,1.4,60.2,Kacang Arab,https://img.okezone.com/content/2021/02/04/298/2356167/mengenal-chickpea-kacang-arab-penuh-nutrisi-yang-baik-untuk-tubuh-ahltPCXlfV.jpg
589,533.0,27.8,38.1,28.8,Kacang atom,https://img-global.cpcdn.com/recipes/74c03b7bf26daaf4/680x482cq70/sukro-kacang-atom-foto-resep-utama.jpg
590,341.0,30.4,3.2,51.3,Kacang babi kering,https://www.static-src.com/wcsstore/Indraprastha/images/catalog/full//110/MTA-29695870/no_brand_bubuk_biji_koro_benguk_hitam_-_kacang_babi_-_kacang_kowas_kering_1_kg_full10_rcfasmvl.jpg
591,400.0,34.4,16.9,34.1,Kacang belimbing (kecipir) kering,https://i0.wp.com/resepkoki.id/wp-content/uploads/2018/03/kecipir2.jpg?fit=500%2C500&ssl=1
592,204.0,16.9,8.8,17.5,Kacang Belimbing rebus,https://cdn1-production-images-kly.akamaized.net/TNGJxQzLI6y-VeIWmj2-GBuyLBQ=/1200x900/smart/filters:quality(75):strip_icc():format(jpeg)/kly-media-production/medias/2729965/original/086034000_1550232841-foto_kecipir.JPG
593,212.0,17.5,10.0,12.9,Kacang Belimbing tempe,https://akcdn.detik.net.id/community/media/visual/2020/06/15/jenis-biji-untuk-bahan-baku-tempe-2_43.jpeg?w=250&q=
594,118.0,4.4,1.5,21.6,Kacang beracun segar,https://cdn.timesmedia.co.id/images/2021/01/26/Kacang-Merah-2.jpg
595,479.0,12.7,23.2,58.9,Kacang Bogor goreng,https://img-global.cpcdn.com/recipes/375c798c374e2ef5/680x482cq70/kacang-bogor-goreng-foto-resep-utama.jpg
596,370.0,16.0,6.0,65.0,Kacang bogor kering,https://id-live-01.slatic.net/p/255d3fb8b6f1958112878b186718fe18.jpg
597,161.0,7.7,2.8,27.1,Kacang Bogor rebus,https://pbs.twimg.com/media/ErcuMzmVcAQFOI9.jpg
598,165.0,7.7,3.1,27.4,Kacang bogor segar,https://images.tokopedia.net/img/cache/700/VqbcmM/2021/9/4/81363626-bddb-4204-9c60-a98a15ea01e3.jpg
599,331.0,25.0,1.0,58.0,Kacang Endel biji,https://asset.kompas.com/crops/OD4HIuyUqbZ89QTHXDG9oEb8fz4=/12x8:1280x853/750x500/data/photo/2022/09/04/6314132a253b9.jpg
600,129.0,12.4,0.7,18.3,Kacang ercis segar,https://assets.ayobandung.com/crop/0x0:0x0/750x500/webp/photo/2022/05/24/2609424364.jpg
601,336.0,23.1,1.7,59.5,kacang galing segar,https://encrypted-tbn0.gstatic.com/images?q=tbn:ANd9GcQO_j0Sg_ZZ80_RJolJolWTEGad7VA92qgQPlzgyHiFkA4AbHc0XsxKxaiASj54WcIld-Q&usqp=CAU
602,516.0,14.7,31.1,44.4,Kacang goyang,https://cdn2.tstatic.net/tribunnewswiki/foto/bank/images/Ilustrasi-kacang-goyang-khas-Sulawesi2.jpg
603,336.0,20.7,1.4,62.0,Kacang Gude biji,https://d39wptbp5at4nd.cloudfront.net/media/22860_original_IMG-20180318-WA0017.jpg
604,316.0,20.7,1.0,58.0,Kacang gude biji kering,https://ahligizi.id/blog/wp-content/uploads/2022/03/gude.jpg
605,114.0,7.0,0.6,20.8,Kacang Gude biji muda,https://filebroker-cdn.lazada.co.id/kf/S7e8dd05201e2416882c2894863f7f8b6p.jpg
606,123.0,8.4,0.6,1.8,Kacang Gude muda,https://encrypted-tbn3.gstatic.com/licensed-image?q=tbn:ANd9GcQ-WwJwMnCRCqMGqKYWLzBXYcge9l9VJFl2QEaMNuuTtVlE90nV6aXt0RWOG86w90qXNZpQvzXPNwnBX_Q
607,147.0,9.0,0.5,27.5,Kacang gude rebus,https://img-global.cpcdn.com/recipes/dba1205c0417dd10/680x482cq70/gule-kacang-gude-dan-pepaya-foto-resep-utama.jpg
608,323.0,22.9,1.5,56.8,Kacang hijau kering,https://cf.shopee.co.id/file/b416e2ddeda943e915e6b496b1e6bb0f
609,109.0,8.7,0.5,18.3,kacang hijau rebus,https://cdns.klimg.com/merdeka.com/i/w/news/2019/11/19/1126920/540x270/tips-dan-cara-membuat-sari-kacang-hijau-yang-benar-untuk-kesuburan.jpg
610,350.0,17.1,1.8,70.7,Kacang hijau var. bakti kering,https://cdn.hellosehat.com/wp-content/uploads/2017/10/e3bdc474-shutterstock_1458579881.jpg?w=1200&q=75
611,339.0,20.8,2.1,64.6,Kacang hijau var. siwalik kering,https://cdns.klimg.com/merdeka.com/i/w/news/2019/10/28/1121036/540x270/7-alasan-konsumsi-kacang-hijau-baik-untuk-wanita.jpg
612,346.0,16.6,1.7,66.1,Kacang hitam kering,https://s3.bukalapak.com/img/3905433584/large/1_kg_000000_Tausi_Douchi_Dou_chi_Black_Soy_Bean_Kacang_Hitam.jpg
613,345.0,22.2,1.2,62.9,Kacang Ijo,https://cdn0-production-images-kly.akamaized.net/EfXY7zn0w4mfhomUUiKK4dlg2Cs=/1200x675/smart/filters:quality(75):strip_icc():format(jpeg)/kly-media-production/medias/704437/original/Kacang_Hijau_0714.jpg
614,445.0,11.0,11.0,65.5,Kacang Kapri Goreng ,https://sc04.alicdn.com/kf/HTB1TBuVqKuSBuNjSsziq6zq8pXae.jpg
615,98.0,6.7,0.4,17.7,Kacang Kapri muda,https://idnmedis.com/wp-content/uploads/2020/03/VEPEA34285_3.jpg
616,286.0,30.2,15.6,30.1,Kacang Kedelai basah,https://tempebumbung.files.wordpress.com/2016/01/biji-kedelai.jpg
617,521.0,32.2,37.7,22.9,Kacang kedelai goreng,https://img-global.cpcdn.com/recipes/e4e2747431572f24/680x482cq70/kacang-kedelai-goreng-foto-resep-utama.jpg
618,381.0,40.4,16.7,24.9,Kacang kedelai kering,https://images.tokopedia.net/img/cache/500-square/VqbcmM/2020/10/26/a9bc5ef4-e063-4d3f-933e-50af2da28c3e.jpg
619,75.0,4.1,2.1,10.7,Kacang Kedelai kukus,https://img2.beritasatu.com/cache/beritasatu/910x580-2/20082012110024.jpg
620,189.0,20.2,8.2,12.7,Kacang kedelai rebus,https://assets.pikiran-rakyat.com/crop/0x0:0x0/x/photo/2020/07/27/1000907679.jpg
621,286.0,30.2,15.6,30.1,Kacang kedelai segar,https://media.istockphoto.com/id/998946502/id/foto/closeup-kacang-kedelai-segar.jpg?s=1024x1024&w=is&k=20&c=YDjNN-yd20A-KQODXpi8thMiAjzFk3UXPMd82G1mMbA=
622,327.0,16.4,4.3,55.8,Kacang komak segar,https://sendme.co.id/img/1649134785.jpg
623,355.0,17.0,2.5,66.0,Kacang kuning kering,https://img.lovepik.com/photo/20211125/medium/lovepik-soybean-picture_501067376.jpg
624,346.0,16.5,1.5,66.6,Kacang lebui /iris kering,https://upload.wikimedia.org/wikipedia/commons/thumb/5/58/Cajanus_caja_080716-1078_ayot.jpg/640px-Cajanus_caja_080716-1078_ayot.jpg
625,22.0,1.1,1.0,3.4,Kacang mekah polong segar,https://media.istockphoto.com/id/146924220/id/foto/kacang-polong-segar-dalam-polong-kacang-polong.jpg?s=1024x1024&w=is&k=20&c=2OA86bH3o03hV8E94FD9yW2ClYjN6E3Q1UeajU8bXVE=
626,344.0,16.7,2.1,64.6,Kacang mentega kering,https://asset.kompas.com/crops/9lQ0OMqPUCFReecNr0lCP8bJB-M=/128x85:1152x768/750x500/data/photo/2021/04/23/60826e8d1d256.jpg
627,336.0,23.1,1.7,59.5,Kacang Merah,https://static.honestdocs.id/system/blog_articles/main_hero_images/000/002/101/original/Manfaat_Kacang_Merah_Bagi_Kesehatan_dan_Kecantikan.jpg
628,350.0,13.9,3.0,66.9,Kacang merah /banda kering,https://id-test-11.slatic.net/p/b97d57abeab6df73f51d9895a292c74d.jpg
629,314.0,22.1,1.1,56.2,Kacang merah kering,https://asset.kompas.com/crops/nBiP6zOU-h9McvCAclGFwsJwevo=/6x64:806x597/750x500/data/photo/2022/02/16/620c996b3cb39.jpg
630,158.0,10.3,0.9,28.2,Kacang Merah kering rebus,https://asset.kompas.com/crops/Nas6r0JWAfSTCuULYQOzawPHY1I=/59x3:885x554/780x390/data/photo/2022/02/16/620ca71bcdae7.jpg
631,171.0,11.0,2.2,28.0,Kacang merah segar,https://o-cdn-cas.sirclocdn.com/parenting/images/manfaat-kacang-merah.width-800.format-webp.webp
632,144.0,10.0,1.0,24.7,Kacang Merah segar rebus,https://cdn1-production-images-kly.akamaized.net/sw7MW5kTq2GgNjLOMmVju4J51qI=/546x0:1994x1448/1200x900/filters:quality(75):strip_icc():format(webp)/kly-media-production/medias/2578999/original/060869200_1546581834-shutterstock_197295407.jpg
633,280.0,16.7,1.6,63.2,Kacang merah tua kering,https://sc04.alicdn.com/kf/A4b18aaaf0bb940ba95877544b057be6cK.jpg
634,629.0,20.4,56.3,19.8,Kacang mete/biji jambu monyet goreng,https://img-global.cpcdn.com/recipes/4f25cc206ec3ac25/680x482cq70/kacang-metemede-goreng-dengan-tips-foto-resep-utama.jpg
635,616.0,16.3,48.4,28.7,Kacang mete/biji jambu monyet segar,https://sambikelen.lombokutarakab.go.id/assets/files/artikel/sedang_14889020189829709594_313eba7317.jpg
636,480.0,18.4,19.1,58.5,Kacang negara,https://cdns.klimg.com/merdeka.com/i/w/news/2020/04/30/1172565/content_images/670x335/20200430152447-1-ilustrasi-kacang-tunggak-001-rizqi-adnamazida.jpg
637,44.0,2.7,0.3,7.8,Kacang Panjang,https://s3-publishing-cmn-svc-prd.s3.ap-southeast-1.amazonaws.com/article/gZoi3RpBmq4C4Hoi6kh2h/original/007943700_1622441473-Kacang-Panjang.jpg
638,357.0,17.3,1.5,70.0,Kacang Panjang biji,https://cf.shopee.co.id/file/85c586f13afe37142fd479dec06fa623
639,39.0,3.0,0.6,7.6,Kacang Panjang kukus,https://asset-a.grid.id/crop/0x0:0x0/700x465/photo/2021/08/20/kacang-panjangjpg-20210820065144.jpg
640,150.0,2.5,12.5,7.0,Kacang Panjang tumis,https://asset.kompas.com/crops/If5HOEMwzIA4cyaXwjSvrF79U2E=/1x25:963x667/750x500/data/photo/2021/02/27/6039ddfacfede.jpg
641,37.0,3.1,0.2,7.9,Kacang ranti polong,https://www.andrafarm.co.id/_andra_farm/gambar_kelompok/a140.jpg
642,484.0,8.8,26.1,57.7,Kacang sukro,https://icalan.id/userfile/filemanager/834//lz-olshop_1630921772-uTyPi.jpeg
643,488.0,25.6,25.6,59.6,Kacang Sukro Putih ,https://cdn1.productnation.co/stg/sites/5/5cbfb08983c9b.jpeg
644,535.0,27.8,38.1,28.8,Kacang Tanah atom,https://assets.ayobandung.com/crop/0x0:0x0/750x500/webp/photo/2022/11/21/4260757127.jpg
645,564.0,25.5,44.4,25.5,Kacang tanah goreng,https://cdn.rasa.my/2018/10/Untitled-design33.png
646,561.0,25.5,43.8,26.0,Kacang Tanah kacang sari,https://mmc.tirto.id/image/otf/1024x535/2017/07/12/susu-kacang-tanah--ISTOCK.jpg
647,525.0,27.9,42.7,17.4,Kacang tanah kering,https://imgx.parapuan.co/crop/0x0:0x0/x/photo/2022/03/02/khasiat-kacang-tanah-sebagai-oba-20220302010109.jpg
648,385.0,14.0,31.0,13.0,Kacang Tanah Rebus ,https://img-global.cpcdn.com/recipes/ff019c14f757cfbf/1200x630cq70/photo.jpg
649,360.0,13.5,31.2,12.8,Kacang Tanah rebus berkulit,https://www.wikihow.com/images/8/85/Boil-Peanuts-Step-14-Version-2.jpg
650,513.0,17.5,32.5,44.3,Kacang Tanah rempeyek,https://img.okezone.com/content/2020/06/15/298/2230610/resep-peyek-kacang-tanah-dan-udang-rebon-renyah-bikin-terus-ngunyah-3j0ZqjZUGs.jpg
651,569.0,28.8,48.4,15.8,Kacang Tanah sangan berselaput,https://myxo.com.my/wp-content/uploads/2016/01/Bold-Grade-Kernels-700x700.jpg
652,559.0,26.9,44.2,23.6,Kacang tanah sangan tanpa selaput,https://t-2.tstatic.net/palembang/foto/bank/images/kacang-tanah1-kacang-tanah-tanpa-kulit.jpg
653,561.0,25.5,43.8,26.0,Kacang tanah sari,https://halalstore.jp/wp-content/uploads/2019/07/k-367-kacang-tanah-sariraya-500g-480yen.jpg
654,748.0,20.8,20.8,124.8,Kacang Telur ,https://img-global.cpcdn.com/recipes/18de1fa4c4094900/400x400cq70/photo.jpg
655,331.0,24.4,1.9,56.6,Kacang tolo / tunggak kering,https://id-live-01.slatic.net/p/ff99e4641bb6620735a89a1caf898a14.jpg
656,138.0,10.7,1.1,22.6,Kacang tolo rebus,https://img-global.cpcdn.com/recipes/e486ea31cffe0892/680x482cq70/kacang-tolo-kacang-tunggak-rebus-5307-foto-resep-utama.jpg
657,342.0,22.9,1.4,61.6,Kacang Tunggak (tolo),https://res.cloudinary.com/dk0z4ums3/image/upload/v1610970899/attached_image/jangan-lewatkan-5-manfaat-kacang-tolo-ini.jpg
658,138.0,10.7,1.1,22.6,Kacang Tunggak rebus,https://cf.shopee.co.id/file/68892d4ed119d6c119cabdbe11503188
659,451.0,11.2,20.2,59.7,Kacang Tunggak rempeyek,https://img-global.cpcdn.com/recipes/dc9828ce49f235aa/680x482cq70/peyek-kacang-tunggaktemas-foto-resep-utama.jpg
660,351.0,12.2,1.2,72.9,Kacang tunis kering,https://sc01.alicdn.com/kf/Aa651abed773a47af8e91ae2da51df3de0.jpg
661,358.0,23.4,2.4,60.6,Kacang uci kering,https://asset.kompas.com/crops/XHI8qd19XKfLu13brPQP23b8fo0=/65x67:891x618/750x500/data/photo/2022/02/17/620dc04a8ab8f.jpg
662,354.0,12.8,1.8,69.3,Kacang urei kering,1200px-Painted_Pony_Bean.JPG (1200×900) (wikimedia.org)
663,110.0,4.5,6.9,7.1,Kadada katembe,https://2.bp.blogspot.com/-Kl9M50i67tY/Wn-7saMXs0I/AAAAAAAAHh4/hHbFU4Fy0s4M8zegnfa_q3kpze8Z5xjXgCLcBGAs/w1200-h630-p-k-no-nu/LogoLicious_20180205_134921.png
664,413.0,28.7,19.8,29.8,Kaholeo masakan,https://img-global.cpcdn.com/recipes/e82d99f1eb64c14b/680x482cq70/ikan-teri-kaholeo-masak-asam-khas-buton-sulawesi-foto-resep-utama.jpg
665,92.0,20.0,0.7,0.0,Kakap,https://d1vbn70lmn1nqe.cloudfront.net/prod/wp-content/uploads/2022/11/30105045/Tinggi-Protein-Ini-X-Manfaat-Ikan-Kakap-untuk-Kesehatan.jpg
666,66.0,2.8,6.8,3.4,Kalakai,https://upload.wikimedia.org/wikipedia/commons/2/28/Stenoc_palus_100625-5191_mms.JPG
667,163.0,16.5,9.0,4.1,Kalio jeroan masakan,https://img-global.cpcdn.com/recipes/2031e463b74f84a0/1200x630cq70/photo.jpg
668,122.0,13.8,5.7,3.9,Kalio kikil (tunjang) masakan,https://asset.kompas.com/crops/mqYtGN3S_jZncBl0Ug8aj0WNS0E=/0x0:1000x667/750x500/data/photo/2021/03/01/603c964830992.jpg
669,157.0,8.1,8.8,11.4,Kalio otak masakan,https://asset-a.grid.id/crop/0x0:0x0/700x465/photo/sasefoto/original/32036_kalio-otak.JPG
670,193.0,10.6,12.4,9.7,Kalio telur masakan,https://img-global.cpcdn.com/recipes/642209af1316da73/680x482cq70/kalio-telur-foto-resep-utama.jpg
671,149.0,16.6,9.2,0.0,Kambing daging segar,https://akcdn.detik.net.id/visual/2020/10/27/ilustrasi-daging-kambing_169.jpeg?w=650
672,164.0,3.0,2.4,32.6,Kambose,https://img-global.cpcdn.com/recipes/26bdea923d2d4e15/680x482cq70/sup-dayak-foto-resep-utama.jpg
673,29.0,3.0,0.3,5.4,Kangkung,https://www.astronauts.id/blog/wp-content/uploads/2023/01/Mengenal-Manfaat-Kangkung-Bagi-Tubuh--1200x900.jpg
674,30.0,3.2,0.7,4.7,Kangkung kukus,https://cdn1-production-images-kly.akamaized.net/A3CuOjVcvmP6noevlbrt75x6srk=/1200x1200/smart/filters:quality(75):strip_icc():format(webp)/kly-media-production/medias/3446098/original/094275500_1619997238-stir-fried-vegetables-2245082_1280.jpg
675,22.0,2.5,0.6,3.1,Kangkung rebus,https://cdn0-production-images-kly.akamaized.net/-w7C3Sli-qWhlPa4hmzbg324XkA=/190x0:855x665/1200x1200/filters:quality(75):strip_icc():format(webp)/kly-media-production/medias/4353847/original/077195900_1678438446-shutterstock_1262667451.jpg
676,43.0,1.8,0.2,8.4,Kangkung tondano,https://www.andrafarm.com/_andra_farm/gambar_kelompok/a046-2.jpg
677,52.0,1.8,3.6,3.0,Kangkung tumis,https://scm-assets.constant.co/scm/unilever/e9dc924f238fa6cc29465942875fe8f0/17ea3056-4e78-4d25-bd54-cf3a9296188b.jpg
678,38.0,2.4,2.0,2.6,Kaparende sayur,https://www.gotravelly.com/blog/wp-content/uploads/2021/05/kaparende.jpg
679,42.0,3.3,0.2,9.6,Kapri Muda,https://image-cdn.medkomtek.com/OCSqvD25KLrQq1bSKxrCwGP_oeI=/640x640/smart/klikdokter-media-buckets/medias/2309803/original/019268400_1575683224-Manfaat-Kacang-Kapri-bagi-Kesehatan-by-Brent-Hofacker-123rf-101578039_s.jpg
680,41.0,2.0,0.3,7.8,Kapurung,https://rasabunda.com/wp-content/uploads/2021/08/Kapurung.jpg
681,158.0,4.4,3.2,27.8,Kapusa,https://nilaigizi.com/assets/images/produk/produk_1538364792.jpg
682,25.0,2.3,0.2,3.5,Karawila,https://d1vbn70lmn1nqe.cloudfront.net/prod/wp-content/uploads/2022/11/14043340/5-manfaat-sayur-oyong-bagi-kesehatan-tubuh-halodoc.jpg
683,146.7,5.9,5.9,19.7,Karedok ,https://asset.kompas.com/crops/szsUOraQ00vakiV0314KT6-71v8=/0x0:1000x667/750x500/data/photo/2021/07/07/60e56c9f60649.jpg
684,92.0,2.2,3.3,14.1,Karedok sayur,https://asset.kompas.com/crops/jbNcoL1_PmijICoxtO4126XbZgM=/0x0:1000x667/780x390/data/photo/2021/07/07/60e56c9f60649.jpg
685,292.0,11.2,11.2,2.8,Karoket ,https://img-global.cpcdn.com/recipes/3ac8414039a793c2/680x482cq70/karoket-indomie-foto-resep-utama.jpg
686,73.0,16.4,0.3,0.0,Katak,https://cdn1-production-images-kly.akamaized.net/e8re_jFwgunefEHuSaulapyNoh4=/1200x900/smart/filters:quality(75):strip_icc():format(jpeg)/kly-media-production/medias/1272374/original/013170600_1466667636-dagk.jpg
687,275.0,12.6,14.8,54.6,Katul Beras,https://cdn.idntimes.com/content-images/post/20170623/rye-bran-2500-56a210e73df78cf7727192c2-f82bea323262cc6f562d6321d24ab643_600x400.jpg
688,356.0,9.0,8.5,64.5,Katul Jagung,https://s2.bukalapak.com/img/2370243413/large/20180830_215736_scaled.jpg
689,120.0,3.5,2.5,20.8,Kawista segar,https://cf.shopee.co.id/file/293d8f06ecc4a6b0022b24dbc2230d06_tn
690,46.0,5.7,1.3,9.0,Kecap,https://awsimages.detik.net.id/community/media/visual/2022/07/18/titik-kritis-kehalalan-kecap-1.jpeg?w=700&q=90
691,464.0,1.2,18.6,73.0,Kecimpring singkong goreng,https://www.eresep.com/media/images/resep/2020/11/18/u9be0rva491sknkbkqfhhuifa1kecip.jpg.1000x650_q85.jpg
692,405.0,32.8,17.0,36.5,Kecipir biji,https://images.tokopedia.net/img/cache/500-square/product-1/2020/3/27/97682031/97682031_f091ebf8-1cac-4b60-8337-825c870286c9_624_624.jpg
693,35.0,2.9,0.2,0.8,Kecipir buah muda,https://asset-a.grid.id/crop/0x0:0x0/x/photo/2018/05/07/3810331211.jpg
694,32.0,2.9,0.2,5.8,Kecipir muda segar,https://images.tokopedia.net/img/cache/500-square/VqbcmM/2022/5/4/e8f64f70-84a2-45bc-b615-b63eb60fe9cb.jpg
695,34.0,0.9,1.0,6.7,Kecombrang segar,https://images.tokopedia.net/img/cache/700/VqbcmM/2021/3/15/aa94797a-c3d6-4f9f-a9e2-942dec4ebeea.jpg
696,47.0,0.5,0.2,10.4,Kedondong segar ,https://images.tokopedia.net/img/cache/500-square/VqbcmM/2021/12/4/5329d842-9637-48e3-9d33-eb653a5d9f88.jpg
697,326.0,22.8,20.3,13.1,Keju,https://cdns.klimg.com/merdeka.com/i/w/news/2020/05/08/1175035/content_images/670x335/20200508114326-1-ilustrasi-keju-008-destriyana.jpg
698,590.0,27.0,49.0,20.9,Keju Kacang Tanah,https://img.freepik.com/free-photo/cheddar-cheese-dark-wooden-surface_1150-41937.jpg?w=1060&t=st=1684238932~exp=1684239532~hmac=578424a4cc6bde6d195628ec281e5daa943e767e0e6d813354904914dc34af51
699,623.0,2.0,52.1,36.5,Kelapa hutan kering,https://cf.shopee.co.id/file/b744bbf5c824fbcba58e1aeff62b2e8f
700,17.0,0.2,0.1,3.8,Kelapa Muda air,https://img.okezone.com/content/2023/02/10/298/2762492/6-manfaat-minum-air-kelapa-muda-selain-melepas-dahaga-TMckAbHjlI.jpeg
701,68.0,1.0,0.9,14.0,Kelapa Muda daging,https://assets.tokko.io/7785295b-a6a6-4936-ab19-a31759ef44d7/products/images/8f8a1078-27c5-43e8-8a32-93738de68b9d
702,180.0,4.0,15.0,10.0,Kelapa Setengah Tua daging,https://doktersehat.com/wp-content/uploads/2020/05/manfaat-daging-kelapa.jpg
703,359.0,3.4,34.7,14.0,Kelapa Tua daging,https://asset-a.grid.id/crop/0x0:0x0/x/photo/2022/09/06/daging-kelapajpg-20220906030742.jpg
704,214.0,5.4,5.4,40.2,Kelepon ,https://caramembuat.id/wp-content/uploads/2022/06/Cara-Membuat-Klepon-Ketan-Khas-Bali.webp
705,111.0,1.5,0.3,27.2,Kelewih,https://kecipir.com/blog/wp-content/uploads/2018/02/arto_commun_070509_0128_ltn.jpg
706,142.0,16.9,7.8,0.0,Kelinci daging segar,https://cdn0-production-images-kly.akamaized.net/Gw1RJQgcjxFIOkJZPYqIZasno4E=/1200x1200/smart/filters:quality(75):strip_icc():format(jpeg)/kly-media-production/medias/759485/original/044795000_1414853739-rabbit-carcass-1-rev.jpg
707,48.0,1.0,0.2,11.9,Kemang,https://www.mongabay.co.id/wp-content/uploads/2017/11/Kemang.jpg
708,380.0,48.9,13.8,23.3,Kembang tahu,https://asset.kompas.com/crops/sgS6iHzRJjt2l5GMjgtm8spQscM=/0x0:1000x667/750x500/data/photo/2020/08/22/5f412ff8eee87.jpg
709,44.0,1.8,0.6,9.6,Kembang Turi,"https://blue.kumparan.com/image/upload/fl_progressive,fl_lossy,c_fill,q_auto:best,w_640/v1568729650/gegx4jyvwt2yemk2wou0.jpg"
710,636.0,19.0,63.0,8.0,Kemiri,https://d1vbn70lmn1nqe.cloudfront.net/prod/wp-content/uploads/2021/10/11044054/Mengenal-Manfaat-Kemiri-untuk-Kesehatan-Tubuh.jpg
711,657.0,15.0,66.0,13.0,Kenari,https://cdn.antaranews.com/cache/800x533/2021/09/03/Screenshot_2021-09-03-09-41-57-05_copy_1055x704.jpg
712,616.0,13.9,56.2,13.7,Kenari banda kering,13_20211016_144252_0012.jpg (1024×576) (wp.com)
713,83.0,2.0,0.1,19.1,Kentang,https://img.freepik.com/free-photo/side-view-basket-bowl-full-potato-sackcloth-wooden-surface-background-with-copy-space_141793-5650.jpg?w=1060&t=st=1684232790~exp=1684233390~hmac=d4c5a62367069d98e3ddf3935be7b63e3f650cd00d6f80da197e948280b1e1b3
714,142.0,0.9,0.4,33.7,Kentang Hitam,https://www.satuharapan.com/uploads/cache/news_69316_1481712492.jpg
715,64.0,12.0,1.0,2.0,Keong,https://asset-a.grid.id/crop/0x0:0x0/700x465/photo/2020/09/03/639552413.jpg
716,204.0,2.6,20.0,4.0,Kepala Susu (Krim),https://www.donnemagazine.it/wp-content/uploads/2015/05/panna-montata-1.jpg
717,151.0,13.8,3.8,14.1,Kepiting,https://thumb.tvonenews.com/thumbnail/2022/09/09/631ae5a4f1c8b-ilustrasi-makanan-laut-kepiting_1265_711.jpg
718,59.0,18.0,1.1,3.6,Kerang,https://i0.wp.com/resepkoki.id/wp-content/uploads/2017/02/Kerang-Tiram.jpg?fit=740%2C471&ssl=1
719,393.0,38.9,13.3,29.4,Kerang asap mentah,https://paxelmarket.co/wp-content/uploads/2022/06/Screen-Shot-2022-06-29-at-10.00.22.png
720,357.0,41.1,10.0,25.6,Kerang dendeng mentah,https://4.bp.blogspot.com/-5I6Zu0DTOK8/V6wE5yIdA-I/AAAAAAAAJGY/SQEdOWqHUoEpdwm-J9RhQMDoXODT-zkrwCLcB/s1600/DK1x.jpg
721,79.0,18.7,0.5,0.0,Kerbau daging segar,https://milenianews.com/wp-content/uploads/2020/08/dagingkerbau.jpg
722,475.0,1.6,25.5,64.4,Keremes,https://1.bp.blogspot.com/-7vUY82UReBs/WTbWbqEd68I/AAAAAAAAG4k/isry-Tn67FQgLbx5nqz5ZVhpQeAMHkaSACLcB/s1600/23-04-12-2863049_540b3cf5-8735-4432-9749-3805a501b746.jpg
723,137.0,1.3,1.1,29.8,Keribang ubi segar,https://asset.kompas.com/crops/Hzj3mDoX0ZXIcCMNelE5lBGlh4E=/0x0:626x417/750x500/data/photo/2020/08/06/5f2bfbf9426da.jpg
724,586.0,4.9,40.6,50.2,Keripik bayam,https://asset.kompas.com/crops/jYESdylVwVMIxcGzRhIFfZhPjnI=/0x28:1000x694/750x500/data/photo/2021/06/12/60c3ff4b72ad0.jpeg
725,446.0,2.8,14.5,76.0,Keripik gadung,https://www.ngadipuro.desa.id/desa/upload/artikel/sedang_1634355777_keripik-gadung.jpg
726,448.0,2.7,18.8,67.1,Keripik kentang,https://asset.kompas.com/crops/TaJKfxhk6isVM1cCWS03MJ-LeZw=/32x12:1000x657/780x390/data/photo/2022/05/25/628d7e2eb24a9.jpg
727,485.0,1.7,22.2,69.7,Keripik lampung,https://img-global.cpcdn.com/recipes/42103518f5a03444/680x482cq70/keripik-pisang-coklat-khas-lampung-foto-resep-utama.jpg
728,598.0,8.3,43.8,42.6,Keripik oncom,https://images.tokopedia.net/img/cache/700/product-1/2020/8/16/58377017/58377017_c917b0cd-8da8-412b-834f-792308dd5144_538_538
729,478.0,0.9,20.7,72.0,Keripik singkong,https://www.astronauts.id/blog/wp-content/uploads/2022/09/Olahan-Keripik-Khas-Indonesia-yang-Bikin-Kamu-Ketagihan-1024x683.jpg
730,481.0,2.2,19.7,73.6,Keripik singkong berbumbu,https://www.primarasa.co.id/images/images/Keripik%20Singkong%20Balado%20-%20resep.jpg
