KODE,NAMA_BAHAN,KATEGORI,SUMBER,AIR_g,ENERGI_kal,PROTEIN_g,LEMAK_g,KH_g,SERAT_g,ABU_g,KALSIUM_mg,FOSFOR_mg,BESI_mg,NATRIUM_mg,KALIUM_mg,TEMBAGA_mg,SENG_mg,RETINOL_mcg,BKAROTEN_mcg,KARTOTAL_mcg,THIAMIN_mg,RIBOFLAVIN_mg,NIASIN_mg,VIT_C_mg,BDD_pct
AR001,"Beras giling, mentah",Serealia,KZGMI-2001,12.0,357,8.4,1.7,77.1,0.2,0.8,147,81,1.8,27,71.0,0.10,0.5,0,0,0,0.20,0.08,2.6,0,100
AR002,"Beras giling var pelita, mentah",Serealia,KZGPI- 1990,11.4,369,9.5,1.4,77.1,0.4,0.6,68,171,1.4,34,0.0,0.00,0.0,0,0,0,0.26,0.00,0.0,0,100
AR003,"Beras giling var rojolele, mentah",Serealia,KZGPI- 1990,12.0,357,8.4,1.7,77.1,0.2,0.8,147,81,1.8,34,112.9,0.14,0.1,,0,80,0.20,0.02,1.5,0,100
AR004,"Beras hitam, mentah",Serealia,KZGMI-2001,12.9,351,8.0,1.3,76.9,20.1,0.9,6,198,0.1,15,105.0,0.10,1.6,0,0,0,0.21,0.06,0.0,0,100
AR005,"Beras jagung kuning, kering, mentah",Serealia,KZGMI-2001,10.8,358,5.5,0.1,82.7,10.0,0.9,20,90,1.4,1,80.0,0.10,4.1,,641,,0.12,0.08,1.0,3,100
AR006,"Beras jagung putih, kering, mentah",Serealia,KZGMI-2001,22.5,307,4.8,0.1,71.8,10.0,0.8,17,78,1.2,1,70.0,0.10,3.5,,301,,0.15,0.07,0.9,0,100
AR007,"Beras ketan hitam tumbuk, mentah",Serealia,KZGPI- 1990,13.7,360,8.0,2.3,74.5,1.0,1.5,10,347,6.2,11,288.0,0.28,2.2,0,0,0,0.24,0.10,2.0,0,100
AR008,"Beras ketan putih tumbuk, mentah",Serealia,KZGPI- 1990,12.9,361,7.4,0.8,78.4,0.4,0.5,13,157,3.4,3,282.0,0.28,2.2,0,0,0,0.28,0.00,1.4,0,100
AR009,"Beras ladang, mentah",Serealia,KZGMI-2001,9.8,376,7.5,3.8,78.0,5.9,0.9,20,110,0.8,10,70.0,0.10,1.4,0,0,,0.20,0.20,5.1,0,100
AR010,"Beras menir, mentah",Serealia,DABM-1964,12.0,362,7.7,4.4,73.0,0.2,0.2,22,272,3.7,90,201.0,0.10,0.5,0,0,,0.55,0.00,1.9,0,100
AR011,Beras parboiled,Serealia,DABM-1964,10.0,353,6.8,0.6,80.0,0.5,2.5,5,142,0.8,2,46.0,0.28,1.0,0,0,,0.22,0.11,3.4,0,100
AR012,"Beras tumbuk, mentah",Serealia,KZGMI-2001,11.5,354,7.8,0.4,79.9,3.8,0.4,3,112,0.6,5,85.0,0.50,1.5,0,0,,0.25,0.22,5.1,0,100
AR013,"Beras tumbuk merah, mentah",Serealia,KZGPI- 1990,14.6,352,7.3,0.9,76.2,0.8,1.0,15,257,4.2,10,202.0,0.36,1.9,0,0,0,0.34,0.00,3.3,0,100
AR014,"Cantel, mentah",Serealia,DABM-1964,11.0,366,11.0,3.3,73.0,1.2,1.7,28,287,4.4,7,249.0,,,0,0,,0.09,0.14,2.8,0,100
AR015,"Jagung muda, kuning, mentah",Serealia,KZGPI- 1990,61.8,147,5.1,0.7,31.5,1.3,0.9,6,122,1.1,5,33.6,0.13,0.9,0,113,261,0.24,0.10,0.8,9,100
AR016,"Jagung kuning pipil, kering, mentah",Serealia,KZGPI- 1990,11.5,366,9.8,7.3,69.1,2.2,2.4,30,538,2.3,5,79.4,0.10,4.1,,636,641,0.12,0.12,1.8,3,100
AR017,"Jagung pipil var, harapan, kering",Serealia,KZGPI- 1990,11.3,367,6.2,5.1,76.2,2.6,1.2,7,354,2.8,1,79.6,0.10,4.1,,637,385,0.19,0.08,1.0,0,100
AR018,"Jagung pipil var, metro, kering",Serealia,KZGPI- 1990,10.6,368,5.5,4.6,78.0,2.9,1.3,7,300,2.4,1,80.2,0.10,4.1,,642,554,0.16,,,100,
AR019,"Jali, mentah",Serealia,DABM-1964,23.0,324,11.0,4.0,61.0,3.1,1.0,213,176,11. 0,24,,0.10,0.4,,,,0.14,,,90,
AR020,"Jawawut, mentah",Serealia,DABM-1964,11.9,364,9.7,3.5,73.4,8.2,1.5,28,311,5.3,7,255.1,0.45,1.5,,33,,0.33,,,100,
AR021,"Jampang huma, mentah",Serealia,DABM-1964,11.7,350,6.2,1.4,78.2,1.7,2.5,329,254,5.3,53,396.7,0.70,1.6,,33,,0.51,,,100,
AP001,Nasi,Serealia,KZGPI- 1990,56.7,180,3.0,0.3,39.8,0.2,0.2,25,27,0.4,1,38.0,0.10,0.6,0,0,,0.05,,,100,
AP002,Nasi tim,Serealia,OKN-1992,71.0,120,2.4,0.4,26.0,0.5,0.2,3,7,0.4,0,23.9,0.10,0.4,,0,,0.10,,,100,
AP003,"Beras, tapai",Serealia,KZGMI-2001,75.5,99,1.7,0.3,22.4,0.0,0.1,4.0,19,0.0,26,2.0,0.10,0.5,0,0,0,0.00,,,100,
AP004,"Beras, tepung, mentah",Serealia,DABM-1964,12.0,353,7.0,0.5,80.0,2.4,0.5,5,140,0.8,5,241.0,0.10,0.8,0,0,0,0.12,,,100,
AP005,"Beras merah, Nasi",Serealia,KZGPI- 1990,64.0,149,2.8,0.4,32.5,0.3,0.3,6,63,0.8,5,91.4,0.20,0.9,0,0,0,0.06,,,100,
AP006,"Bihun, mentah",Serealia,DABM-1964,12.9,348,4.7,0.1,82.1,1.2,0.2,6,35,1.8,12,5.0,0.08,0.7,0,0,0,0.00,,,100,
AP007,Bihun goreng instan,Serealia,KZGMS-1993,9.0,381,6.1,3.9,80.3,,0.7,266,151,2.9,928,,,,58,,400,0.37,,,100,
AP008,"Bihun Jagung, mentah",Serealia,BKP,11.3,354,0.5,0.3,87.4,3.0,0.5,13,111,0.6,49,1.4,0.40,0.0,,0,0,0.02,,,100,
AP009,"Jagung nasi, mentah",Serealia,BKP,11.0,357,8.8,0.5,79.5,6.2,0.3,5,43,0.6,2,30.4,0.10,0.3,,0,0.0,0.30,,,100,
AP010,"Jagung muda, rebus",Serealia,KZGPI- 1990,53.2,142,5.0,0.7,30.3,0.8,0.8,5,105,0.8,5,24.3,0.20,0.9,,145,225,0.15,,,100,
AP011,"Jagung kuning, tepung",Serealia,DABM-1964,12.0,355,9.2,3.9,73.7,7.2,1.2,10,256,2.4,11,24.4,0.23,1.7,,0,510,0.38,,,100,
AP012,"Jagung kuning pipil, rebus",Serealia,KZGPI- 1990,63.7,154,3.8,3.5,28.4,0.7,0.6,7,171,0.5,5,56.4,0.10,4.4,,818,234,0.08,,,100,
AP013,"Jagung, tepung putih",Serealia,DABM-1964,12.0,355,9.2,3.9,73.7,7.2,1.2,10,256,2.4,11,24.4,0.23,1.7,,0,0,0.38,,,100,
AP014,"Ketan, ketupat",Serealia,KZGPI- 1990,52.0,212,4.0,4.6,38.6,0.2,0.9,8,46,1.0,,,,,0,0,0,0.07,,,100,
AP015,"Ketan hitam, matang",Serealia,KZGPI- 1990,56.9,181,4.0,1.2,37.3,0.3,0.6,9,144,1.7,9,18.4,0.10,0.7,0,0,0,0.06,,,100,
AP016,"Ketan hitam, tapai",Serealia,KZGPI- 1990,50.2,166,3.8,1.0,34.4,0.3,0.6,8.0,106,1.6,5,12.0,,,,,0,0.02,,,100,
AP017,"Ketan putih, matang",Serealia,KZGPI- 1990,60.7,163,3.0,0.4,35.7,0.2,0.2,4,55,0.7,8,16.8,0.10,0.7,0,0,0,0.07,,,100,
AP018,"Ketan putih, tapai",Serealia,KZGPI- 1990,58.9,172,3.0,0.5,37.5,0.6,0.1,6,35,0.5,1,,,,0,0,0,0.04,,,100,
AP019,"Maizena, tepung",Serealia,DABM-1964,14.0,341,0.3,0.0,85.0,7.0,0.7,20,30,1.5,6,9.0,0.22,1.6,0,0,0,0.00,,,100,
AP020,"Makaroni, mentah",Serealia,DABM-1964,11.7,353,8.7,0.4,78.7,4.9,2.5,20,80,0.3,5,0.0,0.28,1.4,,,0,0.10,,,100,
AP021,Mi basah,Serealia,DABM-1964,80.0,88,0.6,3.3,14.0,0.1,2.1,14,13,6.8,63,13.5,0.06,0.4,,0,,0.00,0.00,0.0,0,100
AP022,Mi kering,Serealia,KZGPI- 1990,10.6,339,10.0,1.7,6.3,0.4,1.4,31,143,3.9,760,83.0,0.29,1.9,,,0,0.00,0.08,2.2,0,100
AP023,Misoa,Serealia,KZGPI- 1990,10.0,345,8.5,2.2,78.0,0.5,1.3,52,120,8.7,3064,44.0,0.08,0.0,0,0,0,0.00,0.02,0.2,0,100
AP024,Roti putih,Serealia,DABM-1964,40.0,248,8.0,1.2,50.0,9.1,0.8,10,95,1.5,530,91.0,0.15,0.9,0,0,0,0.10,0.29,2.4,0,100
AP025,Tepung terigu,Serealia,KZGPI- 1990,11.8,333,9.0,1.0,77.2,0.3,1.0,22,150,1.3,2,0.0,0.00,2.8,0,0,0,0.10,0.07,1.0,0,100
AP026,Amparan tatak,Serealia,KZGMI-2001,58.4,191,1.3,5.5,34.0,,0.8,,,,,,,,,,,,,,,100
AP027,"Apang kukus, kue",Serealia,KZGMI-2001,49.5,202,3.0,0.3,46.7,,0.5,,,,,,,,,,,,,,,100
AP028,"Apem, kue",Serealia,KZGMI-2001,63.1,148,2.0,0.5,33.9,,0.5,,,,,,,,,,,,,,,100
AP029,Biskuit,Serealia,DABM-1964,2.2,458,6.9,14.4,75.1,2.1,1.4,62,87,2.7,241,20.3,0.16,0.6,0,14,,0.09,0.15,1.4,0,100
AP030,"Bakpia, kue",Serealia,KZGPI- 1990,38.9,272,8.7,6.7,44.1,0.9,1.6,194,117,4.5,,,,,,,1392,0.31,1.00,2.9,0,100
AP031,Bakwan,Serealia,KZGPI- 1990,40.5,280,8.2,10.2,39.0,3.4,2.1,204,79,7.0,,,,,0,,0,0.08,,,0,100
AP032,Bantal,Serealia,KZGMI-2001,52.3,190,3.3,0.3,43.5,3.4,0.6,9,0,0.4,164,84.0,0.20,0.9,,,,0.27,0.02,3.6,,100
AP033,Baruasa,Serealia,KZGMI-2001,5.3,417,6.5,8.2,79.3,,0.7,,,,,,,,,,,,,,,100
AP034,Batar daan,Serealia,KZGMI-2001,75.3,107,2.2,2.2,19.6,,0.7,20.0,30.0,0.6,200. 0,90.0,0.10,,,,,0.18,0.02,,,100
AP035,Bika ambon,Serealia,KZGPI- 1990,51.5,199,2.1,1.5,44.4,0.3,0.6,45,28,1.8,,,,,0,,408,0.10,,0.0,0,100
AP036,Bingka,Serealia,KZGMI-2001,44.4,273,5.3,10.6,39.1,,0.6,,,,,,,,,,,,,,,100
AP037,Bobengka,Serealia,KZGMI-2001,46.3,225,5.3,2.6,45.2,,0.6,,,,,,,,,,,,,,,100
AP038,Bolu peca,Serealia,KZGMI-2001,55.6,197,3.3,4.6,35.6,,0.9,,0,0.0,0,0.0,,,,,,,0.00,0.0,0,100
AP039,Brem,Serealia,KZGPI-1990,37.4,249,3.4,0.4,58.0,0.0,0.9,198,86,2.0,,,,,0,,240,0.34,0.00,0.0,0,100
AP040,Bubur tinotuan (Manado),Serealia,KZGMI-2001,80.9,156,2.3,0.2,15.6,8.2,1.0,41,20,0.4,486,164.0,0.30,0.4,,1437,,0.10,0.04,,15,100
AP041,Cake tape,Serealia,KZGMI-2001,32.2,323,4.9,11.5,50.1,1.4,1.4,131,83,2.6,,,,,26,,1872,0.38,0.16,0.3,0,100
AP042,Cangkuning,Serealia,KZGMI-2001,57.5,204,2.8,7.5,31.4,,0.8,,,,,,,,,,,,,,,100
AP043,Dodol bali,Serealia,KZGPI- 1990,26.5,298,3.7,2.1,65.9,0.4,1.8,70,76,2.5,,,,,0,0,496,0.28,,2.5,0,100
AP044,Dodol galamai,Serealia,KZGMI-2001,16.5,348,0.4,3.8,76.1,0.5,1.2,41,144,2.6,38,76.0,0.30,2.1,0,0,0,0.03,0.06,1.8,0,100
AP045,Dodol kedondong,Serealia,KZGPI- 1990,26.4,331,1.9,7.6,63.8,1.0,0.4,90,55,2.3,,,,,0,,408,0.11,,0.8,5,100
AP046,Dodol manado,Serealia,KZGMI-2001,,373,,51.9,,,,2.4,,,,,,0,,,0.04,0.06,2.1,,100,
AP047,Emping beras,Serealia,KZGMI-2001,,403,,85.3,,,,0.3,,,,,,,,,0.00,0.16,,,100,
AP048,Gemblong,Serealia,KZGPI- 1990,,274,,55.5,,,,3.3,,,,,,0,,,0.00,,,,100,
AP049,Gendar goreng,Serealia,KZGPI- 1990,,407,,32.0,,,,1.6,,,,,,,,,0.16,0.00,0.6,,100,
AP050,Intip goreng,Serealia,KZGPI- 1990,,474,,62.3,,,,2.5,,,,,,0,,,0.25,0.03,0.8,,100,
AP051,Jagung gerontol,Serealia,KZGPI- 1990,,156,,33.3,,,,1.2,,,,,,,,,0.08,0.00,0.0,,100,
AP052,Jagung titi,Serealia,KZGPI- 1990,,374,,79.1,,,,2.9,,,,,,,,,0.20,,,,100,
AP053,Japilus,Serealia,KZGPI- 1990,,500,,67.3,,,,4.9,,,,,,,,,0.17,0.03,0.4,,100,
AP054,Kakicak,Serealia,KZGMI-2001,,296,,36.7,,,,,,,,,,,,,,,,,100,
AP055,Kambose,Serealia,KZGMI-2001,,164,,32.6,,,,0.7,,,,,,256,,,0.10,0.10,0.4,,100,
AP056,Kapusa,Serealia,KZGMI-2001,,158,,27.8,,,,1.2,,,,,,1374,,,0.06,0.05,0.1,,100,
AP057,Keddo bodong,Serealia,KZGMI-2001,,290,,55.2,,,,,,,,,,,,,,,,,100,
AP058,"Kelepon, kue",Serealia,KZGMI-2001,,215,,41.8,,,,3.3,,,,,,,,,0.09,0.07,0.2,,100,
AP059,Kereput,Serealia,KZGMI-2001,,580,,51.1,,,,,,,,,,,,,,,,,100,
AP060,Ketoprak,Serealia,KZGPI-1990,,153,,13.0,,,,3.4,,,,,,,,,0.05,,,,100,
AP061,Ketupat kandangan,Serealia,KZGMI-2001,,109,,13.4,,,,,,,,,,,,,,,,,100,
AP062,Koya,Serealia,KZGMI-2001,,366,,77.5,,,,7.0,,,,,,,,,,,,,100,
AP063,Koya mirasa,Serealia,KZGMI-2001,,370,,82.2,,,,17. 0,,,,,,,,,0.19,0.45,2.6,,100,
AP064,Koyabu,Serealia,KZGMI-2001,,241,,47.2,,,,,,,,,,,,,,,,,100,
AP065,Kue ali,Serealia,KZGMI-2001,,440,,64.5,,,,2.5,,,,,,,,,0.13,0.09,0.0,,100,
AP066,Kue bangen,Serealia,KZGMI-2001,,442,,74.2,,,,,,,,,,,,,,,,,100,
AP067,Kue gelang,Serealia,KZGMI-2001,,448,,70.0,,,,,,,,,,,,,,,,,100,
AP068,Kue jahe,Serealia,KZGPI- 1990,,425,,84.6,,,,4.0,,,,,,,,,0.20,,,,100,
AP069,Kue kelapa,Serealia,KZGMI-2001,,591,,47.5,,,,1.6,,,,,,,,,,,,,100,
AP070,Kue koa,Serealia,KZGMI-2001,,340,,79.3,,,,,,,,,,,,,,,,,100,
AP071,Kue ku temu,Serealia,KZGMI-2001,,214,,49.6,,,,,,,,,,,,,,,,,100,
AP072,Kue lumpur,Serealia,KZGMS-1993,40.1,291,3.6,11.1,44.1,,,1.1,,,2.3,,,,,20,,,,,,
AP073,Kue pelita,Serealia,KZGMI-2001,71.0,141,5.3,5.5,17.6,,,0.6,,,,,,,,,,,,,,
AP074,Kue putu cangkir,Serealia,KZGPI- 1990,32.6,304,5.3,7.0,54.9,0.9,,0.2,,,4.0,,,,,0,,,,,,
AP075,Kue sus,Serealia,KZGMS-1993,56.6,221,7.5,10.2,24.8,,,0.9,,,2.5,,,,,26,,,,,,
AP076,Kue thipan,Serealia,KZGMI-2001,43.0,247,2.9,4.2,49.5,,,0.4,,,1.8,,,1.30,,,,,,,,
AP077,Laksa/Putu mayang,Serealia,KZGMI-2001,73.2,121,1.7,3.4,21.1,,,0.6,,,,,,,,,,,,,,
AP078,Lapis legit,Serealia,KZGPI- 1990,21.3,389,6.6,15.7,55.5,0.5,,0.9,,,1.9,,,,,41,,,,,0.09,
AP079,Lupis ketan,Serealia,KZGPI- 1990,61.0,164,1.8,2.1,34.5,0.7,,0.6,,,1.5,,,,,0,,,,,0.00,
AP080,Manan samin,Serealia,KZGMI-2001,27.1,379,3.4,18.1,50.6,,,0.8,,,,,,,,,,,,,,
AP081,Martabak india,Serealia,KZGMI-2001,65.8,153,4.5,4.2,24.3,,,1.2,,,2.4,,,0.40,,,,,,,,
AP082,Martabak mesir,Serealia,KZGMI-2001,40.2,278,5.1,8.6,45.0,,,1.1,,,3.4,,,0.20,,,,,,,,
AP083,Masekat,Serealia,KZGMI-2001,15.6,369,2.1,7.0,74.1,4.0,,0.8,,,0.8,,,0.40,,155,,,,,,
AP084,Mie aceh rebus,Serealia,KZGMI-2001,74.6,113,3.0,3.2,18.1,,,1.1,,,1.4,,,0.20,,0,,,,,0.00,
AP085,Mie ayam,Serealia,KZGMS-1993,78.6,102,6.2,3.9,10.5,,,0.8,,,1.8,,,,,39,,,,,,
AP086,Mie bakso,Serealia,KZGMS-1993,74.5,114,5.3,3.0,16.4,0.1,,0.8,,,1.9,,,,,17,,,,,,
AP087,Mie celon,Serealia,KZGMI-2001,75.9,102,3.0,2.1,17.8,,,1.2,,,1.4,,,0.10,,0,,,,,0.00,
AP088,Mie pangsit basah,Serealia,KZGMS-1993,79.2,105,5.9,4.9,9.4,,,0.7,,,2.0,,,,,25,,,,,,
AP089,Nasi gemuk,Serealia,KZGMI-2001,61.4,192,3.8,8.8,24.4,0.7,,1.6,,,1.0,,,0.20,,0,,,,,0.05,
AP090,Nasi gurih,Serealia,KZGMI-2001,60.5,190,4.7,7.5,26.0,0.7,,1.3,,,0.8,,,0.20,,0,,,,,0.06,
AP091,Nasi minyak,Serealia,KZGMI-2001,53.3,207,3.5,5.0,37.1,0.8,,1.1,,,1.5,,,0.20,,0,,,,,0.07,
AP092,Nasi rames,Serealia,KZGMS-1993,65.8,155,10.3,4.2,19.1,,,0.6,,,1.8,,,,,96,,,,,0.00,
AP093,Nopia spesial,Serealia,KZGPI- 1990,11.5,387,5.3,7.6,74.3,0.3,,1.3,,,4.2,,,,,,,,,,,
AP094,Onde-onde,Serealia,KZGMI-2001,27.7,336,4.0,9.8,57.9,,,0.6,,,,,,,,,,,,,,
AP095,Padamaran,Serealia,KZGMI-2001,67.6,171,3.9,8.9,18.8,,,0.8,,,,,,,,,,,,,,
AP096,Pastel,Serealia,KZGMS-1993,38.3,307,4.5,13.3,42.4,,,1.5,,,2.5,,,,,0,,,,,,
AP097,Pulut,Serealia,KZGMI-2001,49.1,216,2.6,3.1,44.4,,,0.8,,,3.8,,,0.40,,0,,,,,,
AP098,Pundut nasi,Serealia,KZGMI-2001,77.8,104,1.9,4.1,15.1,0.4,,1.1,,,1.5,,,0.00,,,,,,,,
AP099,Putri hijau,Serealia,KGZMI-2001,54.8,189,5.4,2.1,37.2,,,0.5,,,,,,,,,,,,,,
AP100,Putri selat,Serealia,KZGMI-2001,66.6,163,2.2,6.5,23.8,,,0.9,,,4.0,,,,,0,,,,,,
AP101,Putu sopa,Serealia,KZGMI-2001,50.7,215,3.3,4.1,41.1,,,0.8,,,,,,,,,,,,,,
AP102,Renggi goreng,Serealia,KZGMI-2001,8.8,471,4.7,21.8,64.1,6.4,,0.6,,,1.1,,,0.90,,0,,,,,0.05,
AP103,Roti boong,Serealia,KZGMI-2001,34.0,341,5.5,16.2,43.3,,,1.0,,,1.1,,,,,,,,,,0.30,
AP104,Roti warna sawo matang,Serealia,DABM-1964,40.0,249,7.9,1.5,49.7,,,0.9,,,2.5,,,,,0,,,,,,
AP105,Sarimuka,Serealia,KZGMI-2001,61.5,166,2.3,2.8,32.9,,,0.5,,,2.0,,,0.00,,,,,,,,
AP106,Spaghetti,Serealia,KZGMS-1993,66.1,139,7.4,2.1,22.6,,,2.1,,,4.7,,,,,42,,,,,,
AP107,Srikaya ketan,Serealia,KZGMI-2001,41.0,265,2.7,6.4,49.1,,,0.8,,,,,,,,,,,,,,
AP108,Sunduk lawang,Serealia,KZGMI-2001,63.4,181,1.9,1.3,32.4,,,1.0,,,,,,,,,,,,,,
AP109,Suwir-suwir,Serealia,KZGPI- 1990,13.4,347,0.5,0.9,84.2,0.8,,1.0,,,4.3,,,,,1,,,,,,
AP110,Tipa-tipa,Serealia,KZGPI- 1990,11.3,355,6.2,1.2,79.8,1.3,,1.5,,,1.6,,,,,0,,,,,0.04,
AP111,Wajit camilan,Serealia,KZGPI- 1990,27.1,303,6.3,2.7,63.3,6.9,,0.6,,,5.5,,,,,0,,,,,,
AP112,Widaran,Serealia,KZGPI- 1990,7.0,424,1.3,10.7,80.7,0.2,,0.3,,,2.5,,,,,21,,,,,0.20,
AP113,Wingko babat,Serealia,KZGPI- 1990,29.7,355,3.2,15.1,51.4,2.4,,0.7,,,1.1,,,,,0,,,,,0.08,
AP114,Yangko,Serealia,KZGPI- 1990,37.4,254,3.0,1.1,58.1,0.8,,0.4,,,2.6,,,,,0,,,,,,
BR001,"Arrowroot, segar",Umbi Berpati,KZGPI- 1990,73.5,102,1.0,0.2,24.1,1.7,1.2,28,35,1.7,,36,,,0.8,15,0.0,0.06,0.10,2.3,2,
BR002,"Batatas gembili, segar",Umbi Berpati,KZGMI-2001,76.7,76,1.1,0.9,16.0,4.2,0.7,0,40,0.2,,10,,,0.3,0,0.0,0.06,0.00,0.9,0,
BR003,"Batatas kelapa, ubi, segar",Umbi Berpati,KZGMI-2001,76.1,89,1.1,0.1,21.0,4.0,0.7,0,40,0.2,,20,,,0.2,0,0.0,0.38,0.00,0.9,0,
BR004,"Belitung, talas, segar",Umbi Berpati,KZGPI- 1990,63.1,145,1.2,0.4,34.2,1.5,1.1,26,54,1.4,,6,,,0.9,0,0.0,0.10,0.10,2.3,2,
BR005,"Bengkuang, segar",Umbi Berpati,DABM- 1964,85.1,59,1.4,0.2,12.8,1.0,0.5,15,18,0.6,,2,,,0.3,0,,0.04,0.10,0.2,20,
BR006,"Bentul (Komba), talas, segar",Umbi Berpati,KZGPI- 1990,75.8,98,1.6,0.7,20.9,0.7,1.8,44,66,1.5,,,,,0.6,0,0.0,0.02,0.10,0.8,0,
BR007,"Gadeng/Gadung, kering",Umbi Berpati,KZGMI-2001,20.2,322,2.4,0.6,76.6,,0.2,39,22,2.2,,5,,,0.2,0,0.0,0.45,0.02,1.0,0,
BR008,"Gadung, ubi, segar",Umbi Berpati,KZGPI- 1990,74.4,100,0.9,0.3,23.5,2.1,0.9,79,66,0.9,,8,,,0.2,0,0.0,0.23,0.00,0.5,2,
BR009,"Ganyong, segar",Umbi Berpati,KZGPI- 1990,79.9,77,0.6,0.2,18.4,0.8,0.9,15,67,1.0,,,,,,0,0.0,0.10,,,9,
BR010,"Gembili, ubi, segar",Umbi Berpati,KZGPI- 1990,66.4,131,1.1,0.2,31.3,1.1,1.0,14,56,0.6,,10,,,0.3,0,0.0,0.08,0.00,0.9,4,
BR011,"Hofa/Ubi hutan, segar",Umbi Berpati,KZGMI-2001,67.9,127,1.2,0.5,29.5,3.4,0.9,30,8,0.7,,3,,,0.2,0,0.0,0.30,0.05,0.6,0,
BR012,"Kaburan, ubi, segar",Umbi Berpati,KZGPI- 1990,66.5,133,1.0,0.2,32.2,0.7,0.5,65,50,0.6,,10,,,0.2,0,0.0,0.01,0.00,0.3,0,
BR013,"Kentang, segar",Umbi Berpati,KZGPI- 1990,83.4,62,2.1,0.2,13.5,0.5,0.8,63,58,0.7,,7,,,0.3,0,0.0,0.09,0.10,1.0,21,
BR014,"Kentang hitam, segar",Umbi Berpati,DABM- 1964,64.0,142,0.9,0.4,33.7,5.4,1.0,34,75,0.2,,22,,,0.6,0,,0.02,0.10,2.2,38,
BR015,"Keribang, ubi, segar",Umbi Berpati,KZGPI- 1990,67.0,137,1.3,1.1,29.8,0.6,0.8,45,56,0.8,,10,,,0.3,0,0.0,0.00,0.00,0.7,0,
BR016,"Ketela pohon/ singkong, segar",Umbi Berpati,KZGPI- 1990,61.4,154,1.0,0.3,36.8,0.9,0.5,77,24,1.1,,2,,,0.4,0,0.0,0.06,0.10,0.5,31,
BR017,Lepok/Ubi rumput,Umbi Berpati,KZGMI-2001,55.3,181,2.8,1.2,39.8,10.7,0.9,7,50,3.1,,116,,,0.9,0,0.0,0.28,0.05,1.5,0,
BR018,"Sagu aren, kering",Umbi Berpati,KZGPI- 1990,11.9,355,0.6,1.1,85.6,0.3,0.8,91,167,2.2,,2,,,0.3,,0.0,0.04,0.10,0.5,0,
BR019,"Sagu aren, segar",Umbi Berpati,KZGMI-2001,42.5,231,0.6,0.2,56.6,3.2,0.1,20,20,0.1,,7,,,0.1,,0.0,0.20,0.00,0.0,0,
BR020,Sagu kasbi segar,Umbi Berpati,KZGMI-2001,42.5,230,0.6,0.2,56.5,3.0,0.2,20,1,0.3,,100,,,0.2,0,0.0,0.10,0.00,0.0,0,
BR021,Sagu lempeng,Umbi Berpati,KZGMI-2001,13.5,347,0.9,0.3,85.2,4.7,0.1,30,30,0.2,,11,,,0.1,0,,0.30,0.00,0.0,0,
BR022,"Sagu singkong, kering",Umbi Berpati,DABM- 1964,12.0,362,0.5,0.3,86.9,,0.3,0,0,0.0,,,,,,0,0.0,0.00,,,0,
BR023,"Sente, talas, segar",Umbi Berpati,DABM- 1964,14.0,353,0.7,0.2,84.7,6.6,0.4,11,13,1.5,,30,,,2.2,41,,0.05,0.20,2.8,5,
BR024,"Suweg, talas, segar",Umbi Berpati,KZGPI- 1990,80.1,74,1.4,0.1,17.2,1.4,1.2,42,46,1.3,,7,,,0.1,24,254.0,0.04,0.00,0.4,2,
BR025,"Talas bogor, segar",Umbi Berpati,KZGPI- 1990,72.4,108,1.4,0.4,25.0,0.9,0.8,47,67,0.7,,10,,,0.7,0,0.0,0.06,0.07,1.0,4,
BR026,"Talas pontianak, segar",Umbi Berpati,KZGPI- 1990,60.0,163,2.3,0.5,36.4,0.7,0.9,45,80,1.7,,14,,,1.0,0,0.0,0.02,0.10,1.3,,
BR027,"Talas viqueque, segar",Umbi Berpati,KZGMI-2001,70.6,115,1.8,0.5,25.9,8.6,1.2,50,220,0.9,,1,,,1.0,0,0.0,0.08,0.10,0.9,,
BR028,"Ubi jalar, kuning, segar",Umbi Berpati,KZGMI-2001,72.6,119,0.5,0.4,25.1,4.2,1.0,30,40,0.4,,3,,,0.2,794,4948.0,0.06,0.07,0.7,21,
BR029,"Ubi jalar manis, segar",Umbi Berpati,KZGPI- 1990,78.4,83,1.5,0.2,18.8,0.6,1.1,27,162,2.1,,52,,,0.3,0,0.0,0.02,0.00,0.4,0,
BR030,"Ubi jalar merah, segar",Umbi Berpati,KZGPI- 1990,61.9,151,1.6,0.3,35.4,0.7,0.6,29,74,0.7,,92,,,0.5,0,1208.0,0.13,0.08,0.7,11,
BR031,"Ubi jalar putih, segar",Umbi Berpati,KZGMI-2001,77.8,88,0.4,0.4,20.6,4.0,0.8,30,10,0.5,,2,,,0.2,13,264.0,0.25,0.06,0.5,36,
BR032,Ubi jalar tinta/ kemayung,Umbi Berpati,KZGMI-2001,72.5,108,0.5,0.4,25.6,4.2,1.0,30,40,0.5,,1,,,0.2,13,0.0,0.09,0.06,0.6,24,
BR033,"Umbi Uwi, segar",Umbi Berpati,BKP,69.7,120,2.8,0.5,82.3,2.6,0.9,9,42,1.3,,12,,,0.6,0,0.0,0.02,0.50,0.2,4,
BP001,"Batatas kelapa, ubi, bakar",Umbi Berpati,KZGMI-2001,73.2,110,1.4,1.1,23.4,4.5,0.7,1,46,0.2,,12,,,0.3,0,0.0,1.13,0.00,0.0,0,
BP002,"Batatas kelapa, ubi, kukus",Umbi Berpati,KZGMI-2001,75.7,92,1.2,0.3,21.0,4.1,1.8,0,42,0.2,,10,,,0.3,0,0.0,0.28,0.00,0.7,0,
BP003,"Batatas tali, ubi, rebus",Umbi Berpati,KZGMI-2001,53.2,182,2.4,0.4,42.2,9.2,1.8,1,80,0.3,,20,,,0.6,0,0.0,0.27,0.00,1.3,0,
BP004,"Belitung, talas, kukus",Umbi Berpati,KZGPI- 1990,63.1,145,1.2,0.4,34.2,1.0,1.1,21,48,0.9,,7,,,0.9,0,0.0,0.08,0.10,2.3,1,
BP005,"Bentul, talas, kukus",Umbi Berpati,KZGPI- 1990,81.1,71,2.3,0.3,15.4,0.5,0.9,29,26,0.6,,,,,0.6,0,0.0,0.06,0.00,0.0,21,
BP006,"Gadung, ubi, kukus",Umbi Berpati,KZGPI- 1990,77.4,88,0.6,0.3,20.9,0.9,0.8,26,47,0.4,,6,,,0.2,0,0.0,0.03,0.00,0.4,0,
BP007,"Ganyong, rebus",Umbi Berpati,KZGPI- 1990,74.1,100,0.8,0.2,23.8,0.9,1.1,15,65,0.9,,,,,,0,0.0,0.04,,,6,
BP008,Ketela pohon/ singkong kukus,Umbi Berpati,KZGPI- 1990,61.5,153,1.2,0.3,36.4,1.3,0.6,56,22,0.4,,2,,,0.1,0,0.0,0.00,0.00,0.3,20,
BP009,"Suweg, talas, kukus",Umbi Berpati,KZGPI- 1990,75.5,93,1.5,0.1,21.9,0.9,1.0,50,58,0.8,,6,,,0.1,0,283.0,0.09,0.00,0.3,0,
BP010,"Talas bogor, kukus",Umbi Berpati,KZGPI- 1990,69.2,120,1.5,0.3,28.2,0.7,0.8,31,63,0.7,,11,,,0.6,0,0.0,0.05,0.60,0.8,2,
BP011,"Ubi jalar, kuning, kukus",Umbi Berpati,KZGPI- 1990,74.2,100,0.7,0.3,23.8,1.0,1.0,44,46,0.4,,3,,,0.2,819,4427.0,0.00,0.10,0.6,16,
BP012,Ubi jalar tinta/ kemayung kukus,Umbi Berpati,KZGPI- 1990,58.5,165,0.9,0.2,39.8,1.1,0.6,20,23,0.8,,1,,,0.2,0,0.0,0.02,0.10,0.5,0,
BP013,Bagea kelapa asin,Umbi Berpati,KZGMI-2001,3.5,450,3.2,13.9,78.1,,,1.3,,,0.3,,0.0,,0.20,0.2,,,,0.30,,0.00
BP014,Bagea kelapa manis,Umbi Berpati,KZGMI-2001,3.0,452,1.3,13.8,80.6,,,1.3,,,0.3,,0.0,,0.20,0.2,,,,0.00,,0.00
BP015,Bagea kenari asin,Umbi Berpati,KZGMI-2001,2.8,529,3.2,29.1,63.6,,,1.3,,,0.4,,0.0,,0.20,0.2,,,,0.30,,0.00
BP016,Bagea kenari manis,Umbi Berpati,KZGMI-2001,3.1,523,3.2,28.2,64.2,,,1.3,,,0.3,,0.0,,0.20,0.2,,,,0.30,,0.00
BP017,Bagea kw 1,Umbi Berpati,KZGPI- 1990,7.2,416,6.5,9.4,76.3,0.4,,0.6,,,4.9,,,,,,,,,0.08,,
BP018,Bagea kw 2,Umbi Berpati,KZGPI- 1990,7.9,382,0.3,3.5,87.2,0.9,,1.1,,,7.6,,,,,,,,,0.02,,
BP019,Beras Cerdas,Umbi Berpati,BKP,11.3,350,2.7,1.1,82.3,6.2,,2.6,,,2.9,,568.0,,0.20,0.9,,,,0.02,,0.20
BP020,Beras ganyong,Umbi Berpati,BKP,9.3,364,3.4,0.7,86.3,4.7,,0.5,,,5.0,,72.2,,0.20,0.6,,,,0.02,,0.02
BP021,Beras Siger,Umbi Berpati,BKP,13.5,344,1.1,0.2,28.3,5.6,,0.7,,,5.6,,77.9,,0.10,0.5,,,,0.02,,0.10
BP022,Biji nangka/Biji salak,Umbi Berpati,KZGMI-2001,40.5,262,2.3,5.4,51.1,8.0,,0.7,,,0.8,,2.0,,0.60,2.0,,,,0.10,,1.00
BP023,Bubur sagu,Umbi Berpati,KZGMI-2001,62.5,167,0.2,4.0,33.0,,,0.3,,,0.1,,0.0,,0.10,0.1,,,,9.00,,
BP024,Cassavastick,Umbi Berpati,KZGPI- 1990,5.6,460,0.8,18.7,17.2,1.6,,2.7,,,7.5,,,,,,,,,0.19,,0.07
BP025,Ceriping getuk singkong,Umbi Berpati,KZGPI- 1990,7.2,462,1.2,20.7,67.7,0.6,,3.2,,,8.8,,,,,,,,,0.29,,0.02
BP026,Gatot,Umbi Berpati,BKP,12.8,347,1.3,0.7,83.8,5.8,,1.4,,,17.1,,242.0,,0.20,0.7,,,,0.02,,0.10
BP027,Geblek,Umbi Berpati,BKP,52.1,195,0.4,1.7,44.4,3.6,,1.4,,,0.6,,125.0,,0.30,0.3,,,,0.02,,0.00
BP028,Getuk goreng,Umbi Berpati,KZGPI- 1990,16.5,360,1.3,6.4,74.3,0.8,,1.5,,,3.2,,,,,,,,,0.21,,
BP029,Getuk singkong,Umbi Berpati,KZGPI- 1990,49.8,204,0.5,1.4,47.4,0.8,,1.1,,,1.5,,,,,,,,,0.08,,
BP030,Gurandil,Umbi Berpati,KZGPI- 1990,47.5,218,0.5,2.5,48.5,3.1,,1.0,,,2.8,,,,,,,,,0.19,,
BP031,Kabuto,Umbi Berpati,KZGMI-2001,58.9,250,2.6,2.5,35.4,1.8,,0.6,,,1.1,,218.0,,,,,,,0.10,,0.10
BP032,Kapurung,Umbi Berpati,KZGMI-2001,79.6,41,2.0,0.3,7.8,2.0,,0.6,,,0.3,,566.0,,0.10,0.3,,,,0.12,,0.25
BP033,Kecimpring singkong goreng,Umbi Berpati,KZGPI- 1990,3.7,464,1.2,18.6,73.0,1.3,,3.5,,,3.4,,,,,,,,,0.34,,
BP034,Keremes,Umbi Berpati,KZGPI- 1990,6.7,475,1.6,25.2,64.4,2.1,,2.1,,,1.0,,,,,,,,,0.00,,
BP035,Keripik gadung,Umbi Berpati,KZGPI- 1990,4.0,446,2.8,14.5,76.0,1.7,,2.8,,,1.9,,,,,,,,,0.95,,
BP036,Keripik kentang,Umbi Berpati,KZGMI-2001,7.8,448,2.7,18.8,67.1,3.8,,3.6,,,1.2,,406.0,,1.10,,,,,0.10,,0.05
BP037,Keripik singkong,Umbi Berpati,KZGPI- 1990,4.2,478,0.9,20.7,72.0,2.0,,2.2,,,1.9,,,,,,,,,0.24,,
BP038,Keripik singkong berbumbu,Umbi Berpati,KZGPI- 1990,2.2,481,2.2,19.7,73.6,1.6,,2.3,,,1.6,,,,,,,,,0.31,,
BP039,Keripik ubi,Umbi Berpati,KZGMI-2001,6.0,486,0.2,23.9,67.6,14.3,,2.3,,,0.9,,2.0,,0.70,2.3,,,,0.10,,0.10
BP040,Kerupuk cumi goreng,Umbi Berpati,KZGMI-2001,3.4,444,6.9,14.6,71.3,5.0,,3.8,,,1.8,,191.0,,0.10,0.3,,,,0.40,,0.10
BP041,Kerupuk kemplang (ikan) mentah,Umbi Berpati,KZGMI-2001,14.2,325,1.8,0.4,78.5,4.5,,5.1,,,2.3,,273.0,,0.20,0.5,,,,0.60,,0.10
BP042,Kerupuk kemplang goreng,Umbi Berpati,KZGPI- 1990,5.8,504,5.6,28.1,57.1,0.3,,3.4,,,2.9,,,,,,,,,0.31,,
BP043,Kerupuk kemplang panggang,Umbi Berpati,KZGPI- 1990,9.4,356,9.7,1.1,76.9,1.0,,3.0,,,2.9,,,,,,,,,0.36,,
BP044,Kerupuk mie kuning goreng,Umbi Berpati,KZGPI- 1990,7.2,476,0.1,21.1,71.3,4.2,,0.3,,,4.6,,109.0,,0.10,0.2,,,,0.22,,0.00
BP045,Kerupuk udang goreng,Umbi Berpati,KZGMI-2001,4.4,477,4.7,20.5,68.5,5.0,,1.9,,,0.9,,109.0,,0.10,0.2,,,,0.20,,0.00
BP046,Kue bangket,Umbi Berpati,KZGMI-2001,16.1,338,1.5,1.2,80.3,,,0.9,,,0.3,,0.0,,0.20,0.2,,,,0.30,,0.00
BP047,Kue putu singkong,Umbi Berpati,KZGMI-2001,44.2,217,1.2,0.5,53.2,2.4,,0.9,,,1.5,,305.0,,,,,,,0.10,,0.10
BP048,Lanting getuk,Umbi Berpati,KZGPI- 1990,4.2,422,0.9,10.8,80.4,1.4,,3.8,,,3.6,,,,,,,,,0.43,,
BP049,Mi golosor,Umbi Berpati,KZGPI- 1990,82.9,71,0.2,0.8,15.9,0.1,,0.2,,,0.2,,,,,,,,,0.05,,0.02
BP050,Mie Bendo,Umbi Berpati,BKP,11.5,353,0.3,0.0,88.0,2.4,,0.2,,,2.8,,49.2,,0.50,0.1,,,,0.02,,0.00
BP051,Mie Sagu,Umbi Berpati,BKP,52.8,190,0.2,0.4,46.5,1.4,,0.1,,,0.3,,2.6,,0.10,0.0,,,,0.00,,0.40
BP052,Ongol-ongol sagu,Umbi Berpati,KZGPI- 1990,75.3,111,0.3,2.7,21.2,0.3,,0.5,,,1.7,,,,,,,,,0.06,,
BP053,Oyek,Umbi Berpati,BKP,12.6,351,0.9,0.9,84.9,4.3,,0.7,,,2.1,,229.0,,0.10,0.5,,,,0.02,,0.02
BP054,Papeda,Umbi Berpati,KZGMI-2001,84.8,61,0.2,0.1,14.9,0.5,,0.1,,,0.2,,20.0,,0.10,0.1,,,,0.06,,0.00
BP055,Rasbi (Beras Ubi),Umbi Berpati,BKP,11.1,394,2.2,8.8,76.6,6.8,,1.3,,,1.6,,388.0,,0.40,0.4,,,,0.02,,0.30
BP056,Rasi (Beras Singkong),Umbi Berpati,BKP,12.6,350,0.9,0.4,85.7,14.4,,0.5,,,1.5,,14.0,,0.30,0.5,,,,0.02,,0.02
BP057,Sagu forno,Umbi Berpati,KZGMI-2001,31.5,291,0.5,4.0,63.4,,,0.6,,,0.8,,50.0,,0.10,0.2,,,,,,
BP058,Sagu Lemak (Kue Sagon),Umbi Berpati,BKP,4.3,452,2.8,14.8,76.8,1.1,,0.7,,,1.1,,52.7,,0.04,0.8,,,,0.32,,0.04
BP059,Sagu manis,Umbi Berpati,KZGMI-2001,32.6,287,0.5,3.9,62.4,,,0.6,,,0.7,,42.0,,0.10,0.2,,,,,,
BP060,Sagu Rendang,Umbi Berpati,BKP,8.2,364,0.1,0.2,90.5,1.9,,1.0,,,3.9,,15.1,,0.10,0.1,,,,0.02,,0.60
BP061,Sagu sinole,Umbi Berpati,KZGMI-2001,22.0,354,0.8,8.3,68.9,,,0.1,,,0.8,,11.0,,0.20,0.3,,,,,,
BP062,Serimping talas kebumen,Umbi Berpati,KZGPI- 1990,4.8,478,2.5,21.2,69.2,1.7,2.3,112,118,2.3,,,,,,,0.0,0.25,,,0,
BP063,Tapai singkong,Umbi Berpati,KZGPI- 1990,57.4,169,1.4,0.3,40.2,2.0,0.7,21,34,0.8,,,,,,0,0.0,0.00,,,9,
BP064,Tepung Arrowroot,Umbi Berpati,DABM- 1964,13.6,355,0.7,0.2,85.2,0.4,0.3,8,22,1.5,,2,,,0.1,20,3.0,0.09,0.00,0.0,0,
BP065,Tepung Ganyong,Umbi Berpati,BKP,13.6,353,0.8,1.7,83.6,0.7,0.3,4,31,3.3,,3,,,0.3,0,0,0.02,0.00,0.9,1,
BP066,Tepung Gaplek,Umbi Berpati,BKP,13.0,345,2.4,0.4,83.1,6.7,1.1,18,95,1.5,,6,,,1.2,1,0,0.30,0.20,0.1,0,
BP067,"Tepung kentang, kering",Umbi Berpati,DABM- 1964,13.0,347,0.3,0.1,85.6,0.4,1.0,20,30,0.5,,51,,,0.5,0,0.0,0.04,0.00,0.4,0,
BP068,Tepung Mocaf,Umbi Berpati,BKP,11.9,350,1.2,0.6,85.0,6.0,1.3,60,64,15.8,,8,,,0.6,0,0,0.02,0.02,0.7,2,
BP069,Tepung Sente,Umbi Berpati,BKP,15.3,326,4.0,0.4,76.7,8.5,3.6,41,141,3.5,,14,,,1.4,0,0,0.02,0.20,7.7,0,
BP070,Tepung singkong/ Tapioka,Umbi Berpati,DABM- 1964,9.1,363,1.1,0.5,88.2,0.9,1.1,84,125,1.0,,1,,,0.1,0,,0.04,0.00,0.4,0,
BP071,Tepung Tales Beneng,Umbi Berpati,BKP,12.2,332,5.7,0.6,76.1,12.2,5.5,59,302,10.7,,7,,,6.2,0,0,0.02,0.10,0.3,0,
BP072,Tepung Ubi Ungu,Umbi Berpati,BKP,9.4,354,2.8,0.6,84.4,12.9,2.8,89,125,3.9,,42,,,0.6,0,0,0.40,0.02,0.0,0,
BP073,Tiwul,Umbi Berpati,BKP,11.2,353,2.4,1.1,83.4,6.5,1.6,55,95,4.7,,5,,,0.8,0,0,0.02,0.02,0.1,3,
BP074,Tiwul Instan,Umbi Berpati,BKP,9.1,395,3.2,8.5,76.5,4.2,2.7,81,81,5.8,,377,,,1.2,0,0,0.40,0.20,0.2,4,
BP075,Ubi Cilembu,Umbi Berpati,BKP,52.7,186,1.9,0.2,44.3,3.4,0.9,37,51,0.6,,1,,,0.2,26,0.0,0.02,0.20,0.0,0,
BP076,Uli batatas,Umbi Berpati,KZGMI-2001,66.5,150,1.1,4.0,27.4,,1.0,,23,0.1,,6,,,0.2,0,0.0,0.53,0.00,1.3,0,
CR001,"Kacang arab, kering",Kacang & Biji,DABM-1964,11.6,330,23.8,1.4,60.2,17.4,3.0,57,388,4.7,,24,,,,,140.0,,0.21,1.5,2,100
CR002,"Kacang babi, kering",Kacang & Biji,KZGPI-1990,11.6,341,30.4,3.2,51.3,4.5,3.5,178,521,6.8,,13,,,,,87.0,,0.33,2.8,,80
CR003,"Kacang belimbing (kecipir), kering",Kacang & Biji,KZGPI-1990,10.4,400,34.4,16.9,34.1,10.7,4.2,468,182,6.8,,37,,,,,,,0.44,3.0,,100
CR004,"Kacang beracun, segar",Kacang & Biji,KZGMI-2001,72.1,118,4.4,1.5,21.6,,0.4,50,50,1.7,,10,,,,,,,,,,
CR005,"Kacang bogor, kering",Kacang & Biji,DABM-1964,10.0,370,16.0,6.0,65.0,26.3,3.0,85,264,4.2,,44,,,,0,,,0.26,6.2,0,100
CR006,"Kacang bogor, segar",Kacang & Biji,KZGPI-1990,60.8,165,7.7,3.1,27.4,2.5,1.0,96,126,5.3,,6,,,,,,,0.35,2.7,,100
CR007,"Kacang endel, biji, kering",Kacang & Biji,DABM-1964,14.0,331,25.0,1.0,58.0,23.6,2.0,80,400,5.0,,12,,,,0,,,0.75,2.3,,95
CR008,"Kacang ercis, segar",Kacang & Biji,KZGMI-2001,67.6,129,12.4,0.7,18.3,28.6,1.0,40,130,2.3,,4,,,,,,,0.05,2.7,,45
CR009,"kacang galing, segar",Kacang & Biji,DABM-1964,12.0,336,23.1,1.7,59.5,,3.8,80,400,5.0,,,,,,0,,,,,0,95
CR010,"Kacang gude, biji, kering",Kacang & Biji,KZGPI-1990,16.1,316,20.7,1.0,58.0,4.6,4.2,146,445,4.7,,16,,,,,,,0.19,2.4,,100
CR011,"Kacang gude, biji, segar",Kacang & Biji,DABM-1964,70.3,114,7.0,0.6,20.8,4.4,2.3,3,122,1.5,,4,,,,,70.0,,0.07,0.8,43,100
CR012,"Kacang hijau var, bakti, kering",Kacang & Biji,KZGPI-1990,7.4,350,17.1,1.8,70.7,5.7,3.1,94,315,4.9,,46,,,,,235.0,,0.27,2.6,11,100
CR013,"Kacang hijau var, siwalik, kering",Kacang & Biji,KZGPI-1990,8.8,339,20.8,2.1,64.6,7.4,3.7,122,136,4.9,,45,,,,,321.0,,0.27,2.6,,100
CR014,"Kacang hijau, kering",Kacang & Biji,KZGPI-1990,15.5,323,22.9,1.5,56.8,7.5,3.3,223,319,7.5,,42,,,,,223.0,,0.15,1.5,10,100
CR015,"Kacang hitam, kering",Kacang & Biji,KZGMI-2001,12.5,346,16.6,1.7,66.1,22.8,3.1,70,300,4.7,,3,,,,,,,0.10,2.1,,100
CR016,"Kacang kapri, segar",Kacang & Biji,DABM-1964,74.3,98,6.7,0.4,17.7,6.2,0.9,22,122,1.9,,6,,,,,680.0,,0.16,2.5,26,45
CR017,"Kacang kedelai, kering",Kacang & Biji,KZGPI-1990,12.7,381,40.4,16.7,24.9,3.2,5.5,222,682,10.0,,210,,,,,31.0,,0.12,1.2,,100
CR018,"Kacang kedelai, segar",Kacang & Biji,DABM-1964,20.0,286,30.2,15.6,30.1,2.9,4.1,196,506,6.9,,28,,,,,95.0,,0.26,1.8,,100
CR019,"Kacang kincai, kering",Kacang & Biji,KZGMI-2001,4.2,444,19.9,16.0,55.0,,4.9,26,,,,,,,,,,,0.10,1.9,,
CR020,"Kacang komak, segar",Kacang & Biji,KZGMI-2001,20.9,327,16.4,4.3,55.8,0.5,2.6,74,282,4.0,,22,,,,,,,0.12,0.1,,45
CR021,"Kacang kuning, kering",Kacang & Biji,KZGMI-2001,11.7,355,17.0,2.5,66.0,15.1,2.8,140,220,5.8,,1,,,,,,,0.08,1.9,,
CR022,"Kacang lebui /iris, kering",Kacang & Biji,KZGMI-2001,11.8,346,16.5,1.5,66.6,37.3,3.6,144,368,3.4,,17,,,,,,,0.20,0.0,,100
CR023,"Kacang mentega, kering",Kacang & Biji,KZGMI-2001,13.7,344,16.7,2.1,64.6,13.0,2.9,110,300,6.7,,1,,,,,,,0.07,1.2,,
CR024,"Kacang merah /banda, kering",Kacang & Biji,KZGMI-2001,13.0,350,13.9,3.0,66.9,26.3,3.2,84,242,6.8,,19,,,,,,,0.76,0.3,,100
CR025,"Kacang merah tua, kering",Kacang & Biji,KZGPI- l990,12.3,280,16.7,1.6,63.2,4.6,6.2,209,335,6.4,,19,,,,,,,0.08,2.0,6,100
CR026,"Kacang merah, kering",Kacang & Biji,KZGPI- l990,17.7,314,22.1,1.1,56.2,4.0,2.9,502,429,10.3,,11,,,,,,,0.72,2.2,,100
CR027,"Kacang merah, segar",Kacang & Biji,KZGPI- l990,57.2,171,11.0,2.2,28.0,2.1,1.7,293,134,3.7,,7,,,,,10.0,,0.15,1.1,,100
CR028,"Kacang mete/biji jambu monyet, segar",Kacang & Biji,KZGMI-2001,4.6,616,16.3,48.4,28.7,0.9,2.0,26,521,3.8,,26,,,,,,,0.03,0.0,,69
CR029,"Kacang panjang, biji, kering",Kacang & Biji,DABM-1964,12.2,357,17.3,1.5,68.6,10.6,0.4,163,437,6.9,,16,,,,0,,,0.98,7.1,2,100
CR030,Kacang tanah sangan,Kacang & Biji,KZGPI- l990,1.2,560,29.5,43.0,24.1,2.9,2.2,107,366,4.1,,34,,,,,,,0.30,15.5,,100
CR031,Kacang tanah sangan tanpa selaput,Kacang & Biji,DABM-1964,2.6,559,26.9,44.2,23.6,2.6,2.7,74,393,1.9,,33,,,,0,,,29.4 7,8.0,0,100
CR032,"Kacang tanah, kering",Kacang & Biji,KZGPI- l990,9.6,525,27.9,42.7,17.4,2.4,2.4,316,456,5.7,,31,,,,,30.0,,0.27,1.4,,100
CR033,"Kacang tolo / tunggak, kering",Kacang & Biji,KZGPI- l990,13.5,331,24.4,1.9,56.6,1.6,3.6,481,399,13.9,,15,,,,,,,0.20,4.3,,100
CR034,"Kacang tunis, kering",Kacang & Biji,KZGMI-2001,10.5,351,12.2,1.2,72.9,29.5,3.2,120,220,6.9,,1,,,,,,,0.13,2.5,,100
CR035,"Kacang uci, kering",Kacang & Biji,KZGPI- l990,9.9,358,23.4,2.4,60.6,7.4,3.7,269,264,0.5,,13,,,,,,,0.20,2.5,2,100
CR036,"Kacang urei, kering",Kacang & Biji,KZGMI-2001,12.8,354,12.8,1.8,69.3,26.1,3.3,220,220,5.1,,1,,,,,,,0.05,3.5,,
CR037,"Kenari banda, kering",Kacang & Biji,KZGMI-2001,13.0,616,13.9,56.2,13.7,,3.2,0,380,1.4,,11,,,,,,,0.08,0.5,,100
CR038,"Kenari, kering",Kacang & Biji,DABM-1964,3.0,657,15.0,66.0,13.0,,3.0,92,691,7.7,,3,,,,0,,,0.09,0.5,0,100
CR039,"Komak polong, segar",Kacang & Biji,KZGMI-2001,74.3,99,3.3,0.1,21.2,10.3,1.1,50,99,13.1,,15,,,,,,,0.03,0.2,,100
CR040,"Koro andong, kering",Kacang & Biji,KZGPI- 1990,10.8,356,20.5,4.1,61.6,7.0,3.0,150,272,6.2,,18,,,,,,,0.02,1.4,1,100
CR041,"Koro benguk, biji, kering",Kacang & Biji,DABM-1964,15.0,332,24.0,3.0,55.0,5.6,3.0,30,200,2.0,,42,,,,,70.0,,0.12,1.7,0,95
CR042,"Koro kerupuk, biji, segar",Kacang & Biji,DABM-1964,67.2,125,8.3,0.7,22.1,2.2,1.7,17,12,2.7,,16,,,,,80.0,,0.04,1.1,31,68
CR043,"Koro loke, biji, segar",Kacang & Biji,DABM-1964,88.6,33,2.7,0.2,7.9,3.5,0.6,60,40,2.0,,2,,,,,40.0,,0.00,0.2,0,95
CR044,"Koro roay, kering",Kacang & Biji,KZGPI- 1990,13.0,344,12.5,2.1,69.4,7.5,3.0,70,103,4.4,,18,,,,,28.0,,0.21,1.4,1,100
CR045,"Koro wedus, biji, kering",Kacang & Biji,DABM-1964,11.8,338,22.2,1.5,61.0,5.8,3.5,88,395,3.5,,43,,,,0,,,0.12,1.8,0,100
CR046,"Lamtoro biji, muda, segar",Kacang & Biji,DABM-1964,77.4,85,5.7,0.3,15.4,10.8,1.2,180,53,2.7,,35,,,,,423.0,,1.15,1.0,15,100
CR047,"Lamtoro biji, tua, segar",Kacang & Biji,DABM-1964,61.4,148,10.6,0.5,26.2,17.0,1.3,155,59,2.2,,28,,,,,416.0,,0.49,2.8,20,100
CR048,"Lamtoro var, gung tanpa kulit",Kacang & Biji,KZGPI- 1990,10.2,367,46.4,5.4,32.5,2.6,4.4,136,441,23.3,,65,,,,,18900.0,,1.15,1.0,9,100
CR049,"Lamtoro var, lokal dengan kulit",Kacang & Biji,KZGPI- 1990,13.5,336,23.8,1.2,59.7,15.4,1.8,867,321,1.5,,134,,,,,321.0,,1.34,0.9,16,100
CR050,"Nangka, biji, segar",Kacang & Biji,DABM-1964,57.7,165,4.2,0.1,36.7,1.8,1.3,33,200,1.0,,69,,,,0,,,0.03,1.4,10,75
CR051,"Saga merah terkupas, mentah",Kacang & Biji,KZGPI- 1990,8.1,449,30.6,25.5,31.9,3.5,3.9,1062,161,14.2,,66,,,,,107.0,,1.50,10.9,7,100
CR052,"Wijen, mentah",Kacang & Biji,DABM-1964,5.8,568,19.3,51.1,18.1,3.6,5.8,1125,614,9.5,,18,,,,,,,0.20,5.7,0,100
CP001,"Kacang belimbing, rebus",Kacang & Biji,KZGPI-1990,55.6,204,16.9,8.8,17.5,4.8,1.2,230,180,3.3,,43,,,,,,,0.48,0.7,,100
CP002,"Kacang bogor, goreng",Kacang & Biji,KZGPI-1990,3.0,479,12.7,23.2,58.9,1.2,2.2,135,184,2.9,,,,,,,,,0.45,4.1,,35
CP003,"Kacang bogor, rebus",Kacang & Biji,KZGPI-1990,61.2,161,7.7,2.8,27.1,2.0,1.2,56,134,1.4,,,,,,,,,,,,35
CP004,"Kacang gude, rebus",Kacang & Biji,KZGPI-1990,61.5,147,9.0,0.5,27.5,3.4,1.5,50,175,2.0,,14,,,,,,,0.07,13.2,,100
CP005,"kacang hijau, rebus",Kacang & Biji,KZGPI-1990,71.3,109,8.7,0.5,18.3,1.5,1.2,95,149,1.5,,447,,,,,120.0,,0.04,0.4,3,100
CP006,"Kacang kedelai, goreng",Kacang & Biji,KZGPI-1990,9.6,521,32.2,37.7,22.9,7.6,3.7,296,800,6.5,,3492,,,,,20.0,,1.90,19.0,,100
CP007,"Kacang kedelai, rebus",Kacang & Biji,KZGPI-1990,56.8,189,20.2,8.2,12.7,1.6,2.1,91,270,3.9,,181,,,,,15.0,,0.04,0.5,0,100
CP008,"Kacang merah kering, rebus",Kacang & Biji,KZGPI- l990,59.6,158,10.3,0.9,28.2,2.6,1.0,160,149,3.7,,6,,,,,,,0.09,0.8,,100
CP009,"Kacang merah segar, rebus",Kacang & Biji,KZGPI- l990,63.1,144,10.0,1.0,24.7,3.5,1.2,144,150,2.8,,6,,,,,,,0.08,0.7,,100
CP010,"Kacang mete/biji jambu monyet, goreng",Kacang & Biji,KZGPI- 1990,1.0,629,20.4,56.3,19.8,1.1,2.5,502,493,8.0,,13,,,,,,,0.22,1.8,,100
CP011,Kacang tanah rebus dg kulit,Kacang & Biji,DABM-1964,40.2,360,13.5,31.2,12.8,,2.3,42,177,1.4,,32,,,,0,,,0.13,9.0,5,43
CP012,"Kacang tanah, goreng",Kacang & Biji,KZGPI- l990,2.5,564,25.5,44.4,25.5,2.8,2.8,106,390,4.1,,,,,,,,,,,,100
CP013,"Kacang tanah, rebus",Kacang & Biji,KZGPI- l990,62.1,220,10.6,18.0,8.0,1.0,1.3,89,273,1.9,,36,,,,,,,,,0,100
CP014,"Kacang tolo, rebus",Kacang & Biji,KZGPI- l990,64.4,138,10.7,1.1,22.6,0.9,1.2,165,172,4.0,,,0.80,,6.1,,,0.01,,,100,
CP015,Ampas kacang hijau,Kacang & Biji,KZGPI- 1990,70.6,96,3.7,0.6,19.1,2.7,0.6,133,150,1.3,,,,,,,,0.05,,,100,
CP016,"Ampas tahu, mentah",Kacang & Biji,KZGPI- 1990,84.1,67,5.0,2.1,8.1,4.1,0.6,460,88,1.0,,,0.17,,0.5,0,,0.06,,,100,
CP017,Ampas tahu kukus,Kacang & Biji,KZGPI- 1990,82.5,75,4.1,2.1,10.7,5.1,0.6,203,60,1.3,,,,,,0,,0.07,,,100,
CP018,"Ampas tahu, kering",Kacang & Biji,DABM-1964,9.0,414,26.6,18.3,41.3,0.0,5.8,19,29,4.0,,,0.99,,2.8,24,,0.20,,,100,
CP019,Pepea oncom ampas tahu,Kacang & Biji,KZGPI- 1990,80.9,76,5.2,1.8,10.6,2.2,1.5,215,66,12.5,,,,,,,,0.11,,,100,
CP020,Bungkil biji karet,Kacang & Biji,DABM-1964,12.0,333,29.3,3.3,50.0,,29.4,102,660,12.0,,,,,,,,0.10,,,100,
CP021,Bungkil kacang tanah,Kacang & Biji,DABM-1964,14.0,336,37.4,13.0,30.5,,33.1,730,470,30.7,,,,,,,,0.04,,,100,
CP022,Bungkil kelapa,Kacang & Biji,DABM-1964,16.0,368,23.0,15.0,40.0,,38.0,137,433,41.5,,,,,,,,0.00,,,100,
CP023,Dodol banjarmasin,Kacang & Biji,KZGMI-2001,17.3,368,2.6,8.6,70.0,0.5,1.5,51,180,3.3,,,0.40,,2.6,0,,0.04,,,100,
CP024,Emping (kerupuk melinjo),Kacang & Biji,DABM-1964,13.0,345,12.0,1.5,71.5,,28. 0,100,400,5.0,,,,,,,,0.20,,,100,
CP025,Emping komak,Kacang & Biji,KZGMI-2001,14.2,355,17.8,4.6,60.7,,2.7,87,304,4.3,,,1.00,,2.3,0,,,,,100,
CP026,Enting-enting gepuk hello kity,Kacang & Biji,KZGPI- 1990,2.4,538,13.6,30.3,52.6,0.2,1.0,81,248,1.6,,,,,,,,1.00,,,100,
CP027,Enting-enting gepuk kacang tanah,Kacang & Biji,KZGPI- 1990,4.2,524,13.3,29.2,52.0,0.2,1.4,76,248,1.4,,,,,,,,0.62,,,100,
CP028,Enting-enting wijen,Kacang & Biji,KZGPI- 1990,3.7,565,18.2,38.4,36.8,1.9,3.0,251,502,10.9,,,,,,,,0.92,,,100,
CP029,Geplak,Kacang & Biji,KZGMI-2001,29.6,350,1.4,14.4,53.6,1.8,1.0,151,43,2.1,,,,,,,,0.12,,,100,
CP030,Geplak jahe,Kacang & Biji,KZGMI-2001,12.4,462,3.1,24.4,57.7,3.3,2.5,212,161,6.6,,,,,,,,0.12,,,100,
CP031,Kacang atom,Kacang & Biji,KZGPI- 1990,3.1,533,27.8,38.1,28.8,2.5,2.2,87,423,3.0,,,,,,,,0.06,,,100,
CP032,Kacang goyang,Kacang & Biji,KZGMI-2001,8.3,516,14.7,31.1,44.4,,1.5,34,230,0.7,,,0.60,,1.7,,,,,,100,
CP033,Kacang negara,Kacang & Biji,KZGMI-2001,3.1,480,18.4,19.1,58.5,11.7,0.9,34,404,10.3,,,2.50,,7.1,,,0.63,,,100,
CP034,Kacang sukro,Kacang & Biji,KZGPI- 1990,4.7,484,8.8,26.1,57.7,1.8,2.7,49,194,2.5,,,,,,,,0.06,,,100,
CP035,Kacang tanah sari,Kacang & Biji,KZGPI- 1990,2.1,561,25.5,43.8,26.0,2.2,2.6,50,324,3.1,,,,,,,,0.08,,,100,
CP036,Keju kacang tanah (peanut butter),Kacang & Biji,DABM-1964,3.0,590,27.0,49.0,20.9,1.6,0.1,60,360,2.0,,,0.57,,2.7,0,,0.30,,,100,
CP037,Kembang tahu,Kacang & Biji,KZGPI- 1990,10.8,380,48.9,13.8,23.3,0.0,3.2,378,781,2.1,,,0.68,,4.2,0,,0.15,,,100,
CP038,Kembang tahu rebus,Kacang & Biji,KZGPI- 1990,79.8,90,10.7,4.0,4.7,,0.8,85,,,,,,,,,,,,,,
CP039,Keripik oncom,Kacang & Biji,KZGPI- 1990,3.0,598,8.3,43.8,42.6,3.3,2.2,85,153,27.0,,,,,,,1608.0,,,,,0
CP040,Keripik tempe,Kacang & Biji,KZGPI- 1990,3.3,581,12.1,40.6,41.7,2.2,2.3,237,116,6.9,,,,,,,320.0,,,,,0
CP041,Keripik tempe abadi besar,Kacang & Biji,KZGPI- 1990,4.5,556,15.8,37.1,39.8,3.5,2.8,112,215,5.4,,,,,,,0.0,,,,,0
CP042,Keripik tempe abadi murni,Kacang & Biji,KZGPI- 1990,3.2,542,40.3,42.4,11.6,2.2,2.7,175,529,5.2,,,,,,,50.0,,,,,0
CP043,Keripik tempe abadi sedang,Kacang & Biji,KZGPI- 1990,4.4,510,12.3,27.9,52.4,3.6,3.1,122,211,8.4,,,,,,,0.0,,,,,0
CP044,Keripik tempe abadi telur,Kacang & Biji,KZGPI- 1990,4.5,529,20.8,31.7,40.2,3.0,2.9,124,222,5.4,,,,,,,0.0,,,,,0
CP045,Kerupik tempe abadi prima,Kacang & Biji,KZGPI- 1990,4.8,540,16.7,33.9,42.0,2.2,2.6,92,184,3.2,,,,,,,1080.0,,,,,0
CP046,Kwaci,Kacang & Biji,DABM-1964,9.9,515,30.6,42.1,13.8,13.6,3.7,54,312,6.2,,124,,,,0,,,,,,0
CP047,Melinjo emping tebal goreng manis,Kacang & Biji,KZGPI- 1990,5.6,439,10.0,16.4,65.7,,2.3,66,225,,,,,,,,0.0,,,,,0
CP048,"Melinjo emping tebal, goreng asin",Kacang & Biji,KZGPI- 1990,8.0,431,11.1,16.2,63.0,,1.6,77,,,,,,,,,0.0,,,,,0
CP049,Melinjo emping tipis goreng,Kacang & Biji,KZGPI- 1990,3.3,485,11.5,24.5,59.1,,1.5,85,218,,,,,,,,0.0,,,,,0
CP050,Moon tahu,Kacang & Biji,KZGMS-1993,79.9,128,8.0,10.0,1.3,0.2,0.8,205,92,2.5,,393,,,,131,5300.0,,,,,0
CP051,Oncom,Kacang & Biji,DABM-1964,57.0,187,13.0,6.0,22.6,,1.4,96,115,27.0,,,,,,0,,,,,,0
CP052,Oncom ampas kacang hijau,Kacang & Biji,KZGPI- 1990,13.4,376,14.9,6.0,65.7,12.3,1.7,199,110,10.9,,,,,,,,,,,,
CP053,Oncom kacang hijau + singkong,Kacang & Biji,KZGPI- 1990,16.5,351,11.0,5.3,65.9,9.0,1.3,164,113,7.8,,,,,,,,,,,,
CP054,Oncom kacang tanah pepes,Kacang & Biji,KZGPI- 1990,65.0,132,12.7,3.8,13.7,3.1,4.8,133,355,34.4,,,,,,,10.0,,,,,0
CP055,Rempeyek kacang tanah,Kacang & Biji,KZGPI- 1990,3.9,513,17.5,32.5,44.3,1.7,1.8,65,202,2.6,,,,,,,0.0,,,,,0
CP056,Rempeyek kacang tolo,Kacang & Biji,KZGPI- 1990,6.1,451,11.2,20.2,59.7,1.8,2.8,156,221,4.6,,,,,,,0.0,,,,,0
CP057,Rempeyek kacang uci,Kacang & Biji,KZGPI- 1990,4.0,497,17.0,27.6,50.8,2.4,3.4,166,89,6.7,,,,,,,0.0,,,,,0
CP058,Sayur lebui,Kacang & Biji,KZGMI-2001,83.9,64,2.1,0.6,12.5,5.7,0.9,21,2,1.0,,124,,,,,,,,,,
CP059,"Saridele, bubuk",Kacang & Biji,DABM-1964,3.0,344,30.0,20.0,43.0,6.2,4.0,450,500,4.0,,56,,,,,2000.0,,,,,10
CP060,Susu kedelai,Kacang & Biji,DABM-1964,87.0,41,3.5,2.5,5.0,0.2,2.0,50,45,0.7,,128,,,,,200.0,,,,,2
CP061,"Tahu, mentah",Kacang & Biji,KZGPI- 1990,82.2,80,10.9,4.7,0.8,0.1,1.4,223,183,3.4,,2,,,,,,,,,,
CP062,Tahu goreng,Kacang & Biji,KZGPI- 1990,77.3,115,9.7,8.5,2.5,0.1,2.0,229,200,4.1,,7,,,,,0.0,,,,,0
CP063,Tahu telur,Kacang & Biji,KZGMS- 1993,41.8,328,12.6,19.9,24.6,0.4,1.1,492,238,4.9,,755,,,,73,1860.0,,,,,0
CP064,Takwa,Kacang & Biji,KZGPI- 1990,72.2,148,13.8,8.5,4.0,0.0,1.6,140,214,8.5,,3,,,,,920.0,,,,,
CP065,Tauco,Kacang & Biji,KZGPI- 1990,54.0,184,11.4,5.5,22.2,1.9,6.9,72,463,6.0,,1766,,,,,664.0,,,,,0
CP066,"Tauco cap beruang, cake",Kacang & Biji,KZGPI- 1990,11.4,347,7.4,5.2,67.6,3.2,8.4,63,106,6.2,,,,,,,936.0,,,,,0
CP067,"Tauco cap DAS, cake",Kacang & Biji,KZGPI- 1990,10.2,358,7.5,4.3,70.4,3.1,7.6,94,94,4.5,,,,,,,504.0,,,,,0
CP068,Tauco cap meong,Kacang & Biji,KZGPI- 1990,59.7,159,7.4,4.9,21.3,1.6,6.7,183,84,10.1,,1547,,,,,472.0,,,,,0
CP069,Tauji cap singa,Kacang & Biji,KZGPI- 1990,30.4,277,9.1,4.7,49.6,1.2,6.2,68,106,3.0,,,,,,,936.0,,,,,0
CP070,Tempe bongkrek,Kacang & Biji,DABM-1964,72.5,119,4.4,3.5,18.3,,146 .3,27,100,2.6,,,,,,0,,,,,,0
CP071,Tempe gembus P3G,Kacang & Biji,KZGPI- 1990,81.9,73,5.7,1.3,10.3,4.2,0.8,204,80,1.5,,,,,,,22.0,,,,,
CP072,Tempe gembus yogya,Kacang & Biji,KZGPI- 1990,80.7,76,6.8,0.7,10.6,5.3,1.1,76,142,16.5,,,,,,,,,,,,
CP073,Tempe kacang babi,Kacang & Biji,KZGPI- 1990,64.0,139,12.5,0.8,21.9,1.8,1.2,68,182,2.6,,,,,,,20.0,,,,,
CP074,Tempe kacang belimbing,Kacang & Biji,KZGPI- 1990,58.2,212,17.5,10.0,12.9,2.9,1.4,186,160,2.2,,,,,,,,,,,,
CP075,Tempe kedelai + jagung,Kacang & Biji,KZGPI- 1990,70.6,143,12.0,5.5,11.4,1.9,0.6,155,156,6.8,,,,,,,1320.0,,,,,
CP076,"Tempe kedelai murni, goreng",Kacang & Biji,KZGPI- 1990,36.8,350,24.5,26.6,10.4,4.2,1.8,202,296,4.9,,22,,,,,78.0,,,,,0
CP077,"Tempe kedelai murni, mentah",Kacang & Biji,KZGPI- 1990,55.3,201,20.8,8.8,13.5,1.4,1.6,155,326,4.0,,9,,,,,,,,,,
CP078,Tempe koro benguk,Kacang & Biji,DABM-1964,64.0,141,10.2,1.3,23.2,,1.3,42,15,2.6,,,,,,0,,,,,,0
CP079,Tempe lamtoro,Kacang & Biji,KZGPI- 1990,66.8,128,10.7,0.5,21.3,7.1,0.7,203,108,0.6,,,,,,,121.0,,,,,2
CP080,"Tempe lamtoro var, gung dengan kulit",Kacang & Biji,KZGPI- 1990,65.1,146,11.7,2.3,19.6,7.6,1.3,128,41,6.8,,,,,,,1370.0,,,,,
CP081,"Tempe lamtoro var, gung tanpa kulit",Kacang & Biji,KZGPI- 1990,67.1,131,18.0,0.8,13.0,1.3,1.1,95,154,12.4,,,,,,,5900.0,,,,,
CP082,Tempe pasar,Kacang & Biji,KZGPI- 1990,68.3,150,14.0,7.7,9.1,1.4,0.9,517,202,1.5,,7,,,,,,,,,,
CP083,Tempe pasar goreng,Kacang & Biji,KZGPI- 1990,42.9,336,20.0,28.0,7.8,3.4,1.3,156,350,3.0,,20,,,,,10.0,,,,,0
CP084,Tepung hunkwe (pati kacang ijo),Kacang & Biji,DABM-1964,10.0,364,4.5,1.0,83.5,16.1,1.0,50,100,1.0,,15,,,,0,,,,,,0
CP085,Tepung Jalejo,Kacang & Biji,BKP,10.0,388,19.0,7.5,61.2,5.8,2.3,101,663,2.0,,3,,,,,0,,,,,9
CP086,Tepung kacang kedelai,Kacang & Biji,DABM-1964,9.0,347,35.9,20.6,29.9,5.8,4.0,195,544,8.4,,52,,,,,140.0,,,,,0
DR001,"Akar tonjong, segar",Sayuran,KZGPI-1990,86.7,45,1.1,0.4,10.8,1.2,1.0,72,125,1.3,,96,,,,,83,,,,,2
DR002,"Ale,toge, segar",Sayuran,KZGPI-1990,90.6,37,4.4,0.5,3.8,1.7,0.7,50,248,2.0,,2,,,,,0,,,,,46
DR003,"Andaliman, segar",Sayuran,KZGPI-1990,74.2,99,4.6,1.0,18.0,8.5,2.2,383,107,2.9,,,,,,,,,,,,15
DR004,"Andewi, segar",Sayuran,DABM-1964,91.8,226,1.6,0.2,5.3,4.1,1.1,33,66,1.0,,29,,,,,1717,,,,,10
DR005,"Bakung, segar",Sayuran,KZGMI-2001,92.5,27,2.0,0.2,4.2,3.8,1.1,19,20,0.5,,37,,,,,1080,,,,,42
DR006,"Baligo, segar",Sayuran,DABM-1964,96.1,15,0.4,0.2,3.0,0.4,0.3,19,19,0.4,,2,,,,,0,,,,,13
DR007,"Bawang bombay, segar",Sayuran,DABM-1964,87.5,43,1.4,0.2,10.3,2.0,0.6,32,44,0.5,,12,,,,,788,,,,,9
DR008,"Bayam, segar",Sayuran,KZGPI-1990,94.5,16,0.9,0.4,2.9,0.7,1.3,166,76,3.5,,16,,,,,2699,,,,,41
DR009,"Bayam merah, segar",Sayuran,KZGMI-2001,88.5,41,2.2,0.8,6.3,2.2,2.2,520,80,7.0,,20,,,,,7325,,,,,62
DR010,"Bit, segar",Sayuran,DABM-1964,87.6,41,1.6,0.1,9.6,2.6,1.1,27,43,1.0,,29,,,,,0,,,,,10
DR011,Buah kelor,Sayuran,KZGMI-2001,89.5,38,1.5,0.2,7.5,3.2,1.3,30,54,0.0,,48,,,,,31,,,,,25
DR012,Buah merah,Sayuran,KZGMI-2001,81.2,87,2.6,2.7,13.1,4.0,0.4,30,1,1.1,,110,,,,,0,,,,,15
DR013,"Buncis, segar",Sayuran,KZGPI-1990,89.6,34,2.4,0.3,7.2,1.9,0.5,101,42,0.7,,8,,,,,772,,,,,11
DR014,"Bunga pepaya, segar",Sayuran,KZGPI-1990,87.3,45,2.6,0.3,8.1,1.6,1.7,290,113,4.2,,2,,,,,2792,,,,,23
DR015,"Bunga turi, segar",Sayuran,BKP,90.4,42,2.0,1.1,6.1,3.3,0.4,28,23,0.8,,29,,,,,1200,,,,,1
DR016,"Caisin, segar",Sayuran,KZGPI-1990,93.6,20,1.7,0.4,3.4,1.2,0.9,123,40,1.9,,18,,,,,1675,,,,,3
DR017,"Daun bangun-bangun, segar",Sayuran,KZGPI-1990,92.5,27,1.3,0.6,4.0,1.0,1.6,279,40,13.6,,4,,,,,1489,,,,,5
DR018,"Daun bawang merah, segar",Sayuran,KZGMI-2001,89.1,41,2.0,0.3,7.8,2.1,0.8,60,40,2.3,,30,,,,,218,,,,,11
DR019,"Daun bebuas, segar",Sayuran,KZGPI-1990,87.9,41,2.7,1.0,7.3,2.1,1.1,29,245,1.5,,,,,,,,,,,,3
DR020,"Daun belem, segar",Sayuran,KZGPI-1990,84.6,50,4.4,1.4,7.8,1.9,1.8,698,151,7.5,,,,,,,,,,,,21
DR021,"Daun bluntas, segar",Sayuran,DABM-1964,86.0,44,1.8,0.5,9.4,,2.3,256,49,5.6,,,,,,,,,,,,30
DR022,"Daun gandaria, segar",Sayuran,DABM-1964,81.0,63,3.1,0.3,14.0,2.1,1.6,40,45,4.7,,3,,,,,503,,,,,61
DR023,"Daun gedi besar, segar",Sayuran,KZGMI-2001,84.0,58,2.9,0.7,10.0,3.3,2.4,440,100,1.9,,30,,,,,596,,,,,11
DR024,"Daun gedi kecil, segar",Sayuran,KZGMI-2001,83.7,61,3.2,0.7,10.4,3.4,2.0,420,70,1.7,,20,,,,,607,,,,,11
DR025,"Daun gelang, segar",Sayuran,KZGPI-1990,90.3,30,1.3,0.7,5.8,1.3,1.9,350,210,11.9,,5,,,,,4701,,,,,1
DR026,"Daun gunda bali, segar",Sayuran,KZGPI-1990,86.4,50,4.6,0.9,7.0,1.4,1.1,167,62,0.5,,,,,,,,,,,,20
DR027,"Daun gunda serang, segar",Sayuran,KZGPI-1990,84.6,62,4.2,0.9,9.2,1.3,1.1,171,64,0.6,,,,,,,,,,,,20
DR028,"Daun jambu mete muda, segar",Sayuran,DABM-1964,78.0,78,4.6,0.5,16.2,3.0,0.7,33,64,8.9,,14,,,,,4484,,,,,65
DR029,"Daun jampang, segar",Sayuran,KZGPI-1990,88.9,34,3.8,0.5,5.3,1.4,1.5,21,245,1.0,,,,,,,,,,,,3
DR030,"Daun jawaw seluang, segar",Sayuran,KZGMI-2001,77.2,93,5.0,1.3,15.3,3.9,1.2,146,103,5.3,,2,,,,,,,,,,9
DR031,"Daun jonghe, segar",Sayuran,KZGPI-1990,91.4,27,2.1,0.7,4.4,2.0,1.4,253,192,9.5,,,,,,,,,,,,1
DR032,"Daun kacang ma, segar",Sayuran,KZGPI-1990,89.1,36,2.9,0.6,6.8,1.8,0.6,64,220,2.2,,7,,,,,2893,,,,,4
DR033,"Daun kacang panjang, segar",Sayuran,KZGPI-1990,89.7,30,3.1,0.3,5.8,1.7,1.1,200,66,4.5,,7,,,,,2734,,,,,30
DR034,"Daun kasbi/singkong karet, segar",Sayuran,KZGMI-2001,80.3,92,4.0,3.6,10.9,5.8,1.2,140,70,1.6,,70,,,,,9999,,,,,74
DR035,"Daun katuk, segar",Sayuran,KZGPI-1990,81.0,59,6.4,1.0,9.9,1.5,1.7,233,98,3.5,,21,,,,,9152,,,,,16 4
DR036,"Daun kecipir, segar",Sayuran,DABM-1964,85.0,52,5.0,0.5,8.5,,1.0,134,81,6.2,,6,,,,,3981,,,,,29
DR037,"Daun kedondong, segar",Sayuran,DABM-1964,81.0,59,3.5,0.3,13.4,10.7,1.8,540,82,6.2,,12,,,,,1624,,,,,29
DR038,"Daun kelor, segar",Sayuran,KZGMI-2001,75.5,92,5.1,1.6,14.3,8.2,3.5,1077,76,6.0,,61,,,,,3266,,,,,22
DR039,"Daun kemang, segar",Sayuran,DABM-1964,85.0,43,5.5,0.3,7.5,8.4,1.7,35,106,1.0,,10,,,,,1282,,,,,30
DR040,"Daun kenikir, segar",Sayuran,BKP,87.6,45,3.7,0.5,6.6,5.8,1.7,328,65,2.7,,6,,,,,30200,,,,,0
DR041,"Daun kesum, segar",Sayuran,KZGPI-1990,84.8,48,4.5,0.8,9.1,1.6,0.8,125,142,2.6,,11,,,,,4216,,,,,4
DR042,"Daun kol sawi, segar",Sayuran,KZGPI-1990,93.1,22,2.1,0.5,3.6,0.9,0.7,200,92,3.2,,19,,,,,1806,,,,,3
DR043,"Daun koro, segar",Sayuran,DABM-1964,91.0,23,3.0,0.3,3.7,,2.0,134,81,6.2,,4,,,,,2386,,,,,29
DR044,"Daun kubis, segar",Sayuran,KZGMI-2001,86.2,51,2.5,1.1,8.0,3.4,2.2,100,50,3.4,,50,,,,,9999,,,,,16
DR045,"Daun kumak, segar",Sayuran,KZGPI-1990,95.2,14,1.3,0.3,2.3,0.9,0.9,90,59,2.7,,2,,,,,1274,,,,,3
DR046,"Daun labu siam, segar",Sayuran,DABM-1964,89.7,34,4.0,0.4,4.7,3.5,1.2,58,70,2.5,,16,,,,,4773,,,0.40,1.7,
DR047,"Daun labu waluh/kuning, segar",Sayuran,DABM-1964,89.7,34,3.6,0.6,4.5,2.9,1.6,138,99,3.7,,16,,,,,1258,,,0.20,1.3,
DR048,"Daun lamtoro, segar",Sayuran,KZGPI-1990,74.0,87,8.3,1.8,14.4,3.3,1.5,725,174,3.9,,10,,,,,6900,,,0.10,2.3,
DR049,"Daun leilem, segar",Sayuran,KZGMI-2001,79.4,76,2.8,0.2,15.8,3.1,1.8,296,22,3.4,,6,,,,,753,,,0.10,2.5,
DR050,"Daun leunca, segar",Sayuran,DABM-1964,85.0,49,4.7,0.5,8.1,,1.7,210,80,6.1,,,,,,,,,,,,
DR051,"Daun lobak, segar",Sayuran,DKBM-1964,90.0,30,2.3,0.4,5.8,3.2,1.4,140,33,3.7,,16,,,,,5039,,,1.10,6.5,
DR052,"Daun lompong talas, segar",Sayuran,DABM-1964,87.2,44,3.0,0.8,7.4,3.3,1.6,76,59,1.0,,3,,,,,2584,,,0.40,1.4,
DR053,"Daun mangkokan, segar",Sayuran,DABM-1964,82.0,57,3.7,0.3,11.8,,2.2,474,49,4.0,,,,,,,,,,,,
DR054,"Daun matel ambon, segar",Sayuran,KZGPI-1990,77.1,71,6.8,1.6,11.5,4.6,3.0,93,95,10.2,,,,,,,,,,,,
DR055,"Daun melinjo, segar",Sayuran,DABM-1964,70.8,104,5.0,1.3,21.3,10.3,1.6,219,82,4.2,,12,,,,,823,,,,,
DR056,"Daun mengkudu, segar",Sayuran,KZGPI-1990,80.9,65,4.0,1.7,11.4,3.9,2.0,296,40,6.9,,,,,,,2,,,0.10,5.7,
DR057,"Daun ndusuk, segar",Sayuran,KZGMI-2001,56.0,166,1.7,0.5,38.8,10.7,3.0,40,20,1.8,,40,,,,,14457,,,0.10,0.1,
DR058,"Daun oyong, segar",Sayuran,DABM-1964,93.0,22,1.0,0.1,5.3,2.0,0.6,21,44,2.0,,40,,,,,855,,,0.10,0.8,
DR059,"Daun pakis, segar",Sayuran,KZGPI-1990,86.8,39,4.5,0.4,6.9,2.0,1.4,136,159,2.3,,20,,,,,1625,,,0.10,0.5,
DR060,"Daun pakis longgiho, segar",Sayuran,KZGMI-2001,89.5,54,2.2,3.6,3.1,2.1,1.6,40,80,0.7,,70,,,,,168,,,0.30,0.2,
DR061,"Daun pakis wambateu, segar",Sayuran,KZGMI-2001,86.9,53,3.4,1.2,7.2,4.8,1.3,30,100,0.3,,20,,,,,191,,,0.20,0.3,
DR062,"Daun paku, segar",Sayuran,KZGMI-2001,88.8,29,3.4,0.1,6.5,4.3,1.2,13,88,1.3,,19,,,,,18,,,0.10,11.7,
DR063,"Daun pangi,segar",Sayuran,KZGMI-2001,76.1,104,3.9,0.6,17.9,8.3,1.5,256,22,1.8,,4,,,,,55,,,0.10,0.1,
DR064,"Daun pare, segar",Sayuran,KZGMI-2001,87.3,49,2.7,1.0,8.4,3.0,1.6,217,70,3.3,,7,,,,,1800,,,0.20,0.6,
DR065,"Daun pepaya, segar",Sayuran,DABM-1964,75.4,87,8.0,2.0,11.9,1.5,2.7,353,63,0.8,,4,,,,,5409,,,0.50,1.9,
DR066,"Daun pohpohan, segar",Sayuran,KZGPI-1990,87.4,37,2.5,0.8,6.9,2.6,2.4,744,80,5.9,,,,,,,,,,,,
DR067,"Daun selasih, segar",Sayuran,KZGMI-2001,83.1,62,4.0,0.5,10.5,5.3,1.9,122,16,13.9,,3,,,,,4112,,,0.10,0.2,
DR068,"Daun semanggi, segar",Sayuran,KZGPI-1990,84.7,45,4.4,0.5,8.5,1.9,1.9,98,90,7.0,,64,,,,,64,,,0.50,0.7,
DR069,"Daun simpur, segar",Sayuran,KZGPI-1990,86.2,53,3.2,2.5,7.6,1.6,0.9,228,194,3.5,,,,,,,,,,,,
DR070,"Daun singkil, segar",Sayuran,KZGPI-1990,80.9,68,2.0,1.0,15.2,3.3,0.9,178,86,2.1,,,,,,,,,,,,
DR071,"Daun singkong, segar",Sayuran,KZGPI-1990,84.4,50,6.2,1.1,7.1,2.4,1.2,166,99,1.3,,17,,,,,3204,,,0.10,1.8,
DR072,"Daun singkong ambon, segar",Sayuran,DABM-1964,58.0,144,12.7,1.2,25.2,10.2,2.9,165,54,3.9,,44,,,,,8627,,,1.00,4.2,
DR073,"Daun singkong ampenan, segar",Sayuran,KZGMI-2001,84.4,50,6.2,1.1,7.1,2.4,1.2,352,123,2.7,,49,,,,,7917,,,0.10,1.6,
DR074,"Daun singkong kopang, segar",Sayuran,KZGMI-2001,81.1,74,6.3,0.7,10.7,4.6,1.2,142,115,1.7,,32,,,,,3882,,,0.50,1.9,
DR075,"Daun sintrong, segar",Sayuran,KZGPI-1990,88.5,36,2.6,0.9,6.1,1.7,1.9,398,95,9.3,,64,,,,,10178,,,0.20,0.9,
DR076,"Daun talas, segar",Sayuran,KZGPI-1990,81.1,59,3.0,0.4,13.5,3.0,2.0,236,50,2.4,,4,,,,,3816,,,0.60,2.0,
DR077,"Daun tespong, segar",Sayuran,DABM-1964,81.0,70,2.9,0.3,13.9,2.3,1.9,155,65,2.5,,72,,,,,171,,,0.70,1.4,
DR078,"Daun ubi kuning, segar",Sayuran,KZGMI-2001,83.5,62,3.7,0.3,11.1,6.4,1.4,170,40,0.6,,10,,,,,3564,,,0.30,1.2,
DR079,"Daun ubi merah, segar",Sayuran,KZGPI-1990,84.4,48,3.0,0.3,10.8,1.4,1.5,80,81,6.4,,33,,,,,5453,,,0.20,1.2,
DR080,"Daun ubi putih, segar",Sayuran,KZGMI-2001,87.5,46,2.8,0.2,8.2,4.8,1.3,120,50,0.8,,10,,,,,103,,,0.30,0.9,
DR081,"Daun ubi tinta, segar",Sayuran,KZGMI-2001,85.1,55,1.7,0.1,11.9,7.6,1.2,120,40,0.6,,10,,,,,516,,,0.00,0.0,
DR082,"Eceng, segar",Sayuran,DABM-1964,93.0,19,1.0,0.2,3.8,1.8,2.0,80,45,3.7,,45,,,,,7,,,0.10,0.7,
DR083,"Gambas (oyong), segar",Sayuran,DABM-1964,94.5,19,0.8,0.2,4.1,1.3,0.4,19,33,0.9,,23,,,,,17,,,0.00,0.4,
DR084,"Genjer, segar",Sayuran,DABM-1964,90.0,35,1.7,0.2,7.7,2.5,0.4,62,33,2.1,,64,,,,,,,,0.10,1.1,
DR085,"Jagung muda / semi, segar",Sayuran,DABM-1964,89.5,35,2.2,0.1,7.4,1.9,0.8,7,100,0.5,,353,,,,,23,,,0.16,0.9,
DR086,Jamur encik,Sayuran,KZGMI-2001,24.8,296,9.4,1.1,62.0,,2.7,5,277,5.3,,2,,,,,,,,0.10,,
DR087,"Jamur kuping, kering",Sayuran,DABM-1964,14.9,294,16.0,0.9,64.6,46.5,3.6,51,223,6.7,,174,,,,,11,,,0.60,2.7,
DR088,"Jamur kuping, segar",Sayuran,DABM-1964,93.7,21,3.8,0.6,0.9,5.1,1.0,3,94,1.7,,17,,,,,1,,,0.09,0.1,
DR089,"Jamur merang, segar",Sayuran,BKP,91.5,30,3.5,0.2,4.0,2.4,0.8,14,117,1.0,,6,,,,,0,,,0.20,0.5,
DR090,"Jamur tiram, segar",Sayuran,BKP,92.5,30,1.9,0.1,5.5,3.6,0.6,9,83,0.7,,22,,,,,0,,,0.20,1.0,
DR091,Jamur sagu,Sayuran,KZGMI-2001,91.3,48,1.9,3.2,2.8,1.0,0.8,10,90,0.6,,100,,,,,0,,,0.20,6.5,
DR092,"Jantung pisang, segar",Sayuran,DABM-1964,90.2,32,1.2,0.3,7.1,3.2,1.2,30,50,0.1,,3,,,,,201,,,0.03,0.8,
DR093,"Jengkol, segar",Sayuran,KZGMI-2001,52.7,192,5.4,0.3,40.7,1.5,0.9,4,150,0.7,,60,,,,,,,,,,31
DR094,"Jotang, segar",Sayuran,DABM-1964,89.0,34,1.9,0.3,7.1,3.5,1.7,162,41,4.0,,59,,,,,2,,,,,20
DR095,"Kabau, segar",Sayuran,KZGMI-2001,67.2,130,6.7,0.3,25.2,2.9,0.6,4,204,0.5,,1,,,,,165,,,,,16
DR096,"Kacang mekah, polong, segar",Sayuran,KZGPI-1990,93.6,22,1.1,1.0,3.4,1.1,0.9,63,296,1.0,,2,,,,,197,,,,,0
DR097,"Kacang panjang, segar",Sayuran,KZGMI-2001,91.8,31,2.3,0.1,5.3,2.7,0.5,60,64,0.6,,30,,,,,125,,,,,46
DR098,Kacang ranti polong,Sayuran,KZGPI-1990,88.5,37,3.1,0.2,7.9,2.5,0.3,103,126,0.8,,,,,,,,,,,,6
DR099,"Kalakai, segar",Sayuran,KZGMI-2001,89.9,38,2.4,0.2,6.6,5.8,0.9,18,90,1.1,,7,,,,,44,,,,,8
DR100,"Kangkung, segar",Sayuran,KZGPI-1990,91.0,28,3.4,0.7,3.9,2.0,1.0,67,54,2.3,,65,,,,,2868,,,,,17
DR101,Kangkung tondano,Sayuran,KZGMI-2001,88.5,43,1.8,0.2,8.4,4.3,1.1,72,9,0.7,,30,,,,,2741,,,,,23
DR102,"Kapri muda, segar",Sayuran,DABM-1964,86.8,45,3.3,0.2,9.0,1.8,0.7,51,85,1.0,,2,,,,,72,,,,,49
DR103,Karawila,Sayuran,KZGMI-2001,93.7,25,2.3,0.2,3.5,2.1,0.3,25,67,0.3,,8,,,,,21,,,,,39
DR104,"Kecipir muda, segar",Sayuran,DABM-1964,90.4,32,2.9,0.2,5.8,5.5,0.7,63,37,0.3,,3,,,,,261,,,,,19
DR105,"Kecombrang, segar",Sayuran,KZGPI-1990,90.0,34,0.9,1.0,6.7,2.6,1.4,60,16,1.0,,47,,,,,0,,,,,0
DR106,"Kelawi,kluwih, segar",Sayuran,DABM-1964,70.0,118,1.5,0.3,27.2,5.0,1.0,28,32,0.9,,2,,,,,0,,,,,19
DR107,"Kembang turi, segar",Sayuran,DABM-1964,87.4,51,1.8,0.6,9.6,5.0,0.6,23,29,0.9,,22,,,,,201,,,,,41
DR108,"Kerokot, segar",Sayuran,DABM-1964,93.0,26,1.7,0.4,3.8,1.0,1.1,103,39,3.6,,4,,,,,0,,,,,25
DR109,"Ketimun, segar",Sayuran,KZGPI-1990,97.9,8,0.2,0.2,1.4,0.3,0.3,29,95,0.8,,2,,,,,18,,,,,1
DR110,"Ketimun krai, segar",Sayuran,KZGPI-1990,96.8,10,0.5,0.2,2.0,0.6,0.5,20,98,1.0,,10,,,,,19,,,,,3
DR111,"Ketimun madura, segar",Sayuran,KZGPI-1990,97.1,9,0.5,0.1,1.9,0.7,0.4,15,102,0.6,,2,,,,,25,,,,,5
DR112,"Komak, segar",Sayuran,KZGMI-2001,74.3,99,3.3,0.1,21.2,10.3,1.1,50,99,13.1,,15,,,,,5,,,,,
DR113,Kool kembang,Sayuran,DABM-1964,91.7,25,2.4,0.2,4.9,1.6,0.8,22,72,1.1,,47,,,,,24,,,,,69
DR114,"Kool merah,kool putih",Sayuran,DABM-1964,92.4,29,1.4,0.2,5.3,1.9,0.9,46,31,0.5,,28,,,,,46,,,,,50
DR115,"Koro kerupuk, polong",Sayuran,DABM-1964,67.2,128,8.3,0.7,22.1,,1.7,17,12,2.7,,,,,,,,,,,,31
DR116,"Koro wedus, polong",Sayuran,DABM-1964,88.0,46,3.0,0.3,7.9,3.3,0.8,56,47,1.1,,2,,,,,66,,,,,17
DR117,"Kucai, segar",Sayuran,DABM-1964,86.3,45,2.2,0.3,10.3,4.8,0.9,52,50,1.1,,21,,,,,2685,,,,,17
DR118,"Kucai muda (Lokio), segar",Sayuran,DABM-1964,86.0,42,3.8,0.6,7.8,4.9,1.8,76,91,2.5,,22,,,,,2744,,,,,59
DR119,Kulit melinjo,Sayuran,KZGPI-1990,71.9,111,4.5,1.1,20.7,5.0,1.8,117,179,2.6,,,,,,,,,,,,7
DR120,"Kundur, segar",Sayuran,KZGMI-2001,94.0,22,0.4,0.2,4.7,1.3,0.7,3,54,0.5,,2,,,,,7,,,,,1
DR121,"Labu air, segar",Sayuran,DABM-1964,95.0,19,0.6,0.2,3.8,0.6,0.4,12,18,0.6,,2,,,,,11,,,,,10
DR122,"Labu kuning, segar",Sayuran,KZGMI-2001,86.6,51,1.7,0.5,10.0,2.7,1.2,40,180,0.7,,280,,,,,1569,,,,,2
DR123,"Labu siam, segar",Sayuran,DABM-1964,92.3,30,0.6,0.1,6.7,6.2,0.3,14,25,0.5,,3,,,,,48,,,,,18
DR124,"Labu waluh, segar",Sayuran,DABM-1964,91.2,32,1.1,0.1,6.6,0.5,1.0,45,64,1.4,,1,,,,,712,,,,,52
DR125,"Lantar, segar",Sayuran,KZGMI-2001,91.2,34,2.2,0.3,5.5,2.9,0.8,10,58,0.4,,3,,,,,38,,,,,4
DR126,"Lobak, segar",Sayuran,DABM-1964,94.1,21,0.9,0.1,4.2,1.4,0.7,35,26,0.6,,49,,,,,0,,,,,32
DR127,"Lumai/Leunca, segar",Sayuran,KZGMI-2001,90.5,38,1.1,0.3,7.6,2.0,0.5,7,55,1.0,,2,,,,,25,,,,,17
DR128,"Melinjo, segar",Sayuran,DABM-1964,80.0,66,5.0,0.7,13.3,,1.0,163,75,2.8,,,,,,,,,,,,10 0
DR129,Mostarda metan -sawi,Sayuran,KZGMI-2001,91.4,33,2.3,0.5,4.7,1.8,1.1,60,30,3.1,,20,,,,,1575,,,,,12
DR130,"Nangka muda, segar",Sayuran,DABM-1964,85.4,57,2.0,0.4,11.3,8.3,0.9,45,29,0.5,,1,,,,,21,,,,,9
DR131,"Paria putih, segar",Sayuran,KZGPI-1990,94.4,19,1.0,0.4,3.6,1.3,0.6,31,65,0.9,,5,,,,,197,,,,,58
DR132,"Pepare ular, segar",Sayuran,KZGMI-2001,95.1,19,0.6,0.1,3.9,1.0,0.3,20,10,0.4,,130,,,,,69,,,,,9
DR133,"Pepaya muda, segar",Sayuran,DABM-1964,92.3,29,2.1,0.1,4.9,2.1,0.6,50,16,0.4,,22,,,,,0,,,,,19
DR134,"Petai, segar",Sayuran,KZGMI-2001,77.2,92,5.4,1.1,15.2,2.0,1.1,14,170,1.6,,55,,,,,114,,,,,34
DR135,"Peterseli, segar",Sayuran,DABM-1964,83.9,53,3.7,1.0,9.0,0.0,2.4,193,84,4.3,,18,,,,,2940,,,,,19 3
DR136,"Pucuk lumai/daun leunca, segar",Sayuran,KZGMI-2001,91.0,33,4.5,0.4,2.8,,1.3,13,75,2.9,,2,,,,,,,,,,41
DR137,"Putri malu, segar",Sayuran,KZGMI-2001,80.2,76,3.6,0.3,14.6,7.1,1.3,119,84,3.3,,1,,,,,4762,,,,,6
DR138,"Rebung, segar",Sayuran,KZGMI-2001,93.3,25,0.8,0.1,5.3,9.7,0.5,3,5,0.5,,3,,,,,10,,,,,0
DR139,"Rimbang, segar",Sayuran,KZGMI-2001,80.8,75,1.6,0.6,15.8,10.0,1.2,55,97,0.6,,20,,,,,51,,,,,38
DR140,Rumput laut,Sayuran,KZGMI-2001,87.0,41,1.4,0.3,8.1,2.2,3.2,80,20,1.6,,250,,,,,1958,,,,,7
DR141,"Sawi, segar",Sayuran,DABM-1964,92.2,28,2.3,0.3,4.0,2.5,1.2,220,38,2.9,,22,,,,,2042,,,,,10 2
DR142,"Sawi putih / pecai, segar",Sayuran,KZGPI-1990,96.6,9,1.0,0.1,1.7,0.8,0.6,56,,5,,,,0.1,,,,,0.4,3,,
DR143,"Sawi taiwan, segar",Sayuran,KZGMI-2001,91.8,30,1.9,0.5,4.4,2.7,1.4,100,,27,,,,0.7,,,,,0.6,33,,
DR144,"Sawi tanah, segar",Sayuran,KZGMI-2001,94.9,19,1.3,0.2,2.9,2.2,1.0,92,,17,,,,0.4,,,,,0.1,36,,
DR145,"Selada, segar",Sayuran,DABM-1964,94.8,18,1.2,0.2,2.9,1.8,0.9,22,,19,,,,0.2,,,,,0.4,8,,
DR146,"Selada air, segar",Sayuran,KZGPI-1990,93.3,17,3.1,0.2,2.2,0.7,1.2,95,,65,,,,0.2,,,,,0.7,56,,
DR147,"Seledri, segar",Sayuran,DABM-1964,93.0,23,1.0,0.1,4.6,2.0,1.3,50,,64,,,,0.4,,,,,0.4,11,,
DR148,"Taoge, segar",Sayuran,KZGPI-1990,90.4,34,3.7,1.2,4.3,1.1,0.4,166,,19,,,,0.4,,,,,1.1,5,,
DR149,"Taoge kacang kedelai, segar",Sayuran,DABM-1964,81.0,76,9.0,2.6,6.4,0.7,1.0,50,,5,,,,0.7,,,,,1.2,15,,
DR150,"Taoge kacang tunggak, segar",Sayuran,DABM-1964,88.0,40,5.0,0.2,5.8,2.6,1.0,57,,2,,,,0.5,,,,,0.8,15,,
DR151,"Tebu terubuk (lilin), segar",Sayuran,DABM-1964,91.0,30,4.6,0.4,3.0,0.8,1.0,40,,699,,,,1.1,,,,,1.2,50,,
DR152,"Tekokak, segar",Sayuran,DABM-1964,89.0,34,2.0,0.1,7.9,4.9,1.0,50,,3,,,,0.2,,,,,0.9,8,,
DR153,"Tekokak, kering",Sayuran,DABM-1964,12.3,302,8.3,1.7,72.6,21.2,8.1,370,,9,,,,1.0,,,,,5.1,0,,
DR154,"Terong, segar",Sayuran,DABM-1964,92.7,28,1.1,0.2,5.5,2.1,0.5,15,,9,,,,0.1,,,,,0.5,5,,
DR155,"Terong asam, segar",Sayuran,KZGMI-2001,90.5,37,2.0,0.4,6.3,3.2,0.8,13,,3,,,,0.3,,,,,0.8,4,,
DR156,"Terung belanda, segar",Sayuran,KZGPI-1990,87.3,52,2.1,1.1,8.6,1.4,1.0,16,,,,,,,,,,,0.0,12,,
DR157,"Terung bengkulu, segar",Sayuran,KZGPI-1990,86.6,52,1.1,0.4,11.2,3.2,0.8,19,,14,,,,1.0,,,,,0.0,6,,
DR158,"Terong hintalo, segar",Sayuran,KZGMI-2001,89.2,45,1.9,0.8,7.5,5.1,0.6,19,,167,,,,0.2,,,,,,4,,
DR159,Terung panjang,Sayuran,KZGPI-1990,91.8,25,2.1,0.1,5.3,0.5,0.7,38,,9,,,,0.2,,,,,0.7,8,,
DR160,"Tomat, air (sari), segar",Sayuran,DABM-1964,94.0,20,1.0,0.2,3.5,0.4,1.3,7,,10,,,,0.1,,,,,0.7,10,,
DR161,"Tomat merah, segar",Sayuran,KZGPI-1990,92.9,24,1.3,0.5,4.7,1.5,0.6,8,,10,,,,0.2,,,,,0.4,34,,
DR162,"Tomat muda, segar",Sayuran,DABM-1964,93.0,24,2.0,0.7,3.3,1.8,2.0,5,,10,,,,0.2,,,,,0.7,30,,
DR163,"Uceng/ bunga melinjo, segar",Sayuran,KZGPI-1990,79.5,82,5.8,1.3,11.7,4.8,1.7,70,,,,,,,,,,,,3,,
DR164,"Umbut kelapa, segar",Sayuran,KZGMI-2001,89.3,39,2.0,0.2,7.2,2.5,1.3,57,,4,,,,1.4,,,,,,8,,
DR165,Umbut rotan,Sayuran,KZGMI-2001,90.5,34,2.4,0.3,5.5,2.2,1.3,89,,8,,,,1.9,,,,,,9,,
DR166,"Wortel, segar",Sayuran,KZGPI-1990,,36,,7.9,,,,1.0,,,0.06,,,,7125,0.04,0.04,,,,,
DP001,"Bayam, kukus",Sayuran,KZGPI-1990,,30,,5.8,,,,5.7,,,0.10,,0,,3750,0.02,0.10,,,,,
DP002,"Bayam ,rebus",Sayuran,KZGPI-1990,,23,,3.7,,,,0.5,,,0.20,,0,,2864,0.02,0.10,,,,,
DP003,"Buncis, rebus",Sayuran,KZGPI-1990,,30,,6.4,,,,0.5,,,0.10,,,,402,0.01,0.29,,,,,
DP004,"Daun kacang panjang, kukus",Sayuran,KZGPI-1990,,40,,8.0,,,,3.7,,,0.20,,0,,5781,0.15,0.20,,,,,
DP005,"Daun katuk, rebus",Sayuran,KZGPI-1990,,53,,9.1,,,,3.1,,,0.30,,0,,9000,0.00,0.30,,,,,
DP006,"Daun kelor, rebus",Sayuran,KZGPI-1990,,61,,10.0,,,,2.1,,,0.10,,,,6071,0.10,0.10,,,,,
DP007,"Daun mengkudu, kukus",Sayuran,KZGPI-1990,,63,,11.5,,,,6.0,,,,,,,4900,0.08,0.10,,,,,
DP008,"Daun singkong, rebus",Sayuran,KZGPI-1990,,31,,4.8,,,,2.6,,,0.10,,,,4150,0.02,0.10,,,,,
DP009,"Daun talas, rebus",Sayuran,KZGPI-1990,,27,,5.9,,,,1.4,,,0.50,,0,,2682,0.00,0.60,,,,,
DP010,"Daun ubi merah, kukus",Sayuran,KZGPI-1990,,56,,13.0,,,,4.3,,,0.10,,,,5397,0.00,0.20,,,,,
DP011,"Kacang panjang ,kukus",Sayuran,KZGPI-1990,,39,,7.6,,,,1.2,,,0.11,,0,,205,0.02,0.10,,,,,
DP012,"Kacang panjang, rebus",Sayuran,KZGPI-1990,,30,,5.8,,,,0.8,,,0.10,,0,,162,0.00,0.07,,,,,
DP013,"Kangkung, kukus",Sayuran,KZGPI-1990,,30,,4.7,,,,4.4,,,0.10,,0,,5837,0.03,0.28,,,,,
DP014,"Kangkung, rebus",Sayuran,KZGPI-1990,,22,,3.1,,,,3.5,,,0.10,,0,,4325,0.01,0.22,,,,,
DP015,"Paria putih, kukus",Sayuran,KZGPI-1990,,16,,3.4,,,,0.5,,,0.00,,,,65,0.15,0.04,,,,,
DP016,"Selada, rebus",Sayuran,KZGPI-1990,,19,,2.9,,,,1.4,,,0.05,,,,3700,0.08,0.20,,,,,
DP017,"Taoge, goreng",Sayuran,KZGPI-1990,,88,,14.0,,,,5.7,,,,,2,,613,0.05,,,,,,
DP018,"Taoge, seduh",Sayuran,KZGPI-1990,,28,,4.0,,,,0.5,,,0.19,,,,18,0.10,0.00,,,,,
DP019,"Terung panjang, kukus",Sayuran,KZGPI-1990,,23,,4.9,,,,0.5,,,67.10,,0,,20,0.00,0.07,,,,,
DP020,"Wortel, rebus",Sayuran,KZGPI-1990,,28,,6.3,,,,0.6,,,0.10,,0,,5396,0.01,0.03,,,,,
DP021,"Wortel, kukus",Sayuran,KZGPI-1990,,37,,8.3,,,,0.6,,,0.11,,0,,7150,0.02,0.03,,,,,
DP022,"Asinan Bogor, sayuran",Sayuran,KZGMS- 1993,,98,,14.8,,,,1.2,,,,,10,,146,0.28,,,,,,
DP023,"Anyang, sayur",Sayuran,KZGMI-2001,76.9,126,3.4,7.9,10.3,5.4,,1.5,,,2.9,,181.0,,0.30,,,3263,,,,
DP024,"Ares, sayur",Sayuran,KZGMI-2001,77.7,113,0.9,7.2,11.2,4.7,,3.0,,,1.5,,1030. 0,,0.70,,,6,,,,
DP025,Arwan sirsir,Sayuran,KZGMI-2001,59.0,277,2.4,25.0,10.7,4.6,,2.9,,,2.4,,320.0,,0.20,,,1578,,,,0.20
DP026,Beberuk,Sayuran,KZGMI-2001,89.1,65,1.1,5.2,3.5,3.1,,1.1,,,8.3,,427.0,,0.40,,,44,,,,
DP027,Botok lamtoro,Sayuran,KZGPI-1990,63.9,186,11.7,9.7,13.0,2.1,,2.2,,,26.0,,,,,,,,179,,,
DP028,Buntil daun talas,Sayuran,KZGPI-1990,74.5,141,4.4,10.2,8.0,1.8,,3.0,,,14.5,,,,,,,,8610,,,
DP029,Cammetutu,Sayuran,KZGMI-2001,79.6,102,3.2,6.0,8.7,4.3,,2.5,,,0.5,,518.0,,0.30,,,1123,,,,0.40
DP030,"Cap cai, sayur",Sayuran,KZGMS- 1993,82.7,97,5.8,6.3,4.2,0.6,,1.0,,,1.8,,,,,,,,1640,,,
DP031,Gado-gado,Sayuran,KZGPI-1990,68.5,137,6.1,3.2,21.0,1.1,,1.5,,,7.5,,,,,,,,5929,,,
DP032,"Gudeg, sayur",Sayuran,KZGPI-1990,69.2,160,3.3,9.2,16.0,2.3,,2.1,,,12.8,,,,,,,,166,,,
DP033,Gulai pakis,Sayuran,KZGPI-1990,76.1,143,4.0,11.4,6.0,1.4,,2.6,,,1.7,,,,,,,,9802,,,
DP034,Gulai pliek,Sayuran,KZGMI-2001,71.9,176,7.3,14.9,3.2,,,2.7,,,1.4,,285.0,,0.30,,,,,,,
DP035,Kadada katembe,Sayuran,KZGMI-2001,80.0,110,4.5,6.9,7.1,3.9,,1.5,,,0.0,,131.0,,0.20,,,46,,,,
DP036,"Kaparende, sayur",Sayuran,KZGMI-2001,91.7,38,2.4,2.0,2.6,1.5,,1.3,,,0.0,,43.0,,0.00,,,40,,,,
DP037,"Karedok, sayur",Sayuran,KZGPI-1990,79.0,92,2.2,3.3,14.1,1.4,,1.4,,,2.4,,,,,,,,1,,,
DP038,Keripik bayam,Sayuran,KZGPI-1990,2.3,586,4.9,40.6,50.2,0.5,,1.9,,,3.6,,,,,,,,4544,,,
DP039,Kotiu hinela tawang nggole,Sayuran,KZGMI-2001,88.4,46,2.2,1.5,6.0,3.8,,1.9,,,0.0,,103.0,,1.60,,,75,,,,
DP040,Lema/ Rebung asam,Sayuran,KZGMI-2001,96.3,15,1.0,0.4,1.9,,,0.4,,,2.9,,156.0,,0.10,,,,,,,0.00
DP041,Lilin bungkus gedi,Sayuran,KZGMI-2001,84.8,79,2.3,5.2,5.8,2.5,,1.9,,,0.9,,50.0,,0.20,,,,,,,0.10
DP042,Olah-olah,Sayuran,KZGMI-2001,83.9,9,2.1,6.0,7.1,4.4,,0.9,,,1.2,,266.0,,0.30,,,36,,,,0.10
DP043,Paku hinela wulelenggapaya,Sayuran,KZGMI-2001,83.4,77,3.5,4.6,5.4,3.6,,3.1,,,0.0,,37.0,,0.30,,,55,,,,0.10
DP044,Pelecing kangkung,Sayuran,KZGMI-2001,83.8,75,2.5,2.8,10.0,5.4,,0.9,,,2.1,,381.0,,0.10,,,870,,,,
DP045,Purundawa,Sayuran,KZGMI-2001,91.8,25,1.5,0.5,3.6,1.7,,2.6,,,0.0,,201.0,,0.10,,,55,,,,0.10
DP046,Rujak cingur,Sayuran,KZGPI-1990,70.1,153,11.3,8.4,8.0,1.4,,1.4,,,4.4,,,,,,,,2880,,,
DP047,Sayur asem,Sayuran,KZGPI-1990,93.2,29,0.7,0.6,5.0,0.6,,0.8,,,3.1,,,,,,,,2075,,,
DP048,Sayur bunga pepaya,Sayuran,KZGMI-2001,83.4,49,1.7,0.3,9.8,2.7,,2.1,,,1.3,,350.0,,0.10,,,372,,,,
DP049,Sayur garu,Sayuran,KZGMI-2001,70.8,178,2.6,13.9,10.6,8.4,,2.1,,,0.9,,120.0,,0.10,,,,,,,
DP050,Sayur kohu-kohu,Sayuran,KZGMI-2001,72.8,133,7.3,6.6,11.2,1.2,,2.1,,,0.2,,50.0,,0.10,,,944,,,,
DP051,Sayur lilin-terubuk,Sayuran,KZGMI-2001,90.4,36,2.7,0.7,4.8,1.4,,1.4,,,0.1,,44.0,,0.20,,,,,,,
DP052,Sayur ndusuk,Sayuran,KZGMI-2001,87.5,49,3.1,2.5,3.6,,,3.1,,,0.5,,88.0,,,,,,,,,
DP053,Sayur sop,Sayuran,KZGPI-1990,92.7,27,1.3,2.0,1.0,0.3,,2.7,,,1.8,,,,,,,,2569,,,
DP054,Sayur umbut kelapa,Sayuran,KZGMI-2001,85.5,67,5.2,2.9,5.1,1.4,,1.3,,,3.2,,108.0,,0.20,,,21,,,,
DP055,Sayur umbut rotan,Sayuran,KZGMI-2001,87.6,57,5.4,2.6,3.1,1.6,,1.3,,,1.2,,81.0,,0.20,,,18,0,,,
DP056,Shabu-shabu,Sayuran,KZGMS- 1993,87.1,88,3.2,8.0,0.8,0.9,,0.9,,,2.9,,,,,,,,2000,,,
DP057,Semur jengkol,Sayuran,KZGMS- 1993,52.7,212,6.0,10.0,29.1,,,2.2,,,1.0,,,,,,,,81,,,
DP058,Tinira ninahu nggaluku,Sayuran,KZGMI-2001,91.8,33,1.2,1.3,4.1,3.1,,1.5,,,0.0,,119.0,,0.20,,,6,0,,,
DP059,Tumis bayam bersantan,Sayuran,KZGPI-1990,91.2,48,1.4,4.2,2.6,0.5,,0.6,,,0.8,,,,,,,,2988,,,
DP060,Waluh balamak,Sayuran,KZGMI-2001,89.4,45,0.8,0.9,8.1,7.9,,1.0,,,0.5,,15.0,,,,,1241,0,,,
DP061,Woku ubi,Sayuran,KZGMI-2001,73.0,143,3.1,7.8,15.0,7.0,,1.1,,,2.8,,256.0,,0.30,,,1519,0,,,
ER001,"Alpukat, segar",Buah,DABM-1964,84.3,85,0.9,,,,,,,,2,278.0,0.2,0.4,,,,0.05,,,61,
ER002,"Anggur hutan, segar",Buah,KZGPI- 1990,92.3,30,0.5,,,,,,,,,,,,,,,0.01,,,100,
ER003,"Apel malang, segar",Buah,KZGPI- 1990,85.9,57,0.5,,,,,,,,3.6,175.4,110.2,0.0,,,,0.05,,,88,
ER004,"Apel, segar",Buah,DABM-1964,84.1,58,0.3,,,,,,,,2,130.0,124.2,0.3,,,,0.04,,,88,
ER005,"Arbai, segar",Buah,DABM-1964,89.9,37,0.8,,,,,,,,1.95,43.0,63.5,18.9,,,,0.03,,,96,
ER006,"Belimbing, segar",Buah,DABM-1964,90.0,36,0.4,,,,,,,,4,130.0,,0.1,,,,0.03,,,86,
ER007,"Biwah, segar",Buah,KZGPI- 1990,87.1,51,0.3,,,,,,,,1,258.6,0.0,0.0,,,,0.10,,,66,
ER008,"Buah atung, segar",Buah,DABM-1964,92.0,23,0.8,,,,,,,,,,,,,,,0.29,,,80,
ER009,"Buah kelenting, segar",Buah,KZGMI-2001,73.9,110,1.4,,,,,,,,2,0.0,0.3,0.9,,,,0.20,,,77,
ER010,"Buah kom, segar",Buah,KZGPI- 1990,33.7,264,4.0,,,,,,,,,,,,,,,0.11,,,100,
ER011,"Buah mentega (Bisbul), segar",Buah,DABM-1964,89.0,39,0.7,,,,,,,,1,90.0,0.1,0.1,,,,0.02,,,50,
ER012,"Buah Naga Merah, segar",Buah,BKP,85.7,71,1.7,,,,,,,,10,128.0,0.0,0.4,,,,0.50,,,66.5,
ER013,"Buah Naga Putih, segar",Buah,BKP,86.6,56,0.8,,,,,,,,7,231.0,0.0,0.4,,,,0.02,,,73.6,
ER014,"Buah negri, segar",Buah,KZGMI-2001,85.7,55,1.2,,,,,,,,10,0.0,0.1,0.3,,,,0.33,,,48,
ER015,"Buah nona, segar",Buah,DABM-1964,71.5,101,1.7,,,,,,,,5,312.5,325.7,0.1,,,,0.08,,,58,
ER016,"Buah rotan, segar",Buah,KZGMI-2001,79.4,78,0.6,,,,,,,,7,495.0,0.3,0.7,,,,0.12,,,,
ER017,"Buah rukam, segar",Buah,KZGMI-2001,71.3,113,0.8,,,,,,,,2,219.0,0.3,0.9,,,,0.06,,,100,
ER018,"Buah ruruhi, segar",Buah,KZGMI-2001,93.0,29,2.1,,,,,,,,36,45.0,0.0,0.1,,,,0.06,,,82,
ER019,"Buah tuppa, segar",Buah,KZGMI-2001,82.5,67,0.4,,,,,,,,2,0.0,0.2,0.5,,,,0.04,,,,
ER020,"Carica papaya, segar",Buah,KZGPI- 1990,93.4,24,1.9,,,,,,,,,,,,,,,0.32,,,60,
ER021,"Cempedak, segar",Buah,DABM-1964,67.0,116,3.0,,,,,,,,25,243.7,,,,,,0.00,,,30,
ER022,"Duku, segar",Buah,DABM-1964,82.0,63,1.0,,,,,,,,2,149.0,0.1,0.2,,,,0.05,,,64,
ER023,"Durian, segar",Buah,DABM-1964,,134,3.0,3.5,,44,1.3,,601.0,,0.1,0.3,,,,,,53,,,,
ER024,"Duwet, segar",Buah,KZGPI- 1990,,80,0.6,0.9,,138,1.3,,92.7,,191.3,0.3,,,,,,13 0,,,,
ER025,"Embacang, segar",Buah,DABM-1964,,98,0.2,1.9,,15,0.5,,250.9,,0.1,0.1,,,,,,56,,,,
ER026,"Encung asam, segar",Buah,KZGPI- 1990,,122,4.5,9.3,,69,3.2,,,,,,,,,,,0,,,,
ER027,"Erbis, segar",Buah,DABM-1964,,70,0.0,7.7,,50,1.1,,257.1,,0.1,0.1,,,,,,16,,,,
ER028,Gandaria masak,Buah,DABM-1964,,68,0.1,2.2,,20,1.0,,129.0,,,,,,,,,11 1,,,,
ER029,"Gatep, segar",Buah,KZGPI- 1990,,191,1.5,13.4,,69,3.2,,403.3,,0.7,1.3,,,,,,,,,,
ER030,"Jambu air, segar",Buah,DABM-1964,,46,0.2,2.1,,9,1.1,,321.2,,,0.1,,,,,,5,,,,
ER031,Jambu biji,Buah,DABM-1964,,49,0.3,2.4,,28,1.1,,52.8,,0.0,0.3,,,,,,87,,,,
ER032,Jambu bj putih tdk brbj,Buah,KZGPI- 1990,,61,0.3,4.5,,41,0.2,,103.0,,0.0,0.5,,,,,,11 6,,,,
ER033,"Jambu bol, segar",Buah,KZGMI-2001,,49,0.2,3.5,,8,0.3,,14.0,,0.0,0.0,,,,,,22,,,,
ER034,"Jambu monyet, segar",Buah,DABM-1964,,64,0.6,1.2,,13,0.5,,107.8,,,,,,,,,19 7,,,,
ER035,"Jeruk bali, segar",Buah,DABM-1964,,48,0.2,0.8,,27,0.5,,366.1,,171.3,0.1,,,,,,43,,,,
ER036,"Jeruk banjar, segar",Buah,KZGMI-2001,,61,0.2,5.4,,13,0.2,,79.0,,0.1,0.1,,,,,,31,,,,
ER037,Jeruk garut-keprok,Buah,DABM-1964,,44,0.3,1.6,,23,0.4,,518.1,,169.3,0.2,,,,,,31,,,,
ER038,"Jeruk Kalamansi, segar",Buah,BKP,,39,0.3,2.3,,85,0.5,,82.0,,0.3,0.1,,,,,,30,,,,
ER039,"Jeruk manis, segar",Buah,DABM-1964,,45,0.2,1.4,,23,0.4,,472.1,,160.0,0.2,,,,,,49,,,,
ER040,"Jeruk nipis, segar",Buah,KZGPI- 1990,,44,0.2,0.4,,22,0.2,,108.9,,0.1,0.1,,,,,,20,,,,
ER041,"Jeruk ragi, segar",Buah,KZGPI- 1990,,49,0.2,0.5,,67,0.7,,457.3,,155.0,0.2,,,,,,30,,,,
ER042,"Kawista, segar",Buah,KZGPI- 1990,,120,2.5,4.6,,230,1.6,,1015.6,,308.4,0.4,,,,,,3,,,,
ER043,"Kedondong masak, segar",Buah,DABM-1964,,46,0.1,2.6,,22,2.8,,216.2,,0.0,0.1,,,,,,30,,,,
ER044,"Kedondong, segar",Buah,KZGMI-2001,,47,0.2,2.7,,58,0.8,,0.0,,,0.2,,,,,,32,,,,
ER045,"Kelapa hutan, kering",Buah,KZGMI-2001,,623,52. 1,15.3,,280.0,3.8,,460.0,,1.7,1.9,,,,,,,,,,
ER046,"Kelapa muda, daging, segar",Buah,DABM-1964,,68,0.9,0.0,,30.0,1.0,,564.6,,0.1,0.3,,,,,,4,,,,
ER047,"Kemang, segar",Buah,DABM-1964,86.5,48,1.0,,,,,24,0.1,,88.6,,0.1,,318,,,,0.3,58,,
ER048,"Kesemek, segar",Buah,DABM-1964,78.2,78,0.8,,,,,26,0.3,,34.5,,0.1,,109,,,,0.1,11,,
ER049,"Kokosan, segar",Buah,DABM-1964,85.0,86,1.6,,,,,38,1.3,,118.3,,0.2,,0,,,,1.5,3,,
ER050,"Kranji, segar",Buah,KZGPI- 1990,20.1,315,2.1,,,,,120,3.7,,,,,,,,,,,,,
ER051,"Langsat, segar",Buah,DABM-1964,84.1,56,0.9,,,,,24,1.1,,232.0,,0.2,,,,,,0.8,9,,
ER052,"Lemon, segar",Buah,KZGMI-2001,92.2,34,0.5,,,,,20,0.3,,140.0,,0.2,,0,,,,0.3,50,,
ER053,"Lontar, segar",Buah,KZGPI- 1990,93.0,27,0.4,,,,,243,0.5,,,,,,,,,,,,,
ER054,"Mangga, segar",Buah,KZGMI-2001,86.6,52,0.7,,,,,16,1.0,,140.0,,0.0,,316,,,,0.3,12,,
ER055,"Mangga benggala, segar",Buah,KZGMI-2001,84.4,63,2.4,,,,,13,0.2,,79.0,,0.1,,10,,,,0.4,43,,
ER056,"Mangga gedung, segar",Buah,DABM-1964,87.4,44,0.7,,,,,10,0.2,,83.6,,0.1,,113,,,,0.3,30,,
ER057,"Mangga golek, segar",Buah,DABM-1964,82.2,63,0.5,,,,,10,0.7,,118.1,,0.1,,160,,,,0.4,65,,
ER058,"Mangga harumanis, segar",Buah,DABM-1964,86.6,46,0.4,,,,,9,0.2,,88.9,,0.1,,120,,,,0.3,6,,
ER059,"Mangga indramayu, segar",Buah,DABM-1964,80.2,72,0.8,,,,,10,1.9,,131.4,,0.1,,178,,,,0.5,16,,
ER060,"Mangga kopek, segar",Buah,DABM-1964,84.5,56,0.4,,,,,10,1.7,,102.9,,0.1,,139,,,,0.4,27,,
ER061,"Mangga kwini, segar",Buah,KZGMI-2001,78.6,86,0.7,,,,,11,0.2,,16.0,,0.1,,932,,,,0.5,18,,
ER062,"Mangga manalagi, segar",Buah,KZGMI-2001,66.5,133,1.0,,,,,23,1.0,,161.0,,0.0,0,4,,,,0.6,61,,
ER063,"Mangga muda, segar",Buah,DABM-1964,83.7,59,0.5,,,,,11,0.4,,108.2,,0.1,,146,,,,0.4,2,,
ER064,"Manggis, segar",Buah,DABM-1964,83.0,63,0.6,,,,,12,0.8,,61.9,,0.1,,0,,,,0.3,5,,
ER065,"Markisa, segar",Buah,KZGPI- 1990,64.7,144,3.5,,,,,203,1.4,,453.8,,0.1,0,969,,,,2.0,10,,
ER066,"Matoa, segar",Buah,KZGMI-2001,76.5,90,1.2,,,,,40,0.6,,190.0,,0.6,,2,,,,0.5,54,,
ER067,"Melon, segar",Buah,BKP,90.8,37,0.6,,,,,14,0.4,,167.0,,0.1,,1,,,,0.0,0,,
ER068,"Menteng, segar",Buah,DABM-1964,79.0,65,1.7,,,,,20,0.8,,,,,,,,,,,,,
ER069,"Nanas palembang, segar",Buah,KZGMI-2001,85.5,58,0.7,,,,,15,0.6,,117.0,,0.1,,17,,,,0.2,11,,
ER070,"Nanas, segar",Buah,KZGPI- 1990,88.9,40,0.6,,,,,14,0.9,,111.0,,0.1,0,17,,,,0.2,22,,
ER071,"Nangka masak pohon, segar",Buah,DABM-1964,,106,0.3,3.7,,19,0.9,,407.0,,246.6,1.4,,,,,,7,,,,
ER072,"Pala, daging, segar",Buah,DABM-1964,,42,0.2,0.5,,24,1.5,,,,,,,,,,,22,,,,
ER073,"Pepaya, segar",Buah,DABM-1964,,46,12.0,1.6,,12,1.7,,221.0,,0.0,0.3,,,,,,78,,,,
ER074,"Pisang ambon, segar",Buah,KZGMI-2001,,108,0.8,1.9,,30,0.2,,0.0,,0.2,0.2,,,,,,9,,,,
ER075,"Pisang angleng (pisang ampyang), segar",Buah,DABM-1964,,68,0.2,0.8,,26,0.6,,215.7,,0.0,0.0,,,,,,6,,,,
ER076,"Pisang ayam, segar",Buah,KZGMI-2001,,120,0.2,4.1,,61,0.4,,392.0,,0.1,0.3,,,,,,26,,,,
ER077,"Pisang gapi, segar",Buah,KZGMI-2001,,131,0.1,11.7,,40,0.3,,392.0,,0.1,0.3,,,,,,13,,,,
ER078,"Pisang goroho, segar",Buah,KZGMI-2001,,119,0.2,4.6,,30,0.2,,359.0,,0.1,0.3,,,,,,10,,,,
ER079,"Pisang hijau, segar",Buah,KZGPI- 1990,,121,0.1,0.4,,37,0.9,,529.4,,0.3,0.6,,,,,,13,,,,
ER080,"Pisang kayu, segar",Buah,KZGMI-2001,,100,0.5,2.6,,0,0.1,,493.0,,0.1,0.3,,,,,,11,,,,
ER081,"Pisang kepok, segar",Buah,KZGMI-2001,,109,0.5,5.7,,30,0.5,,300.0,,0.1,0.2,,,,,,9,,,,
ER082,"Pisang ketip, segar",Buah,KZGMI-2001,,145,0.3,6.6,,54,0.1,,726.0,,0.2,0.5,,,,,,95,,,,
ER083,"Pisang kidang, segar",Buah,KZGPI- 1990,,96,0.2,0.6,,173,0.6,,418.8,,0.2,0.5,,,,,,2,,,,
ER084,"Pisang lampung, segar",Buah,DABM-1964,,99,0.2,4.3,,19,0.9,,475.0,,0.3,0.5,,,,,,4,,,,
ER085,"Pisang mas bali ampenan, segar",Buah,KZGMI-2001,,92,0.2,3.7,,29,1.2,,272.0,,0.2,0.4,,,,,,11,,,,
ER086,"Pisang mas bali kopang, segar",Buah,KZGMI-2001,,127,0.2,3.7,,0,0.1,,616.0,,0.1,0.4,,,,,,17,,,,
ER087,"Pisang mas, segar",Buah,DABM-1964,,127,0.2,1.4,,25,0.8,,392.0,,195.8,0.5,,,,,,2,,,,
ER088,"Pisang raja sereh, segar",Buah,KZGPI- 1990,,108,0.3,0.7,,38,0.1,,522.6,,0.3,0.6,,,,,,2,,,,
ER089,"Pisang raja, segar",Buah,DABM-1964,,120,0.2,5.3,,22,0.8,,582.2,,0.3,0.7,,,,,,10,,,,
ER090,"Pisang rotan, segar",Buah,KZGPI- 1990,,98,1.2,1.0,,51,1.1,,406.9,,0.2,0.5,,,,,,2,,,,
ER091,"Pisang talas, segar",Buah,KZGMI-2001,,113,0.2,4.4,,22,0.6,,48.0,,0.3,0.1,,,,,,9,,,,
ER092,Pisang tujuh bulan,Buah,KZGMI-2001,,94,0.2,3.7,,20,0.2,,4.0,,0.1,0.4,,,,,,6,,,,
ER093,"Pisang ua, segar",Buah,KZGMI-2001,,128,0.5,8.1,,28,0.7,,382.0,,0.2,0.3,,,,,,4,,,,
ER094,"Pisang uli, segar",Buah,KZGPI- 1990,,134,0.5,1.4,,53,0.9,,650.3,,0.3,0.7,,,,,,3,,,,
ER095,"Purut, segar",Buah,KZGPI- 1990,81.1,76,4.1,,,,,,,,10,285.2,,,,,,0.01,,,34,
ER096,"Rambutan binjai, segar",Buah,KZGMI-2001,81.0,76,0.5,,,,,,,,22,120.0,0.2,0.2,,,,0.19,,,40,
ER097,"Rambutan, segar",Buah,DABM-1964,80.5,69,0.9,,,,,,,,16,104.2,0.2,0.1,,,,0.00,,,40,
ER098,"Salak bali, segar",Buah,KZGPI- 1990,85.1,57,0.5,,,,,,,,,,0.1,0.2,,,,0.00,,,93,
ER099,"Salak medan, segar",Buah,KZGMI-2001,78.1,55,0.4,,,,,,,,39,113.0,0.2,0.3,,,,0.04,,,93,
ER100,"Salak pondoh, segar",Buah,KZGPI- 1990,77.9,87,0.8,,,,,,,,,,0.1,0.2,,,,0.00,,,59,
ER101,"Salak, segar",Buah,DABM-1964,78.0,77,0.4,,,,,,,,,,0.1,0.2,,,,0.04,,,93,
ER102,"Sawo duren, segar",Buah,KZGPI- 1990,87.3,64,1.0,,,,,,,,13,111.4,0.0,0.1,,,,0.01,,,64,
ER103,"Sawo kecik, segar",Buah,KZGPI- 1990,73.8,111,0.9,,,,,,,,28,117.8,0.0,0.1,,,,0.00,,,83,
ER104,"Sawo Manila, segar",Buah,DABM-1964,75.5,92,0.5,,,,,,,,26,110.2,0.0,0.1,,,,0.01,,,79,
ER105,"Semangka, segar",Buah,DABM-1964,92.1,28,0.5,,,,,,,,7,93.8,0.0,0.1,,,,0.05,,,46,
ER106,"Sirsak, segar",Buah,DABM-1964,81.7,65,1.0,,,,,,,,2,298.9,0.1,1.0,,,,0.07,,,68,
ER107,"Sowa, segar",Buah,KZGMI-2001,87.7,48,1.6,,,,,,,,9,0.0,0.1,1.5,,,,0.15,,,,
ER108,"Srikaya, segar",Buah,KZGPI- 1990,83.4,63,1.1,,,,,,,,,,,,,,,0.08,,,48,
ER109,"Sukun muda, segar",Buah,KZGPI- 1990,69.4,119,1.4,,,,,,,,24,414.4,0.1,0.1,,,,0.17,,,84,
ER110,"Sukun tua, segar",Buah,KZGPI- 1990,67.8,126,1.6,,,,,,,,25,436.0,0.1,0.1,,,,0.18,,,88,
ER111,"Vigus, segar",Buah,KZGMI-2001,88.0,44,2.4,,,,,,,,2,180.0,0.1,0.2,,,,0.26,,,,
ER112,"Wani, segar",Buah,KZGPI- 1990,81.2,74,0.8,,,,,,,,,,,,,,,0.08,,,77,
EP001,Barongko,Buah,KZGMI-2001,66.7,159,3.1,,,,,,,,46,78.0,0.3,0.6,,,,,,,100,
EP002,Dodol nanas,Buah,KZGMI-2001,16.1,338,1.5,,,,,,,,,,,,,,,0.30,,,100,
EP003,Getuk pisang,Buah,KZGPI- 1990,63.7,144,1.1,,,,,,,,,,,,,,,0.55,,,100,
EP004,Keripik lampung,Buah,KZGPI- 1990,5.0,485,1.7,,,,,,,,,,,,,,,0.34,,,100,
EP005,Ledre pisang,Buah,KZGPI- 1990,3.6,405,4.8,,,,,,,,,,,,,,,0.41,,,100,
EP006,Lempog durian,Buah,KZGPI- 1990,25.2,320,3.5,,,,,,,,,,,,,,,0.05,,,100,
EP007,Loka anjoro,Buah,KZGMI-2001,63.3,163,1.1,,,,,,,,,,,,,,,,,,,
EP008,Rica-rica taipa,Buah,KZGMI-2001,86.7,49,1.6,,,,11,,,,,,,0.5,,,,,,0.18,,
EP009,Rujak aceh,Buah,KZGMI-2001,78.7,82,0.4,,,,,,,,,,,,,,,,,0.22,,0.03
EP010,Sale kesemek,Buah,KZGMI-2001,25.0,296,1.1,,,,,,,,,,,,,,,,,,,
EP011,Sale pisang siam,Buah,KZGPI- 1990,28.9,281,2.4,,,,41,,,,,,,,,,,,,0.10,,
EP012,"Sale pisang, cilacap",Buah,KZGPI- 1990,27.1,295,2.3,,,,47,,,,,,,,,,,,,0.14,,
EP013,Sanggara belanda,Buah,KZGMI-2001,47.1,242,6.4,,,,,,,,,,,,,,,,,,,
EP014,Tepung Pisang,Buah,BKP,13.8,338,2.9,,,,23,,,,,,,0.1,,,,,,0.02,,0.02
EP015,Tepung Sukun,Buah,BKP,10.1,353,2.9,,,,100,,,,,,,0.1,,,,,,0.40,,0.02
FR001,"Anak sapi, daging, gemuk, segar",Daging & Unggas,DABM-1964,,184,,0.0,5.2,,,2.2,490.1,,0.17,3.3,,,,0.13,0.17,,100,,,
FR002,"Anak sapi, daging, kurus, segar",Daging & Unggas,DABM-1964,,174,,0.0,1.4,,,2.9,399.8,,0.14,2.7,,,,0.08,0.14,,100,,,
FR003,"Anak sapi, daging, sedang, segar",Daging & Unggas,DABM-1964,,190,,0.0,0.9,,,2.9,412.7,,0.14,2.8,,,,0.14,0.15,,100,,,
FR004,"Angsa, daging, segar",Daging & Unggas,DABM-1964,,349,,0.0,1.0,,,1.8,299.2,,0.26,1.7,,,,0.10,0.24,,60,,,
FR005,"Ayam, daging, segar",Daging & Unggas,DABM-1964,,298,,0.0,0.9,,,1.5,385.9,,0.11,0.6,,,,0.08,0.14,,58,,,
FR006,"Ayam, dideh/darah, segar",Daging & Unggas,DABM-1964,,75,,0.7,1.6,,,1.3,234.0,,,,,,,0.02,,,100,,,
FR007,"Ayam, hati, segar",Daging & Unggas,KZGMS- 1993,,261,,1.6,1.5,,,15.8,22.9,,0.84,0.0,,,28000,0.64,4.38,,100,,,
FR008,"Babi, daging, gemuk,segar",Daging & Unggas,DABM-1964,,453,,0.0,1.1,,,1.8,819.3,,0.22,0.4,,,,0.58,0.59,,100,,,
FR009,"Babi, daging, kurus, segar",Daging & Unggas,DABM-1964,,371,,0.0,0.9,,,2.1,706.3,,0.19,0.4,,,,0.67,0.33,,100,,,
FR010,"Babi, ginjal, segar",Daging & Unggas,DABM-1964,,110,,0.8,1.2,,,8.0,390.0,,0.71,3.2,,,,0.58,1.59,,100,,,
FR011,"Babi, hati, segar",Daging & Unggas,DABM-1964,,129,,1.7,1.5,,,18.0,447.0,,0.58,0.1,,,,0.40,1.16,,100,,,
FR012,"Bebek (itik), daging, segar",Daging & Unggas,DABM-1964,,321,,0.0,1.1,,,1.8,199.0,,0.21,1.2,,,,0.10,0.28,,60,,,
FR013,"Bebek alabio, daging, segar",Daging & Unggas,KZGMI-2001,,303,,3.7,1.0,,,4.8,260.0,,0.70,2.0,,,,0.36,0.04,,100,,,
FR014,"Belibis, daging, segar",Daging & Unggas,KZGMI-2001,,131,,2.8,1.4,,,9.6,104.0,,1.20,1.6,,,,0.37,0.08,,100,,,
FR015,"Burung, sarang, segar",Daging & Unggas,DABM-1964,,281,,32.1,5.3,,,3.0,,,,,,,,,,,100,,,
FR016,"Domba, daging, gemuk, segar",Daging & Unggas,DABM-1964,,317,,0.0,0.8,,,2.4,242.1,,0.11,3.7,,,,0.14,0.23,,100,,,
FR017,"Domba, daging, kurus, segar",Daging & Unggas,DABM-1964,,202,,0.0,1.8,,,2.6,355.0,,0.08,2.8,,,,0.15,0.26,,100,,,
FR018,"Domba, ginjal, segar",Daging & Unggas,DABM-1964,,100,,1.0,1.3,,,9.2,276.0,,0.48,2.4,,,,0.51,2.35,,100,,,
FR019,"Kambing, daging, segar",Daging & Unggas,DABM-1964,,149,,0.0,3.9,,,1.0,268.7,,0.31,4.9,,,,0.09,0.23,,100,,,
FR020,"Kelinci, daging, segar",Daging & Unggas,FCTEA-1972,,142,,0.0,1.0,,,1.0,371.1,,,,,,0,0.11,0.11,,100,,,
FR021,"Kerbau, daging, segar",Daging & Unggas,DABM-1964,80.0,79,18.7,0.5,0.0,0.0,,,,,3.3,,,,1.6,,,,0.06,0.17,5.0,
FR022,"Kuda, daging, segar",Daging & Unggas,DABM-1964,76.0,113,18.1,4.1,0.9,0.0,,,,,2.7,,,,2.5,0,,,0.07,0.07,3.0,
FR023,"Sapi, babat, segar",Daging & Unggas,DABM-1964,76.7,108,17.6,4.2,0.0,0.0,,,,,1.0,,,,2.2,0,,,0.15,0.17,1.7,
FR024,"Sapi, daging, gemuk, segar",Daging & Unggas,DABM-1964,60.0,273,17.5,22.0,0.0,0.0,,,,,2.6,,,,6.4,12,,,0.08,0.18,7.3,
FR025,"Sapi, daging, kurus, segar",Daging & Unggas,DABM-1964,69.0,174,19.6,10.0,0.0,0.0,,,,,2.9,,,,4.9,6,,,0.07,0.51,1.2,
FR026,"Sapi, daging, lemak sedang, segar",Daging & Unggas,DABM-1964,66.0,201,18.8,14.0,0.0,0.0,,,,,2.8,,,,5.2,9,,,0.08,0.56,1.3,
FR027,"Sapi, daleman, segar",Daging & Unggas,KZGMI-2001,70.1,183,12.0,14.4,1.4,0.0,,,,,1.8,,,,0.8,,,,0.31,0.22,8.4,
FR028,"Sapi, dideh/darah",Daging & Unggas,DABM-1964,75.6,98,21.9,1.1,0.0,0.0,,,,,1.3,,,,0.2,15,,,0.01,0.03,0.9,
FR029,"Sapi, ginjal, segar",Daging & Unggas,DABM-1964,74.9,137,15.0,8.1,0.9,0.0,,,,,7.9,,,,,348,,,0.37,1.22,6.1,
FR030,"Sapi, keleponan, segar",Daging & Unggas,KZGMI-2001,83.8,84,10.5,4.6,0.2,0.0,,,,,2.1,,,,1.7,857,,,0.10,0.14,0.30,
FR031,"Sapi, liver, segar",Daging & Unggas,DABM-1964,69.7,132,19.7,3.2,6.0,0.0,,,,,6.6,,,,2.3,13303,,,0.26,1.52,11.4,
FR032,"Sapi, otak, segar",Daging & Unggas,DABM-1964,78.9,123,10.4,8.6,0.8,0.0,,,,,3.6,,,,0.9,0,,,0.23,0.19,3.9,
FR033,"Sapi, usus, segar",Daging & Unggas,DABM-1964,76.7,126,14.0,7.2,1.5,0.0,,,,,4.0,,,,,61,,,0.08,0.33,0.2,
FR034,Ulat sagu segar,Daging & Unggas,KZGMI-2001,65.9,241,5.8,21.6,5.8,2.8,,,,,0.5,,,,7.7,,,,0.17,1.45,0.10,
FP001,"Ayam, ampela, goreng",Daging & Unggas,KZGMS- 1993,4.8,270,32.3,11.2,9.9,0.0,,,,,4.9,,,,3.3,56,,0,0.21,,4.72,
FP002,"Ayam, usus, goreng",Daging & Unggas,KZGPI-1990,4.6,473,45.2,26.3,13.9,0.0,,,,,8.4,,,,,6,,224,0.57,,0.00,
FP003,"Bebek, daging, goreng",Daging & Unggas,KZGMI-2001,48.8,300,24.0,20.7,4.5,0.0,,,,,4.1,,,,3.0,,,,0.10,0.40,10.6,
FP004,"Buaya, daging, dendeng, mentah",Daging & Unggas,KZGMI-2001,12.3,365,49.6,4.8,30.8,,,,,,4.3,,,,11.6,,,,,,0.20,
FP005,Ham,Daging & Unggas,DABM-1964,42.0,384,16.9,35.0,0.3,0.0,,,,,2.5,,,,0.4,0,,,0.70,0.95,9.7,
FP006,"Itik alabio, daging, dendeng, mentah",Daging & Unggas,KZGMI-2001,12.7,496,30.3,33.5,18.4,,,,,,12.5,,,,0.3,,,,,,,
FP007,Kerupuk urat,Daging & Unggas,KZGMI-2001,3.6,588,53.7,40.9,1.2,,,,,,1.3,,,,0.2,2802,,,,,,
FP008,"Menjangan, daging, dendeng, mentah",Daging & Unggas,KZGMI-2001,14.3,322,55.8,2.0,22.7,,,,,,2.1,,,,3.2,3391,,,,,,
FP009,"Punai, daging, goreng",Daging & Unggas,KZGMI-2001,54.5,224,26.2,11.3,4.4,,,,,,3.1,,,,1.6,,,,,,,
FP010,"Rusa, daging, dendeng, mentah",Daging & Unggas,KZGMI-2001,18.3,536,40.5,41.5,0.0,,,,,,13.4,,,,10.7,285,,,,,,0.20
FP011,"Sapi, abon",Daging & Unggas,KZGPI-1990,7.1,212,18.0,10.6,59.3,7.5,,,,,12.3,,,,,0,,138,0.17,,,
FP012,"Sapi, abon, asli",Daging & Unggas,KZGPI-1990,24.8,358,14.6,16.1,38.6,2.5,,,,,14.6,,,,,3,,144,0.13,,,
FP013,"Sapi, daging, asap",Daging & Unggas,DABM-1964,60.0,182,32.0,6.0,0.0,0.0,,,,,5.0,,,,5.1,6,,,0.12,,,5.9
FP014,"Sapi, daging, dendeng, mentah",Daging & Unggas,DABM-1964,25.0,301,55.0,9.0,0.0,,,,,,5.1,,,,,0,,,0.10,,,
FP015,"Sapi, daging, kornet",Daging & Unggas,DABM-1964,53.0,289,16.0,25.0,0.0,0.0,,,,,4.0,,,,4.0,0,,,0.01,,,2.7
FP016,"Sapi, daging, sosis (Worst)",Daging & Unggas,DABM-1964,37.6,448,14.5,42.3,2.3,,,,,,1.1,,,,1.7,0,,,0.10,,,4.9
FP017,"Sapi, hati, sosis (liverworst)",Daging & Unggas,DABM-1964,56.6,274,16.0,22.0,3.0,2.3,,,,,4.0,,,,2.2,1201,,,0.20,,,4.0
FP018,"Sapi, paru, dendeng, mentah",Daging & Unggas,KZGMI-2001,9.7,360,57.3,6.0,19.2,,,,,,21.1,,,,6.1,2827,,,,,,
FP019,"Sapi, paru, goreng",Daging & Unggas,KZGMS- 1993,45.5,268,23.9,12.7,14.5,,,,,,8.8,,,,1.5,790,,,,,,
FP020,"Ulat sagu, panggang",Daging & Unggas,KZGMI-2001,41.3,380,11.9,30.3,14.9,4.8,,,,,1.5,,,,14.2,,,,0.50,,,0.10
FP021,"Ayam goreng church texas, dada",Daging & Unggas,KZGPI- 1990,42.2,338,35.2,20.6,0.4,0.0,,,,,5.6,,,,1.1,16,,80,0.52,,,12.1
FP022,"Ayam goreng church,texas paha",Daging & Unggas,KZGPI- 1990,50.3,287,31.0,15.7,1.7,0.0,,,,,4.1,,,,1.5,22,,30,0.66,,,5.3
FP023,"Ayam goreng church texas, sayap",Daging & Unggas,KZGPI- 1990,47.2,295,34.0,16.0,1.5,0.0,,,,,3.0,,,,1.2,13,,50,0.44,,,6.2
FP024,"Ayam goreng kalasan, paha",Daging & Unggas,KZGPI- 1990,46.2,275,37.4,12.2,1.3,0.0,,,,,5.8,,,,1.5,10,,50,0.10,,,
FP025,"Ayam goreng kentucky, dada",Daging & Unggas,KZGPI- 1990,46.5,298,34.2,16.8,0.1,0.0,,,,,5.5,,,,1.0,36,,50,0.19,,,0.0
FP026,"Ayam goreng Kentucky, paha",Daging & Unggas,KZGPI- 1990,48.7,286,32.1,16.1,1.1,0.0,,,,,6.9,,,,2.3,31,,20,0.50,,,5.5
FP027,"Ayam goreng Kentucky,sayap",Daging & Unggas,KZGPI- 1990,44.7,297,35.9,15.2,1.6,0.0,,,,,4.4,,,,1.4,22,,70,0.73,,,6.5
FP028,Ayam goreng mbok berek dada,Daging & Unggas,KZGPI- 1990,43.4,295,39.2,13.6,1.0,0.0,,,,,5.4,,,,,8,,50,0.19,,,
FP029,"Ayam goreng pasundan, dada",Daging & Unggas,KZGPI-1990,50.1,246,37.9,9.0,0.7,0.0,,,,,7.5,,,,,6,,70,0.16,,,0.00
FP030,"Ayam goreng pasundan, paha",Daging & Unggas,KZGPI-1990,52.8,245,33.1,11.4,0.3,0.0,,,,,7.3,,,,,8,,40,0.37,,,0.00
FP031,"Ayam goreng pioneer, dada",Daging & Unggas,KZGPI-1990,,295,,0.6,2.7,,,6.8,,,,,16,,,,,,,,,
FP032,"Ayam goreng sukabumi, dada",Daging & Unggas,KZGPI-1990,,244,,1.0,3.4,,,6.1,,,,,20,,,,,,,,,
FP033,"Ayam goreng sukabumi, paha",Daging & Unggas,KZGPI-1990,,283,,0.5,3.6,,,5.4,,,,,11,,,,,,,,,
FP034,"Ayam taliwang, masakan",Daging & Unggas,KZGMI-2001,,264,,2.7,1.5,,,2.0,408.0,,0.40,,1067,,,,,,,,,
FP035,"Babi hutan masak rica, masakan",Daging & Unggas,KZGMI-2001,,491,,0.2,2.7,,,1.2,327.0,,0.20,,2193,,,,,,,,,
FP036,Beef burger,Daging & Unggas,KZGMS- 1993,,258,,32.5,2.2,,,2.6,189.1,,,,218,,,,,,,,,
FP037,"Beef teriyaki, masakan",Daging & Unggas,KZGMS- 1993,,151,,22.3,0.9,,,2.3,,,,,22,,,,,,,,,
FP038,"Beef yakiniku, masakan",Daging & Unggas,KZGMS- 1993,,132,,20.7,0.8,,,2.0,,,,,78,,,,,,,,,
FP039,Brongkos,Daging & Unggas,KZGPI-1990,,141,,12.6,2.4,,,5.1,,,,,4,,,,,,,,,
FP040,"Bulgogi, masakan",Daging & Unggas,KZGMS- 1993,,72,,1.4,0.7,,,2.5,,,,,17,,,,,,,,,
FP041,"Chicken teriyaki, masakan",Daging & Unggas,KZGMS- 1993,,168,,7.5,1.7,,,3.1,,,,,68,,,,,,,,,
FP042,"Chikiniku, masakan",Daging & Unggas,KZGMS- 1993,,143,,22.8,0.6,,,2.0,,,,,27,,,,,,,,,
FP043,"Coto mangkasara, kuda, masakan",Daging & Unggas,KZGMI-2001,,96,,3.8,0.9,,,2.3,31.0,,0.10,,,,,,,,,,,
FP044,"Coto mangkasara, sapi, masakan",Daging & Unggas,KZGMI-2001,,84,,1.4,0.7,,,4.0,25.0,,0.30,,,,,,,,,,,
FP045,"Djibokum, masakan",Daging & Unggas,KZGMS- 1993,,248,,40.9,3.4,,,2.8,,,,,52,,,,,,,,,
FP046,"Empal (daging) Goreng, masakan",Daging & Unggas,KZGMS- 1993,,248,,10.1,2.0,,,6.4,,,,,112,,,,,,,,,
FP047,Gulai kambing,Daging & Unggas,KZGMI-2001,,126,,6.2,1.8,,,1.3,138.0,,0.20,,151,,,,,,,,,
FP048,"Jangang bintatoeng, masakan",Daging & Unggas,KZGMI-2001,,107,,16.5,2.4,,,2.5,406.0,,0.20,,,,,,,,,,,
FP049,"Kalio ayam, masakan",Daging & Unggas,KZGMS- 1993,,203,,4.4,1.4,,,4.2,,,,,105,,,,,,,,,
FP050,"Kalio jeroan, masakan",Daging & Unggas,KZGMS- 1993,,163,,4.1,1.5,,,7.1,,,,,298,,,,,,,,,
FP051,"Kalio kikil (tunjang), masakan",Daging & Unggas,KZGMS- 1993,,122,,3.9,1.3,,,3.4,,,,,36,,,,,,,,,
FP052,"Kalio otak, masakan",Daging & Unggas,KZGMS- 1993,,157,,11.4,1.4,,,3.3,,,,,32,,,1040,,,,0,100,
FP053,"Lawar babi, masakan",Daging & Unggas,KZGPI-1990,,174,,3.0,1.2,,,3.0,,,,,,,0,,,,0.00,,100,
FP054,"Lawar penyu, masakan",Daging & Unggas,KZGPI-1990,,141,,7.6,1.6,,,6.0,,,,,,,0,,,,0.00,,100,
FP055,"Lawara jangang, masakan",Daging & Unggas,KZGMI-2001,,159,,10.1,1.6,,,1.5,2368.0,,0.10,,14,,,,,0.16,,,100,
FP056,"Naan maran sapi, masakan",Daging & Unggas,KZGMI-2001,,478,,5.1,7.9,,,11.8,320.0,,0.60,,33,,,,,,0.20,,100,
FP057,"Nasu likku, masakan",Daging & Unggas,KZGMI-2001,,196,,15.9,2.3,,,1.0,470.0,,0.30,,,,,,,0.24,1.50,,100,
FP058,"Oramu ninahu ndawa olaho, masakan",Daging & Unggas,KZGMI-2001,,117,,4.3,0.1,,,2.0,727.0,,0.30,,4095,,,,,0.04,1.70,,100,
FP059,"Paniki masak santan, masakan",Daging & Unggas,KZGMI-2001,,460,,7.2,3.7,,,5.5,532.0,,0.40,,954,,,,,0.19,,,100,
FP060,"Pelolah manuk, masakan",Daging & Unggas,KZGMI-2001,,219,,4.4,2.3,,,1.6,,,,,137,,,1940,,,,0,100,
FP061,"Rawon, masakan",Daging & Unggas,KZGPI-1990,,60,,4.0,2.1,,,3.3,,,,,10,,,1235,,,,0,100,
FP062,"Rendang sapi, masakan",Daging & Unggas,KZGPI-1990,,193,,7.8,3.8,,,14.9,,,,,21,,,534,,,0.00,,100,
FP063,"RW, anjing, masakan",Daging & Unggas,KZGMI-2001,,198,,0.9,3.0,,,4.0,226.0,,0.10,,256,,,,,0.20,,,100,
FP064,"Sate, penyu, masakan",Daging & Unggas,KZGPI-1990,,179,,13.3,3.3,,,14.4,,,,,,,0,,,,0.00,,100,
FP065,"Sate pusut, masakan",Daging & Unggas,KZGMI-2001,,274,,13.6,2.8,,,2.7,,,,,133,,0,,,,0.00,,100,
FP066,"Penyu, serapah, masakan",Daging & Unggas,KZGPI-1990,,174,,2.2,1.2,,,9.5,507.0,,0.80,,1302,,,,,,,,100,
FP067,"Sie reuboh, masakan",Daging & Unggas,KZGMI-2001,,474,,11.7,2.2,,,1.3,176.0,,2.40,,141,,9,,,0.26,,,100,
FP068,"Sop buntut, masakan",Daging & Unggas,KZGMS- 1993,,71,,2.2,0.6,,,3.2,,,,,119,,,2900,,,,0,100,
FP069,"Sop daging sapi, masakan",Daging & Unggas,KZGMS- 1993,,49,,5.3,0.9,,,2.2,,,,,101,,,3320,,,,0,100,
FP070,"Sop kaki sapi, masakan",Daging & Unggas,KZGMS- 1993,,68,,3.7,0.9,,,2.2,,,,,48,,,150,,,,0,100,
FP071,"Sop kambing, masakan",Daging & Unggas,KZGMS- 1993,,34,,1.1,1.0,,,1.6,,,,,48,,,80,,,,0,100,
FP072,"Sop konro, masakan",Daging & Unggas,KZGMI-2001,,71,,4.5,0.5,,,4.6,25.0,,0.30,,,,,,,0.02,10.9 0,0,100,
FP073,"Sop saudara, masakan",Daging & Unggas,KZGMI-2001,,89,,3.9,1.5,,,9.0,50.0,,0.20,,,,,,,0.12,2.00,0,100,
FP074,"Soto bandung, masakan",Daging & Unggas,KZGPI-1990,89.9,42,3.9,1.7,2.8,0.4,,,,,1.8,,,,,,6,20,0,,,
FP075,"Soto banjar, masakan",Daging & Unggas,KZGMI-2001,83.7,110,2.9,9.5,3.2,,,,,,0.3,,,0.00,,,12,,770,,,
FP076,"Soto betawi, masakan",Daging & Unggas,KZGPI-1990,75.9,135,2.5,8.8,11.5,0.5,,,,,1.9,,,,,,6,,336,,,
FP077,"Soto jeroan, masakan",Daging & Unggas,KZGMS- 1993,81.4,92,11.8,4.3,1.4,,,,,,1.9,,,,,,85,,440,,,
FP078,"Soto kudus, masakan",Daging & Unggas,KZGPI-1990,91.6,38,2.6,2.3,1.8,0.2,,,,,1.7,,,,,,23,,128,,,
FP079,"Soto madura, masakan",Daging & Unggas,KZGPI-1990,89.8,60,3.5,4.5,1.3,0.0,,,,,3.8,,,,,,26,,121,,,
FP080,"Soto padang, masakan",Daging & Unggas,KZGPI-1990,75.0,127,5.9,6.6,11.0,0.7,,,,,1.5,,,,,,12,,204,,,
FP081,"Soto pekalongan, masakan",Daging & Unggas,KZGPI-1990,83.8,94,3.0,6.8,5.1,0.3,,,,,2.0,,,,,,14,,119,,,
FP082,"Soto pemalang, masakan",Daging & Unggas,KZGPI-1990,86.0,75,3.6,5.2,3.5,0.0,,,,,2.1,,,,,,16,,30,,,
FP083,"Soto sukaraja, masakan",Daging & Unggas,KZGPI-1990,75.9,80,3.2,3.5,9.0,0.3,,,,,2.3,,,,,,12,,89,,,
FP084,"Soto sulung, masakan",Daging & Unggas,KZGPI-1990,88.1,86,2.3,8.5,0.0,0.0,,,,,2.9,,,,,,20,,105,,,
FP085,"Sukiyaki, masakan",Daging & Unggas,KZGMS- 1993,81.0,75,5.6,0.4,12.2,0.2,,,,,0.5,,,,,,41,,1200,,,
FP086,"Tedong pallu basa, masakan",Daging & Unggas,KZGMI-2001,81.7,83,10.4,3.4,2.8,,,,,,2.6,,,0.60,,,,,,,,
FP087,"Tikus rica, masakan",Daging & Unggas,KZGMI-2001,54.9,257,18.8,18.5,3.8,,,,,,6.5,,,0.50,,,674,,,,,
FP088,"Tinoransa, masakan",Daging & Unggas,KZGMI-2001,31.6,516,17.7,49.5,0.0,,,,,,3.5,,,0.10,,,710,,,,,
GR001,"Belut, segar","Ikan, Kerang & Udang",KZGMI-2001,81.5,70,14.6,0.8,1.0,0.0,,,,,1.5,55,,0.20,,,,,,0.12,7.7,
GR002,"Belut,laut, segar","Ikan, Kerang & Udang",KZGPI- 1990,79.5,93,12.8,1.5,6.1,0.0,,,,,3.0,33,,0.10,,51,,,,0.00,2.7,
GR003,"Cumi-cumi, segar","Ikan, Kerang & Udang",KZGPI- 1990,82.2,75,16.1,0.7,0.1,0.0,,,,,1.8,37,,1.60,,0,,,,0.00,2.5,
GR004,"Ikan bader, segar","Ikan, Kerang & Udang",DABM- 1964,66.0,193,19.0,13.0,0.0,0.0,,,,,0.4,118,,0.10,,45,,,,0.10,4.1,
GR005,"Ikan balong, segar","Ikan, Kerang & Udang",KZGPI- 1990,76.5,107,16.5,3.9,1.5,0.0,,,,,2.0,86,,0.50,,25,,,,0.10,2.5,
GR006,"Ikan bambangan, segar","Ikan, Kerang & Udang",KZGPI- 1990,73.7,112,20.0,1.3,3.7,0.0,,,,,3.0,148,,0.00,,0,,,,0.00,0.3,
GR007,"Ikan bandeng, segar","Ikan, Kerang & Udang",DABM- 1964,74.0,123,20.0,4.8,0.0,0.0,,,,,2.0,67,,0.00,,45,,,,0.10,6.0,
GR008,"Ikan banjar, segar","Ikan, Kerang & Udang",KZGPI- 1990,73.5,111,19.4,0.9,4.8,0.0,,,,,7.3,99,,0.20,,0,,,,0.20,7.3,
GR009,"Ikan baronang, segar","Ikan, Kerang & Udang",KZGMI-2001,80.0,78,14.5,0.6,3.7,0.0,,,,,3.8,26,,4.70,,732,,,,0.04,3.0,
GR010,"Ikan batung, segar","Ikan, Kerang & Udang",KZGMI-2001,75.7,115,14.5,4.6,4.2,0.0,,,,,0.0,42,,0.20,,,,,,0.04,1.1,
GR011,"Ikan baung, segar","Ikan, Kerang & Udang",KZGMI-2001,74.9,123,15.1,5.5,3.3,0.0,,,,,1.3,32,,0.10,,,,,,0.03,1.2,
GR012,"Ikan bawal, segar","Ikan, Kerang & Udang",DABM- 1964,78.0,91,19.0,1.7,0.0,0.0,,,,,2.0,129,,0.10,,45,,,,0.10,1.8,
GR013,"Ikan Belida, segar","Ikan, Kerang & Udang",KZGMI-2001,79.2,80,14.7,1.4,2.2,0.0,,,,,1.3,41,,0.00,,,,,,0.14,1.4,
GR014,"Ikan beunteur, segar","Ikan, Kerang & Udang",DABM- 1964,70.0,109,17.0,4.0,0.0,0.0,,,,,1.0,109,,0.60,,45,,,,0.10,2.6,
GR015,"Ikan biawan, segar","Ikan, Kerang & Udang",KZGMI-2001,79.1,90,14.9,2.5,2.1,0.0,,,,,1.0,35,,0.40,,,,,,0.03,2.9,
GR016,"Ikan bili, segar","Ikan, Kerang & Udang",KZGMI-2001,68.3,88,14.2,0.7,6.2,0.0,,,,,1.5,217,,0.00,,,,,,0.09,2.7,
GR017,"Ikan bubara, segar","Ikan, Kerang & Udang",KZGMI-2001,75.5,100,14.7,2.4,4.9,,,,,,0.4,390,,0.70,,,,,,,,
GR018,"Ikan bulan-bulan, segar","Ikan, Kerang & Udang",KZGMI-2001,66.7,134,25.5,1.3,5.0,,,,,,0.5,197,,0.10,,,,,,0.02,0.8,
GR019,"Ikan cakalang, segar","Ikan, Kerang & Udang",KZGMI-2001,73.0,107,19.6,0.7,5.5,0.0,,,,,2.9,66,,0.20,,386,,,,0.05,21.7,
GR020,"Ikan cakalang, hati, segar","Ikan, Kerang & Udang",KZGMI-2001,73.4,120,11.3,3.9,10.0,,,,,,0.9,420,,1.60,,,,,,,0.2,
GR021,"Ikan cakalang, jantung, segar","Ikan, Kerang & Udang",KZGMI-2001,76.3,116,11.2,1.2,10.2,,,,,,3.4,360,,0.50,,908,,,,,0.1,
GR022,"Ikan cakalang, perut, segar","Ikan, Kerang & Udang",KZGMI-2001,79.1,86,10.2,1.1,8.7,,,,,,2.1,230,,0.30,,,,,,,0.3,
GR023,"Ikan daun, segar","Ikan, Kerang & Udang",KZGMI-2001,78.6,101,11.5,4.1,4.6,0.0,,,,,0.8,,,,0.10,,,,0.08,0.07,0.1,
GR024,"Ikan ekor kuning, segar","Ikan, Kerang & Udang",KZGMI-2001,74.1,108,22.3,1.2,2.1,0.0,,,,,0.5,,,,0.10,,,,0.00,0.10,0.2,
GR025,"Ikan gabus, segar","Ikan, Kerang & Udang",KZGMI-2001,79.6,80,16.2,0.5,2.6,0.0,,,,,0.1,,,,0.30,,,,0.40,0.20,0.1,
GR026,"Ikan heu, segar","Ikan, Kerang & Udang",KZGMI-2001,75.6,81,10.0,1.6,6.6,,,,,,2.1,,,,0.10,,,,0.87,,0.2,
GR027,"Ikan hitam, segar","Ikan, Kerang & Udang",KZGMI-2001,78.2,101,10.3,3.7,6.7,0.0,,,,,0.4,,,,,,,,0.00,0.10,0.1,
GR028,"Ikan hiu, segar","Ikan, Kerang & Udang",KZGPI- 1990,85.7,57,10.7,0.3,2.2,0.0,,,,,2.0,,,,0.02,,,0.0,0.05,,,
GR029,"Ikan kacangan, segar","Ikan, Kerang & Udang",KZGPI- 1990,80.7,77,15.6,0.9,1.6,0.0,,,,,1.7,,,,,,,0.0,0.07,,,
GR030,"Ikan kakap, segar","Ikan, Kerang & Udang",DABM- 1964,77.0,92,20.0,0.7,0.0,0.0,,,,,1.0,,,,,,,,0.05,,,
GR031,"Ikan kakatua, segar","Ikan, Kerang & Udang",KZGMI-2001,79.7,82,11.4,1.2,6.4,,,,,,0.4,,,,0.10,,,,,,0.2,
GR032,"Ikan kalaban, segar","Ikan, Kerang & Udang",KZGMI-2001,80.3,77,16.4,0.7,1.3,0.0,,,,,0.9,,,,0.70,,,,0.16,0.15,1.9,
GR033,"Ikan kamera (kakap merah), segar","Ikan, Kerang & Udang",KZGMI-2001,78.5,86,19.7,0.8,0.0,0.0,,,,,0.3,,,,0.30,,,,,0.08,0.1,
GR034,"Ikan kapar, segar","Ikan, Kerang & Udang",KZGMI-2001,74.2,132,17.0,6.7,0.8,0.0,,,,,1.2,,,,0.90,,,,0.07,0.03,,
GR035,"Ikan kawalinya, segar","Ikan, Kerang & Udang",KZGMI-2001,76.1,110,12.6,4.2,5.4,,,,,,1.5,,,,0.20,,,,,,0.2,
GR036,"Ikan keru-keru, segar","Ikan, Kerang & Udang",KZGPI- 1990,77.2,93,16.5,2.1,0.8,0.0,,,,,2.4,,,,0.34,,,0.0,0.01,0.09,1.6,
GR037,"Ikan kima, segar","Ikan, Kerang & Udang",KZGMI-2001,82.1,70,10.8,0.7,5.2,,,,,,2.0,,,,0.50,,,,0.22,0.05,5.8,
GR038,"Ikan lais, segar","Ikan, Kerang & Udang",KZGPI- 1990,65.0,161,11.9,11.5,2.4,0.0,,,,,0.0,,,,,,,0.0,0.05,,,
GR039,"Ikan layang, segar","Ikan, Kerang & Udang",DABM- 1964,74.0,109,22.0,1.7,0.0,0.0,,,,,2.0,,,,,,,,0.05,,,
GR040,"Ikan layur, segar","Ikan, Kerang & Udang",KZGPI- 1990,80.1,82,18.0,1.0,0.4,0.0,,,,,2.2,,,,,,,0.0,0.04,,,
GR041,"Ikan lehoma, segar","Ikan, Kerang & Udang",KZGMI-2001,77.6,90,20.4,0.9,0.0,,,,,,0.7,,,,0.30,,,,0.32,0.03,0.2,
GR042,"Ikan lemuru, segar","Ikan, Kerang & Udang",DABM- 1964,76.0,112,20.0,3.0,0.0,0.0,,,,,1.0,,,,,,,,0.05,,,
GR043,"Ikan lidah, segar","Ikan, Kerang & Udang",KZGPI- 1990,78.3,104,15.6,3.2,2.0,0.0,,,,,2.0,,,,,,,0.0,0.03,,,
GR044,"Ikan malalugis, segar","Ikan, Kerang & Udang",KZGMI-2001,75.6,99,20.6,1.4,0.9,,,,,,0.5,,,,0.20,,,,0.30,0.02,0.5,
GR045,"Ikan mamar merah, segar","Ikan, Kerang & Udang",KZGMI-2001,75.0,115,15.3,4.0,4.4,0.0,,,,,1.6,,,,0.20,,,,0.20,0.10,0.1,
GR046,"Ikan mas, segar","Ikan, Kerang & Udang",DABM- 1964,80.0,86,16.0,2.0,0.0,0.0,,,,,2.0,,,,0.10,,,,0.05,0.10,2.6,
GR047,"Ikan mayong, segar","Ikan, Kerang & Udang",KZGPI- 1990,78.2,97,17.9,2.0,0.4,0.0,,,,,2.5,,,,,,,0.0,0.10,,,
GR048,"Ikan mujahir, segar","Ikan, Kerang & Udang",KZGPI- 1990,79.7,89,18.7,1.0,0.0,0.0,,,,,1.5,,,,0.00,,,5.0,0.03,0.10,2.0,
GR049,"Ikan nasu metti, segar","Ikan, Kerang & Udang",KZGMI-2001,65.3,154,16.8,5.0,10.5,,,,,,1.6,,,,0.20,,,,0.47,0.15,9.6,
GR050,"Ikan oci, kembung, segar","Ikan, Kerang & Udang",KZGMI-2001,71.4,125,21.3,3.4,2.2,,,,,,0.8,,,,0.20,,,,0.26,0.03,0.2,
GR051,"Ikan paling, segar","Ikan, Kerang & Udang",DABM- 1964,58.0,303,14.0,27.0,0.0,0.0,,,,,1.0,,,,,,,,0.10,,,
GR052,"Ikan papuyu/ betok, segar","Ikan, Kerang & Udang",KZGMI-2001,75.0,120,14.3,4.9,4.6,0.0,,,,,1.5,,,,0.80,,,,0.00,0.05,3.1,
GR053,"Ikan patin, segar","Ikan, Kerang & Udang",KZGMI-2001,74.4,132,17.0,6.6,1.1,0.0,,,,,1.6,,,,0.70,,,,0.20,0.03,1.7,
GR054,"Ikan pomo, segar","Ikan, Kerang & Udang",KZGMI-2001,68.3,147,22.5,5.2,2.6,,,,,,1.3,,,,0.20,,,,,,,
GR055,"Ikan puntin, segar","Ikan, Kerang & Udang",KZGMI-2001,81.1,76,14.4,1.1,2.2,,,,,,0.0,,,,0.10,,,,0.31,0.11,,
GR056,"Ikan saluang, segar","Ikan, Kerang & Udang",KZGMI-2001,74.8,113,13.9,4.9,3.4,0.0,,,,,1.9,,,,0.80,,,,0.21,0.02,1.8,
GR057,"Ikan sarden, segar","Ikan, Kerang & Udang",KZGMI-2001,72.7,109,19.9,1.8,3.4,0.0,,,,,1.3,,,,0.30,,,,0.26,0.03,4.4,
GR058,"Ikan selar, segar","Ikan, Kerang & Udang",DABM- 1964,75.4,100,18.8,2.2,0.0,0.0,,,,,0.5,,,,0.10,,,,0.37,0.20,3.4,
GR059,"Ikan sepat, segar","Ikan, Kerang & Udang",KZGMI-2001,78.8,84,15.2,0.6,4.7,0.0,,,,,2.1,,,,0.70,,,,0.16,0.03,1.9,
GR060,"Ikan sidat, segar","Ikan, Kerang & Udang",KZGPI- 1990,71.3,81,11.4,1.9,3.8,0.0,,,,,3.0,,,,0.00,,,0.0,0.00,0.40,3.2,
GR061,"Ikan sunu, segar","Ikan, Kerang & Udang",KZGMI-2001,75.5,111,13.3,3.4,6.7,,,,,,1.2,,,,0.00,,,,1.03,0.10,0.2,
GR062,"Ikan tahuman, segar","Ikan, Kerang & Udang",KZGMI-2001,77.4,88,15.9,0.9,4.1,0.0,,,,,0.0,,,,0.40,,,,0.20,0.25,1.6,
GR063,"Ikan tarmon, segar","Ikan, Kerang & Udang",KZGMI-2001,76.7,96,19.5,1.1,2.0,0.0,,,,,0.3,,,,0.10,,,,0.15,0.02,1.7,
GR064,"Ikan telan, segar","Ikan, Kerang & Udang",KZGMI-2001,75.3,95,15.8,0.7,6.5,0.0,,,,,0.2,,,,1.60,,,,0.18,0.02,1.9,
GR065,"Ikan tembang, segar","Ikan, Kerang & Udang",DABM- 1964,65.0,204,16.0,15.0,0.0,0.0,,,,,2.0,,,,0.40,,,,0.05,0.00,5.6,
GR066,"Ikan tempahas, segar","Ikan, Kerang & Udang",KZGMI-2001,78.9,101,15.1,4.1,1.0,0.0,,,,,0.0,,,,0.70,,,,0.02,0.05,1.5,
GR067,"Ikan terbang, segar","Ikan, Kerang & Udang",KZGMI-2001,76.1,98,19.6,1.7,1.0,0.0,,,,,0.6,,,,0.10,,,,0.00,0.10,0.1,
GR068,"Ikan teri, segar","Ikan, Kerang & Udang",KZGPI- 1990,80.0,74,10.3,1.4,4.1,0.0,,,,,3.9,,,,305.20,,,28.0,0.24,0.10,1.9,
GR069,"Ikan titang, segar","Ikan, Kerang & Udang",KZGMI-2001,78.8,82,17.4,0.4,2.3,0.0,,,,,1.8,,,,0.10,,,,0.64,0.03,1.5,
GR070,"Ikan tongkol, segar","Ikan, Kerang & Udang",KZGMI-2001,74.7,100,13.7,1.5,8.0,0.0,,,,,1.7,,,,0.20,,,,0.35,0.03,6.6,
GR071,"Ikan turi, segar","Ikan, Kerang & Udang",KZGMI-2001,76.9,96,19.2,2.0,0.2,,,,,,0.8,,,,0.10,,,,,,,
GR072,"Keong, segar","Ikan, Kerang & Udang",DABM- 1964,81.0,64,12.0,1.0,2.0,0.0,,,,,1.7,,,,0.37,,,,,,,
GR073,"Kepiting, segar","Ikan, Kerang & Udang",DABM- 1964,68.1,151,13.8,3.8,14.1,0.0,,,,,1.1,,,,,,,,0.05,,,
GR074,"Kerang, segar","Ikan, Kerang & Udang",KZGPI- 1990,78.2,101,14.4,2.6,3.9,0.0,,,,,15.6,,,,,,,0.0,0.01,,,
GR075,"Kodok, segar","Ikan, Kerang & Udang",DABM- 1964,81.9,73,16.4,0.3,0.0,0.0,,,,,1.1,,,,,,,,0.14,,,
GR076,"Kura-kura, segar","Ikan, Kerang & Udang",DABM- 1964,80.0,83,19.1,0.2,0.0,0.0,,,,,0.7,,,,,,,,0.20,,,
GR077,"Kuro, segar","Ikan, Kerang & Udang",KZGPI- 1990,79.9,87,16.0,2.2,1.0,0.0,,,,,1.0,,,,,,,0.0,0.04,,,
GR078,"Lokan, segar","Ikan, Kerang & Udang",KZGMI-2001,80.9,217,11.0,1.7,5.1,,,,,,10.9,,,,0.20,,,,0.45,0.07,,
GR079,"Rajungan, segar","Ikan, Kerang & Udang",KZGMI-2001,80.2,76,12.1,2.0,2.4,0.0,,,,,2.2,,,,1.70,,,,0.20,0.25,0.2,
GR080,"Rebon, udang kecil, segar","Ikan, Kerang & Udang",DABM- 1964,79.0,81,16.2,1.2,0.7,0.0,,,,,2.2,,,,0.70,,,,0.04,0.10,2.4,
GR081,Rusip,"Ikan, Kerang & Udang",KZGPI- 1990,58.5,110,11.5,2.0,11.7,0.0,,,,,7.1,,,,,,,0.0,0.04,,,
GR082,"Udang galah, segar","Ikan, Kerang & Udang",KZGMI-2001,79.0,81,16.5,0.3,3.0,0.0,,,,,0.7,,,,0.70,,,,0.24,0.03,2.9,
GR083,"Udang, besar, segar","Ikan, Kerang & Udang",KZGMI-2001,85.5,56,11.4,0.6,1.2,0.0,,,,,0.3,,,,0.40,,,,0.14,0.00,0.1,
GR084,"Udang, segar","Ikan, Kerang & Udang",DABM- 1964,75.0,91,21.0,0.2,0.1,0.0,,,,,8.0,,,,0.30,,,,0.01,0.40,3.7,
GP001,"Bekicot, dendeng, mentah","Ikan, Kerang & Udang",KZGPI- 1990,6.7,441,48.7,20.3,15.8,0.0,,,,,16.6,,,,,,,1408.0,0.56,,,
GP002,"Belut, goreng","Ikan, Kerang & Udang",KZGPI- 1990,11.2,417,25.9,19.4,32.0,0.0,,,,,4.9,,,,0.30,,,0.0,0.00,0.20,10.5,
GP003,"Cumi-cumi, goreng","Ikan, Kerang & Udang",KZGPI- 1990,54.2,265,40.6,10.1,0.0,0.0,,,,,2.7,,,,,,,0.0,0.09,0.00,6.3,
GP004,"Ikan asin, kering","Ikan, Kerang & Udang",DABM- 1964,40.0,193,42.0,1.5,0.0,0.0,,,,,0.0,,,,,,,,0.01,,,
GP005,"Ikan bandeng presto, masakan","Ikan, Kerang & Udang",KZGPI- 1990,45.3,296,17.1,20.3,11.3,0.0,,,,,1.9,,,,,,,400.0,0.14,,,
GP006,Ikan baung bakar,"Ikan, Kerang & Udang",KZGMI-2001,69.8,144,17.8,5.8,5.2,,,,,,0.0,,,,0.10,,,,0.00,0.00,1.3,
GP007,Ikan Belida bakar,"Ikan, Kerang & Udang",KZGMI-2001,68.2,128,18.0,3.0,7.2,0.0,,,,,0.0,,,,0.10,,,,1.80,0.17,1.5,
GP008,"Ikan cakalang asap, mentah","Ikan, Kerang & Udang",KZGMI-2001,56.9,204,34.2,5.6,1.9,,,,,,1.3,,,,0.30,,,,0.53,0.07,,
GP009,"Ikan cakalang asin, mentah","Ikan, Kerang & Udang",KZGPI- 1990,41.7,198,36.5,2.2,5.5,0.0,,,,,3.7,,,,,,,0.0,0.06,,,
GP010,"Ikan calo/ peda, mentah","Ikan, Kerang & Udang",KZGPI- 1990,71.3,81,11.4,1.9,3.8,0.0,,,,,22.6,,,,,,,0.0,0.00,,,
GP011,"Ikan Gabus asap, mentah","Ikan, Kerang & Udang",KZGMI-2001,26.4,261,38.1,2.3,21.9,0.0,,,,,2.9,,,,0.40,,,,0.10,0.10,14.5,
GP012,"Ikan Gabus, kering","Ikan, Kerang & Udang",DABM- 1964,24.0,268,58.0,4.0,0.0,0.0,,,100,,,,,,,,,0.10,,,,80
GP013,"Ikan gete, goreng","Ikan, Kerang & Udang",KZGMI-2001,44.7,267,23.1,19.4,0.2,,,,1240,,590,440.0,0.10,1.9,,,,,,,,
GP014,"Ikan hiu, kering","Ikan, Kerang & Udang",KZGMI-2001,23.1,298,46.3,3.6,20.2,,,,846,,957,1457.0,0.50,2.0,,,,0.84,,,,
GP015,"Ikan katombo, asin","Ikan, Kerang & Udang",KZGPI- 1990,44.7,162,31.7,2.8,0.3,0.0,,,609,,4393,342.2,2.80,,,,0.0,0.09,,,,70
GP016,"Ikan kayu, kering","Ikan, Kerang & Udang",KZGMI-2001,23.1,302,70.7,1.9,0.4,0.0,,,22,,345,1045.0,,1.8,,,,1.40,,,,
GP017,Ikan Lais bakar,"Ikan, Kerang & Udang",KZGMI-2001,69.4,147,17.5,6.5,5.4,,,,194,,142,209.0,,0.5,,,,,,,,
GP018,"Ikan lomak asin, mentah","Ikan, Kerang & Udang",KZGMI-2001,21.6,258,40.3,2.3,18.9,0.0,,,279,,6227,485.1,2.30,,,,,0.10,,,,
GP019,Ikan Mas pepes,"Ikan, Kerang & Udang",KZGPI- 1990,57.5,209,15.2,11.3,11.8,0.5,,,530,,74,276.7,0.10,1.9,,,315.0,0.13,,,,100
GP020,Ikan mujahir goreng,"Ikan, Kerang & Udang",KZGPI- 1990,44.7,416,46.9,23.9,0.0,0.0,,,654,,54,278.9,0.00,0.2,,,8.0,0.12,,,,100
GP021,Ikan Mujahir pepes,"Ikan, Kerang & Udang",KZGPI- 1990,73.7,121,21.7,2.8,0.8,0.0,,,248,,58,265.8,0.00,0.3,,,6.0,0.00,,,,100
GP022,"Ikan mujahir, dendeng, mentah","Ikan, Kerang & Udang",KZGPI- 1990,15.2,582,68.3,15.2,37.2,0.0,,,1699,,,,,,,,20.0,0.27,,,,100
GP023,"Ikan Papuyu, bakar","Ikan, Kerang & Udang",KZGMI-2001,66.6,152,17.6,6.1,6.7,0.0,,,227,,320,224.0,0.20,1.0,,,,,,,,
GP024,"Ikan Patin, bakar","Ikan, Kerang & Udang",KZGMI-2001,70.3,144,17.5,6.3,4.3,,,,232,,379,230.0,0.10,0.7,,,,,,,,
GP025,"Ikan peda banjar, mentah","Ikan, Kerang & Udang",DABM- 1964,46.0,156,28.0,4.0,2.0,0.0,,,316,,59,368.8,0.00,0.5,,,,0.10,,,,90
GP026,"Ikan pepetek, mentah","Ikan, Kerang & Udang",DABM- 60/64,33.0,176,32.0,4.4,2.0,0.0,,,200,,79,1.0,,,,,,0.05,,,,
GP027,"Ikan Pindang banjar, mentah","Ikan, Kerang & Udang",DABM- 60/64,59.0,157,28.0,4.2,1.8,0.0,,,100,,,,,,,,,0.10,,,,
GP028,"Ikan Pindang benggol, mentah","Ikan, Kerang & Udang",DABM- 60/64,57.0,170,31.0,4.2,0.0,0.0,,,100,,,,,,,,,0.10,,,,
GP029,"Ikan Pindang layang, mentah","Ikan, Kerang & Udang",DABM- 60/64,60.0,153,30.0,2.8,0.0,0.0,,,200,,,,,,,,,0.07,,,,
GP030,"Ikan Pindang selar, mentah","Ikan, Kerang & Udang",DABM- 60/64,60.0,142,27.0,3.0,0.0,0.0,,,200,,,,,,,,,0.07,,,,
GP031,"Ikan sale, mentah","Ikan, Kerang & Udang",BKP,8.5,534,40.2,39.3,4.9,2.0,,,1244,,673,673.0,0.30,2.6,,,0.0,0.02,,,,100
GP032,"Ikan sale lais, mentah","Ikan, Kerang & Udang",KZGPI- 1990,12.4,415,61.3,17.6,2.9,0.0,,,919,,381,488.0,17.60,1.0,,,0.0,0.03,,,,
GP033,"Ikan saluang, kering, mentah","Ikan, Kerang & Udang",KZGMI-2001,33.6,284,34.1,9.9,14.6,0.0,,,1103,,1767,263.0,1.30,18.7,,,,0.49,,,,
GP034,"Ikan sanggang, masakan","Ikan, Kerang & Udang",KZGMI-2001,42.6,240,21.7,7.7,20.7,,,,362,,2041,159.0,1.50,8.8,,,,0.51,,,,
GP035,"Ikan selar kuning, cue, mentah","Ikan, Kerang & Udang",DABM- 1964,59.0,138,27.0,3.3,0.0,0.0,,,,,2.0,,,,,,,,,0.10,,
GP036,"Ikan selar, kering, mentah","Ikan, Kerang & Udang",DABM- 60/64,43.0,194,38.0,3.5,0.0,0.0,,,,,1.0,,,,,,,,,0.01,,
GP037,"Ikan sepat, kering, mentah","Ikan, Kerang & Udang",DABM- 60/64,30.0,289,38.0,14.0,0.0,0.0,,,,,0.7,,,,,,,,,0.00,,
GP038,"Ikan sunu, asin, mentah","Ikan, Kerang & Udang",KZGMI-2001,34.7,199,34.1,3.8,7.1,,,,,,2.2,,,,0.10,3.2,,,,1.50,0.13,
GP039,"Ikan, tepung, mentah","Ikan, Kerang & Udang",KZGPI- 1990,4.3,316,60.1,6.5,22.4,0.0,,,,,16.6,,,,,,,,,0.00,,
GP040,"Ikan Teri nasi, kering, mentah","Ikan, Kerang & Udang",DABM- 60/64,34.5,144,32.5,0.6,0.0,0.0,,,,,3.0,,,,,,,,,0.10,,
GP041,"Ikan Teri, bubuk, mentah","Ikan, Kerang & Udang",DABM- 60/64,15.0,277,60.0,2.3,1.8,0.0,,,,,3.0,,,,,,,,,0.10,,
GP042,"Ikan teri, kering, mentah","Ikan, Kerang & Udang",DABM- 60/64,37.8,170,33.4,3.0,0.0,0.0,,,,,3.6,,,,,,,,,0.15,,
GP043,"Ikan Teri, kering, tawar, mentah","Ikan, Kerang & Udang",DABM- 60/64,16.7,331,68.7,4.2,0.0,0.0,,,,,23.4,,,,,,,,,0.10,,
GP044,"Ikan Teri, tepung, mentah","Ikan, Kerang & Udang",KZGPI- 1990,5.2,347,48.8,6.4,19.6,0.0,,,,,18.6,,,,,,,,,1.12,,
GP045,"Kerang, asap, mentah","Ikan, Kerang & Udang",KZGMI-2001,9.3,393,38.9,13.3,29.4,,,,,,8.5,,,,0.60,3.7,,,,0.30,1.70,
GP046,"Kerang, dendeng, mentah","Ikan, Kerang & Udang",KZGPI- 1990,18.3,357,41.1,10.0,25.6,0.0,,,,,5.2,,,,,,,,,0.27,,
GP047,"Rebon, kering, mentah","Ikan, Kerang & Udang",DABM- 60/64,21.6,299,59.4,3.6,3.2,0.0,,,,,21.4,,,,,,,,,0.06,,
GP048,"Rebung laut, mentah","Ikan, Kerang & Udang",KZGMI-2001,18.2,320,7.2,4.2,63.3,,,,,,6.6,,,,1.50,6.2,,,,0.00,0.00,
GP049,Sardines dalam kaleng,"Ikan, Kerang & Udang",DABM- 60/64,47.1,338,21.1,27.0,1.0,0.0,,,,,3.5,,,,,,,,,0.10,,
GP050,"Teripang, dendeng, mentah","Ikan, Kerang & Udang",KZGPI- 1990,12.5,462,39.1,32.4,3.5,0.0,,,,,96.4,,,,,,,,,1.37,0.00,
GP051,"Udang kering, mentah","Ikan, Kerang & Udang",KZGMI-2001,14.9,278,62.6,4.1,2.2,,,,,,5.2,,,,2.40,3.2,,,,,,
GP052,"Udang papay, mentah","Ikan, Kerang & Udang",KZGMI-2001,24.5,273,47.8,3.8,12.5,,,,,,2.4,,,,2.60,10.8,,,,,,
GP053,Abon haruwan,"Ikan, Kerang & Udang",KZGMI-2001,11.6,513,23.7,37.0,21.3,,,,,,0.5,,,,0.00,0.2,,,,,,
GP054,Abon ikan,"Ikan, Kerang & Udang",KZGMI-2001,6.4,435,27.2,20.2,36.1,,,,,,,,,,,,,,,,0.80,
GP055,"Betok wadi, masakan","Ikan, Kerang & Udang",KZGMI-2001,69.2,145,16.3,7.0,4.1,,,,,,1.8,,,,1.00,1.3,,,,0.22,,
GP056,"Bou ninahu ndamate, masakan","Ikan, Kerang & Udang",KZGMI-2001,79.5,79,6.3,1.0,1.1,,,,,,,,,,,,,,,0.10,0.00,
GP057,"Bouiki ninahu nggaluku, masakan","Ikan, Kerang & Udang",KZGMI-2001,,94,,10.8,5.3,,,,,,,,,,,0.50,0.03,,,,,
GP058,Cakalang asar (asap),"Ikan, Kerang & Udang",KZGMI-2001,,155,,10.2,1.6,,,2.1,,,,,,,,,0.70,,,,,
GP059,"Dendeng belut, goreng, masakan","Ikan, Kerang & Udang",KZGPI- 1990,,382,,8.0,14.0,,,15.4,,,,,,,1480,0.48,,,,,,
GP060,"Dendeng mujahir, goreng, masakan","Ikan, Kerang & Udang",KZGPI- 1990,,598,,9.2,13.1,,,7.4,,,,,,,25,0.19,,,,,,
GP061,Fillet o-fish,"Ikan, Kerang & Udang",KZGMS- 1993,,270,,19.3,1.5,,,1.8,,,,,,,580.0,0.59,,,,,,
GP062,"Gete kuah asam, masakan","Ikan, Kerang & Udang",KZGMI-2001,,75,,6.0,3.8,,,0.8,,,,,,,,,,,,,,
GP063,"Gulai asam keueung, masakan","Ikan, Kerang & Udang",KZGMI-2001,,52,,1.8,1.7,,,0.3,,,,,,,,0.18,0.34,,,,,
GP065,"Gulai ikan, masakan","Ikan, Kerang & Udang",KZGMS- 1993,,106,,2.5,2.0,,,4.8,,,,,,,2760.0,0.32,,,,,,
GP064,"Gulai ikan paya, masakan","Ikan, Kerang & Udang",KZGMI-2001,,148,,5.0,3.1,,,0.7,,,,,,,,0.26,0.02,,,,,
GP066,"Gulai keumamah, masakan","Ikan, Kerang & Udang",KGZMI-2001,,110,,3.2,1.3,,,1.0,,,,,,,,0.33,0.04,,,,,
GP067,"Gulai tiram, masakan","Ikan, Kerang & Udang",KZGMI-2001,,132,,7.8,2.9,,,3.7,,,,,,,,0.29,0.12,,,,,
GP068,"Gurame asem manis, masakan","Ikan, Kerang & Udang",KZGPI- 1990,,192,,12.7,2.4,,,1.1,,,,,,,1440.0,0.10,,,,,,
GP069,"Ikan asar merah, masakan","Ikan, Kerang & Udang",KZGMI-2001,,146,,5.6,1.6,,,4.0,,,,,,0,,,,,,,,
GP070,"Jambal goreng, masakan","Ikan, Kerang & Udang",KZGMS- 1993,,286,,2.3,26.6,,,3.3,,,,,,,160.0,0.40,,,,,,
GP071,"Jukku pallu kaloa, masakan","Ikan, Kerang & Udang",KZGMI-2001,,15,,8.8,2.3,,,1.1,,,,,,,,0.30,0.14,,,,,
GP072,"Kaholeo, masakan","Ikan, Kerang & Udang",KZGMI-2001,,413,,29.8,10.5,,,0.0,,,,,,,,1.34,0.03,,,,,
GP073,Lawara penjah,"Ikan, Kerang & Udang",KZGMI-2001,,207,,9.6,2.9,,,5.9,,,,,,38,,0.19,0.04,,,,,
GP074,"Model, masakan","Ikan, Kerang & Udang",KZGMI-2001,,79,,8.6,1.3,,,0.8,,,,,,,,0.16,0.02,,,,,
GP075,"Mujahir acar kuning, masakan","Ikan, Kerang & Udang",KZGPI- 1990,,330,,12.1,4.6,,,5.3,,,,,,,4130.0,0.15,,,,,,
GP076,"Parede baleh, masakan","Ikan, Kerang & Udang",KZGMI-2001,,87,,5.5,1.5,,,0.9,,,,,,,,0.24,0.00,,,,,
GP077,"Pempek adaan, masakan","Ikan, Kerang & Udang",KZGMI-2001,,162,,27.8,1.7,,,1.0,,,,,,,,0.30,0.03,,,,,
GP078,"Pempek belida, masakan","Ikan, Kerang & Udang",KZGPI- 1990,61.4,156,4.2,1.4,31.6,0.2,,,,,3.3,,,,,,,,0.0,,,
GP079,"Pempek kapal selam, masakan","Ikan, Kerang & Udang",KZGMI-2001,63.4,152,4.5,2.3,28.2,,,,,,1.6,,91.0,,,,,,,,,
GP080,"Pempek kelesan, masakan","Ikan, Kerang & Udang",KZGPI- 1990,53.0,211,12.3,6.1,26.6,0.4,,,,,1.8,,,,,,,,888.0,,,
GP081,"Pempek kulit, masakan","Ikan, Kerang & Udang",KZGMI-2001,45.7,243,5.2,7.3,39.1,,,,,,2.0,,102.0,,,,,,,,,
GP082,"Pempek telur, masakan","Ikan, Kerang & Udang",KZGMI-2001,62.4,156,4.7,2.7,28.3,,,,,,1.3,,48.0,,,,,,,,,
GP083,"Pempek tenggiri, masakan","Ikan, Kerang & Udang",KZGPI- 1990,56.3,173,7.2,1.2,33.4,0.2,,,,,3.1,,,,,,,,0.0,,,
GP084,"Pencok lele, masakan","Ikan, Kerang & Udang",KZGPI- 1990,47.5,372,7.8,36.3,3.5,0.0,,,,,5.3,,,,,,,,12070. 0,,,
GP085,Pinda,"Ikan, Kerang & Udang",KZGMI-2001,71.0,107,15.9,0.6,0.4,,,,,,1.9,,330.0,,,,,,,,,
GP086,"Pindang kenari, masakan","Ikan, Kerang & Udang",KZGMI-2001,80.1,124,9.5,9.6,0.0,,,,,,1.3,,270.0,,,,,,,,,
GP087,"Saboko gurita, masakan","Ikan, Kerang & Udang",KZGMI-2001,76.2,87,15.7,1.5,2.6,,,,,,2.1,,180.0,,,,,,,,,
GP088,"Saboko saltan, masakan","Ikan, Kerang & Udang",KZGMI-2001,76.0,113,17.1,3.6,3.0,,,,,,0.5,,350.0,,,,,,,,,
GP089,"Saboko sardin, masakan","Ikan, Kerang & Udang",KZGMI-2001,70.0,110,12.9,4.3,4.9,,,,,,6.0,,280.0,,,,,,,,,
GP090,Sate Bandeng,"Ikan, Kerang & Udang",BKP,47.1,283,12.1,16.8,20.9,2.0,,,,,1.2,,199.0,,,,,,0.0,,,
GP091,"Sepi, masakan","Ikan, Kerang & Udang",KZGMI-2001,66.1,88,7.9,1.6,10.6,,,,,,2.3,,258.0,,,,,,,,,
GP092,"Tekwan, masakan","Ikan, Kerang & Udang",KZGMI-2001,86.7,53,1.9,0.9,9.4,,,,,,1.0,,42.0,,,,,,,,,
GP093,"Teri belado, masakan","Ikan, Kerang & Udang",KZGPI- 1990,25.8,365,23.7,22.3,17.5,0.0,,,,,4.0,,,,,,,,1567.0,,,
GP094,"Tumis bandeng, masakan","Ikan, Kerang & Udang",KZGMI-2001,70.5,189,11.3,15.7,0.6,,,,,,0.4,,280.0,,,,,,,,,
GP095,Tumis keumamah,"Ikan, Kerang & Udang",KGZMI-2001,45.7,300,14.5,20.0,15.5,4.5,,,,,,,,,,,,,,,,
HR001,"Telur ayam kampung, segar",Telur,KZGMI-2001,73.1,174,10.8,14.0,1.2,0.0,68,,,,,,,,1.5,,23,,,0.62,0.2,
HR002,"Telur ayam ras, segar",Telur,KZGPI-1990,74.3,154,12.4,10.8,0.7,0.0,86,,,,,,,,1.0,,22,,,0.38,0.2,
HR003,"Telur ayam ras, bagian kuning, segar",Telur,DABM-1964,49.4,355,16.3,31.9,0.7,0.0,147,,,,,,,,2.5,,63,,,0.51,0.2,
HR004,"Telur aAyam ras, bagian putih, segar",Telur,DABM-1964,87.8,50,10.8,0.0,0.8,0.0,6,,,,,,,,0.4,,0,,,0.26,0.4,
HR005,"Telur bebek alabio, segar",Telur,KZGMI-2001,70.0,187,11.8,14.2,3.0,0.0,60,,,,,,,,1.7,,437,,,0.37,0.1,
HR006,"Telur bebek, bagian kuning, segar",Telur,DABM-1964,47.0,386,17.0,35.0,0.8,0.0,150,,,,,,,,2.5,,747,,,0.68,1.4,
HR007,"Telur bebek, bagian putih, segar",Telur,DABM-1964,88.0,54,11.0,0.0,0.8,0.0,21,,,,,,,,0.1,,0,,,0.02,0.1,
HR008,"Telur bebek tambak, segar",Telur,KZGMI-2001,67.7,187,10.9,12.4,7.9,0.0,64,,,,,,,,1.8,,471,,,0.03,0.1,
HR009,"Telur burung maleo, segar",Telur,KZGMI-2001,36.0,436,26.5,36.3,0.4,,154,,,,,,,,2.9,,,,,1.00,0.2,
HR010,"Telur penyu, segar",Telur,KZGMI-2001,7.4,136,8.6,10.1,2.7,0.0,66,,,,,,,,1.4,,17,,,0.02,0.0,
HR011,"Telur burung puyuh, segar",Telur,FCTEA-1972,79.8,116,10.7,7.0,1.6,0.0,65,,,,,,,,1.2,,80,,,0.65,0.1,
HP001,"Telur ayam, dadar, masakan",Telur,KZGPI-1990,61.9,251,16.3,19.4,1.4,0.0,62,,,,,,,,,,,,,0.00,,
HP002,"Telur bebek, asin, mentah",Telur,DABM- 60/64,66.5,179,13.6,13.3,4.4,0.0,120,,,,,,,,,,13,,,0.98,0.6,
HP003,"Telur bebek, dadar, masakan",Telur,KZGPI-1990,55.1,301,20.0,23.7,0.0,0.0,71,,,,,,,,,,,,,,,
HP004,"Ikan, telur, asin, mentah",Telur,KZGMI-2001,37.8,358,20.7,26.4,9.4,0.0,48,,,,,,,,3.0,,0,,,0.54,2.1,
HP005,"Bayau mi balu, masakan",Telur,KGZMI-2001,36.1,313,6.0,12.2,44.8,,,,,,,,,,,,89,,,0.27,9.7,
HP006,"Cucuru bayau, masakan",Telur,KGZMI-2001,35.0,349,6.8,18.7,38.3,,,,,,,,,,,,123,,,0.25,0.0,
HP007,"Kalio telur, masakan",Telur,KZGMS-1993,79.0,193,10.6,12.4,9.7,,148,,,,,,,,,,,,,,,
JR001,"Kepala susu - krim, segar",Susu,DABM-1964,72.5,204,2.6,20.0,4.0,0.0,,,,,0.1,,,,,,,,,,,1
JR002,Susu ibu - ASI,Susu,FCTEA-1972,88.1,62,1.5,3.2,7.0,0.0,,,,,0.2,,,,0.01,,,,,,,
JR003,"Susu kambing, segar",Susu,DABM-1964,85.9,64,4.3,2.3,6.6,0.0,,,,,2.7,,,,0.33,,,,,,,1
JR004,"Susu kerbau, segar",Susu,DABM-1964,73.8,160,6.3,12.0,7.1,,,,,,0.2,,,,,,,,,,,1
JR005,"Susu kuda, segar",Susu,FCTEA-1972,91.0,40,2.0,1.1,5.4,0.0,,,,,,,,,0.00,,,,,,,
JR006,"Susu sapi, segar",Susu,DABM-1964,88.3,61,3.2,3.5,4.3,0.0,,,,,1.7,,,,0.02,,,,,,,1
JP001,Es krim,Susu,DABM-1964,62.1,210,4.0,12.5,20.6,0.0,,,,,0.1,,,,0.00,,,,,,,1
JP002,Hangop,Susu,DABM-1964,84.0,65,10.0,1.0,3.5,0.0,,,,,0.2,,,,0.00,,,,,,,
JP003,Keju,Susu,DABM-1964,38.5,326,22.8,20.3,13.1,0.0,,,,,1.5,,,,0.03,,,,,,,1
JP004,Kwark (Quark),Susu,DABM-1964,59.0,242,19.0,17.0,3.0,0.0,,,,,0.5,,,,0.01,,,,,,,
JP005,"Susu asam untuk bayi, bubuk",Susu,DABM-1964,2.5,418,19.0,9.0,65.5,0.0,,,,,7.0,,,,0.00,,,,,,,30
JP006,Susu bubuk,Susu,DABM-1964,3.5,513,24.6,30.0,36.2,0.0,,,,,0.6,,,,0.02,,,,,,,6
JP007,Susu kental manis,Susu,DABM-1964,25.0,343,8.2,10.0,55.0,0.0,,,,,0.2,,,,0.02,,,,,,,1
JP008,Susu kental tak manis,Susu,DABM-1964,73.7,138,7.0,7.9,9.9,,,,,,0.2,,,,,,,,,,,1
JP009,"Susu skim, bubuk",Susu,DABM-1964,3.5,359,35.6,1.0,52.0,0.0,,,,,0.6,,,,0.04,,,,,,,7
JP010,"Susu skim, segar",Susu,DABM-1964,90.5,36,3.5,0.1,5.1,,,,,,0.1,,,,,,,,,,,1
JP011,"Yoghurt, segar",Susu,DABM-1964,88.0,52,3.3,2.5,4.0,0.0,,,,,0.1,,,,0.01,,,,,,,0
KR001,"Kelapa setengah tua, daging, segar",Lemak & Minyak,DABM-1964,70.0,180,4.0,15.0,,2.4,,8,1.3,,317.7,,2.9,,,,,,0.1,53,,
KR002,"Kelapa tua, daging, segar",Lemak & Minyak,DABM-1964,46.9,359,3.4,34.7,,4.7,,21,2.0,,293.9,,1.1,0,,,,,0.0,53,,
KR003,Lemak babi (lard),Lemak & Minyak,DABM-1964,0.0,902,0.0,100.0,,0.0,,0,0.0,,0.0,,0.1,0,,,,,0.0,100,,
KR004,Lemak babi (bacon),Lemak & Minyak,DABM-1964,20.0,626,9.1,65.0,,0.0,,13,0.8,,0.0,,0.9,0,,,,,0.0,100,,
KR005,Lemak ikan,Lemak & Minyak,KZGMI-2001,43.3,372,12.0,29.4,,0.0,,20,32.7,,52.0,,1.1,,,,,,,100,,
KR006,Lemak kerbau (lemak sapi),Lemak & Minyak,DABM-1964,5.0,818,1.5,90.0,,0.0,,0,0.0,,25.8,,0.0,0,,,,,0.7,100,,
KR007,"Minyak hiu, hati",Lemak & Minyak,DABM-1964,0.0,902,0.0,100.0,,0.0,,0,0.0,,0.0,,0.0,21212,,,,,0.0,100,,
KR008,Minyak ikan,Lemak & Minyak,DABM-1964,0.0,902,0.0,100.0,,0.0,,0,0.0,,0.0,,0.0,24242,,,,,0.0,100,,
KR009,Minyak kacang tanah,Lemak & Minyak,DABM-1964,0.0,902,0.0,100.0,,0.0,,0,0.0,,0.0,,0.0,0,,,,,0.0,100,,
KR010,Minyak kedelai,Lemak & Minyak,FCTEA-1972,0.1,883,0.0,99.9,,0.0,,0,0.0,,0.1,,0.0,0,,,,,0.0,100,,
KR011,Minyak kelapa,Lemak & Minyak,DABM-1964,0.0,870,1.0,98.0,,0.0,,0,0.0,,0.0,,0.0,0,,,,,0.0,100,,
KR012,Minyak kelapa sawit,Lemak & Minyak,DABM-1964,0.0,884,0.0,100.0,,0.0,,0,0.0,,0.0,,0.0,,,,,,0.0,100,,
KR013,Minyak wijen,Lemak & Minyak,FCTEA-1972,0.1,881,0.2,99.7,,0.0,,10,0.1,,20.0,,0.0,0,,,,,0.1,100,,
KR014,Minyak zaitun,Lemak & Minyak,DABM- 1964,0.0,884,0.0,100.0,,0.0,,14,1.2,,0.0,,0.0,,,,,,5.0,100,,
KP001,Margarin,Lemak & Minyak,DABM-1964,15.5,720,0.6,81.0,,0.0,,20,0.0,,25.9,,0.0,606,,,,,0.0,100,,
KP002,Mentega,Lemak & Minyak,DABM- 1964,16.0,742,0.5,81.6,,0.0,,15,1.1,,103.0,,0.4,1000,,,,,0.0,100,,
KP003,Santan (dengan air),Lemak & Minyak,DABM-1964,80.0,122,2.0,10.0,,1.4,,25,0.1,,162.4,,0.4,0,,,,,0.5,100,,
KP004,Santan murni,Lemak & Minyak,DABM-1964,54.9,324,4.2,34.3,,0.0,,14,1.9,,514.1,,0.9,0,,,,,0.5,100,,
MP001,"Coklat manis, batang","Gula, Sirup & Konfeksioneri",DABM- 1964,1.4,527,2.0,,,4.1,,63,287,2.8,,6,,0.00,,,30.0,0.03,,0,,
MP002,"Coklat pahit,batang","Gula, Sirup & Konfeksioneri",DABM- 1964,2.3,615,5.5,,,10.1,,98,446,4.4,,20,,1.70,,2,60.0,0.05,,0,,
MP003,"Coklat susu, batang","Gula, Sirup & Konfeksioneri",DABM- 1964,1.0,565,9.0,,,1.4,,200,200,2.0,,100,,0.49,,54,30.0,0.08,,0,,
MP004,Coklat bubuk,"Gula, Sirup & Konfeksioneri",DABM- 1964,3.9,311,8.0,,,15.4,,125,715,11.6,,,,,,,30.0,0.12,,,,
MP005,Gula aren,"Gula, Sirup & Konfeksioneri",DABM- 1964,7.0,368,0.0,,,1.0,,75,35,3.0,,15,,0.04,,0,,0.00,,0,,
MP006,Gula kelapa,"Gula, Sirup & Konfeksioneri",DABM- 1964,10.0,386,3.0,,,1.0,,76,37,2.6,,2,,0.00,,0,,0.00,,0,,
MP007,Gula putih,"Gula, Sirup & Konfeksioneri",DABM- 1964,5.4,394,0.0,,,0.6,,5,1,0.1,,1,,0.00,,0,,0.00,,0,,
MP008,"Jam, selai","Gula, Sirup & Konfeksioneri",DABM- 1964,34.0,239,0.5,,,0.4,,20,20,1.0,,30,,0.09,,0,,0.01,,0,,
MP009,Kopi bubuk instant,"Gula, Sirup & Konfeksioneri",FCTEA-1972,2.6,129,12.3,,,9.7,,179,383,5.6,,72,,0.14,,0,0.0,0.00,,0,,
MP010,Madu,"Gula, Sirup & Konfeksioneri",DABM- 1964,20.0,294,0.3,,,0.2,,5,16,0.9,,6,,0.04,,0,,0.00,,4,,
MP011,Markisa squash,"Gula, Sirup & Konfeksioneri",KZGMI-2001,46.7,217,2.5,,,0.2,,6,83,0.6,,14,,0.00,,23,75.0,0.07,,14,,
MP012,"Markisa squash, BD","Gula, Sirup & Konfeksioneri",KZGMI-2001,74.4,104,1.2,,,0.2,,1,88,0.5,,40,,0.00,,7,40.0,0.20,,12,,
MP013,Melase,"Gula, Sirup & Konfeksioneri",DABM- 1964,21.2,276,,,,7.7,,6,83,0.6,,14,,0.00,,0,,0.04,,0,,
MP014,Sirup,"Gula, Sirup & Konfeksioneri",DABM- 1964,44.0,213,0.0,,,1.0,,0,0,0.0,,3,,,,0,,0.00,,,,
MP015,Sirup pirous,"Gula, Sirup & Konfeksioneri",KZGMI-2001,43.3,228,0.2,,,0.2,,470,93,29.5,,3,,,,0,0.0,0.00,,8,,
MP016,Teh hijau daun kering,"Gula, Sirup & Konfeksioneri",FCTEA-1972,7.7,300,28.3,,,5.6,,245,415,18.9,,60,,0.50,,8400,,0.38,,23 0,,
MP017,Teh hitam daun kering,"Gula, Sirup & Konfeksioneri",FCTEA-1972,8.0,293,24.5,,,5.9,,327,313,24.3,,50,,0.00,,2700,,0.07,,9,,
MP018,Teh melati daun kering,"Gula, Sirup & Konfeksioneri",FCTEA-1972,8.1,299,24.1,,,5.3,,320,185,31.6,,70,,0.53,,8400,,0.07,,85,,
NR001,"Asam arang coklat, segar",Bumbu,KZGPI- 1990,66.1,130,0.5,1.1,30.9,1.5,1.4,,,,,,,,,,745,,,0.20,0.0,0
NR002,"Asam arang merah, segar",Bumbu,KZGPI- 1990,75.9,99,0.8,1.6,20.3,2.8,1.4,,,,,,96,,,0.1,529,,,0.34,1.6,0
NR003,"Asan kandis, kering",Bumbu,KZGPI- 1990,32.2,261,0.9,1.6,63.3,5.0,2.0,,,,,,341,,,0.3,0,,,0.00,0.4,0
NR004,"Asam kandis, segar",Bumbu,KZGPI- 1990,81.5,75,0.2,1.1,16.1,3.4,1.1,,,,,,93,,,0.1,41,,,0.00,0.1,0
NR005,"Asam masak pohon, segar",Bumbu,DABM-1964,31.4,267,2.8,0.6,62.5,1.2,2.7,,,,,,139,,,0.1,9,,,0.04,0.7,2
NR006,"Asam payak, segar",Bumbu,KZGPI- 1990,65.1,135,0.8,0.4,32.1,10.0,1.6,,,,,,,,,,,,,,,0
NR007,"Bawang merah, segar",Bumbu,DABM-1964,88.0,46,1.5,0.3,9.2,1.7,1.0,,,,,,179,,,0.2,2,,,0.04,0.2,2
NR008,"Bawang putih, segar",Bumbu,DABM-1964,71.0,112,4.5,0.2,23.1,0.6,1.8,,,,,,666,,,0.4,0,,,0.07,0.3,15
NR009,"Boros kunci, segar",Bumbu,DABM-1964,90.0,40,1.0,0.8,7.2,1.0,1.0,,,,,,480,,,0.3,0,,,0.68,1.7,50
NR010,"Boros laja (lengkuas), segar",Bumbu,DABM-1964,93.0,26,1.0,0.3,4.7,1.1,1.0,,,,,,137,,,0.3,5,,,0.06,0.3,50
NR011,"Cabai gembor merah, segar",Bumbu,KZGPI- 1990,90.8,38,1.6,0.8,6.3,1.6,0.6,,,,,,275,,,0.2,5897,,,0.12,0.0,16
NR012,"Cabai hijau, segar",Bumbu,DABM-1964,93.4,26,0.7,0.3,5.2,2.6,0.4,,,,,,151.0,,,0.2,44,,,0.06,0.4,84
NR013,"Cabai merah, kering",Bumbu,DABM-1964,10.0,367,15.9,6.2,61.8,26.9,6.1,,,,,,181.5,,,1.8,1095 5,,,1.36,4.4,50
NR014,"Cabai merah, segar",Bumbu,DABM-1964,90.9,36,1.0,0.3,7.3,1.4,0.5,,,,,,272.4,,,0.2,5833,,,0.09,3.0,18
NR015,"Cabai rawit, segar",Bumbu,DABM-1964,71.2,120,4.7,2.4,19.9,15.2,1.8,,,,,,706.2,,,0.6,1694,,,0.09,1.7,70
NR016,"Cengkeh, kering",Bumbu,DABM-1964,23.3,330,5.2,8.9,57.4,10.0,5.2,,,,,,961.0,,,0.0,265,,,0.00,0.0,
NR017,"Daun salam, bubuk",Bumbu,FCTEA-1972,13.1,301,14.2,10.9,49.0,9.4,12.8,,,,,,619.0,,,0.7,5400,,,0.32,5.0,0
NR018,"Jahe, segar",Bumbu,DABM-1964,55.0,51,1.5,1.0,10.1,12.0,1.2,,,,,,441.7,,,0.7,0,,,0.17,3.3,4
NR019,Kemiri,Bumbu,DABM-1964,7.0,675,19.0,63.0,8.0,3.0,3.0,,,,,,430.7,,,0.8,0,,,0.06,0.4,0
NR020,"Ketumbar, kering",Bumbu,DABM-1964,11.2,418,14.1,16.1,54.2,12.3,4.4,,,,,,1787.0,,,4.6,75,,,0.35,1.8,0
NR021,Kluwek,Bumbu,DABM-1964,51.0,310,10.0,24.0,13.5,,1.5,,,,,,,,,,,,,,,30
NR022,"Kunyit, segar",Bumbu,DABM-1964,84.9,69,2.0,2.7,9.1,0.6,1.3,,,,,,406.7,,,0.4,12,,,,1,78
NR023,"Merica, kering",Bumbu,DABM-1964,12.9,365,11.5,6.8,64.4,1.0,4.4,,,,,,99.7,,,1.1,0,,,,,100
NR024,"Pala, biji, kering",Bumbu,DABM-1964,14.3,518,7.5,36.4,40.1,3.5,1.7,,,,,,78.7,,,2.0,7,,,,0,95
NP001,Balichong,Bumbu,KZGMI-2001,59.9,152,13.2,0.8,22.9,1.5,3.6,,,,,,310.0,,,1.1,0,,,,,
NP002,Bekasam,Bumbu,KZGMI-2001,65.5,116,11.9,4.9,6.1,3.5,11.6,,,,,,176.0,,,1.9,0,,,,,
NP003,Bekasang,Bumbu,KZGMI-2001,67.1,78,11.4,2.0,3.6,0.4,15.9,,,,,,121.0,,,4.8,,,,,,
NP004,Cuka,Bumbu,DABM-1964,94.5,21,0.1,0.1,5.0,0.0,0.3,,,,,,37.8,,,0.0,0,,,,,100
NP005,Kecap,Bumbu,DABM-1964,63.0,71,5.7,1.3,9.0,0.0,21.0,,,,,,,,,,,,,,0,100
NP006,Petis ikan,Bumbu,DABM-1964,56.0,165,20.0,0.2,20.8,,3.0,,,,,,,,,,,,,,0,100
NP007,Petis udang kering,Bumbu,KZGPI- 1990,8.3,345,23.8,1.4,59.3,0.0,7.1,,,,,,462.8,,,1.9,0,,,,0,100
NP008,Petis udang pasta,Bumbu,DABM-1964,39.0,220,15.0,0.9,38.0,2.3,7.1,,,,,,307.9,,,1.3,0,,,,0,100
NP009,Saos tomat,Bumbu,DABM-1964,69.5,110,2.0,0.4,24.5,0.9,3.6,,,,,,129.6,,,0.3,357,,,,11,100
NP010,Tempoya,Bumbu,KZGMI-2001,70.1,110,1.7,1.3,21.9,2.6,5.0,,,,,,486.3,,,,71,,,,0,100
NP011,Terasi,Bumbu,KZGPI- 1990,33.8,155,22.3,2.9,9.9,2.7,31.1,,,,,,821.4,,,2.4,0,,,,0,100
NP012,Terasi dobo,Bumbu,KZGMI-2001,58.4,191,33.1,3.6,6.6,1.6,11.5,,,,,,1260.0,,,5.0,0,,,,,100
NP013,Terasi merah,Bumbu,DABM-1964,40.0,174,30.0,3.5,5.6,2.2,20.4,,,,,,302.8,,,1.2,0,,,,0,100
QR001,"Kelapa muda, air, segar",Minuman,DABM-1964,95.5,17,0.2,0.1,3.8,0.0,0.4,,,,,,149.0,,,0.1,0,,0.00,0.0,100,
